1721486226,39,Snowfall.S01E01.1080p.WEBRip.x265-RARBG,/run/media/btw/8TB/mediarr/media/tv/Snowfall (2017)/Season 1/Snowfall (2017) - S01E01 - Pilot [WEBRip-1080p][AAC 5.1][x265]-RARBG.mp4,187
1721486298,39,Snowfall.S01E01.1080p.WEBRip.x265-RARBG,/run/media/btw/8TB/mediarr/media/tv/Snowfall (2017)/Season 1/Snowfall (2017) - S01E01 - Pilot [WEBRip-1080p][AAC 5.1][x265]-RARBG.mp4,187
1721486339,39,Snowfall.S01E01.1080p.WEBRip.x265-RARBG,/run/media/btw/8TB/mediarr/media/tv/Snowfall (2017)/Season 1/Snowfall (2017) - S01E01 - Pilot [WEBRip-1080p][AAC 5.1][x265]-RARBG.mp4,187
1721486389,39,Snowfall.S01E01.1080p.WEBRip.x265-RARBG,/run/media/btw/8TB/mediarr/media/tv/Snowfall (2017)/Season 1/Snowfall (2017) - S01E01 - Pilot [WEBRip-1080p][AAC 5.1][x265]-RARBG.mp4,187
1721486645,39,Snowfall.S01E02.1080p.WEBRip.x265-RARBG,/run/media/btw/8TB/mediarr/media/tv/Snowfall (2017)/Season 1/Snowfall (2017) - S01E02 - Make Them Birds Fly [WEBRip-1080p][AAC 5.1][x265]-RARBG.mp4,201
1721486789,39,Snowfall.S01E02.1080p.WEBRip.x265-RARBG,/run/media/btw/8TB/mediarr/media/tv/Snowfall (2017)/Season 1/Snowfall (2017) - S01E02 - Make Them Birds Fly [WEBRip-1080p][AAC 5.1][x265]-RARBG.mp4,201
1721486868,39,Snowfall.S01E02.1080p.WEBRip.x265-RARBG,/run/media/btw/8TB/mediarr/media/tv/Snowfall (2017)/Season 1/Snowfall (2017) - S01E02 - Make Them Birds Fly [WEBRip-1080p][AAC 5.1][x265]-RARBG.mp4,201
1721486927,39,Snowfall.S01E02.1080p.WEBRip.x265-RARBG,/run/media/btw/8TB/mediarr/media/tv/Snowfall (2017)/Season 1/Snowfall (2017) - S01E02 - Make Them Birds Fly [WEBRip-1080p][AAC 5.1][x265]-RARBG.mp4,201
1721487186,39,Snowfall.S01E02.1080p.WEBRip.x265-RARBG,/run/media/btw/8TB/mediarr/media/tv/Snowfall (2017)/Season 1/Snowfall (2017) - S01E02 - Make Them Birds Fly [WEBRip-1080p][AAC 5.1][x265]-RARBG.mp4,201
1721487455,39,Snowfall.S01E02.1080p.WEBRip.x265-RARBG,/run/media/btw/8TB/mediarr/media/tv/Snowfall (2017)/Season 1/Snowfall (2017) - S01E02 - Make Them Birds Fly [WEBRip-1080p][AAC 5.1][x265]-RARBG.mp4,201
1721487477,39,Snowfall.S01E02.1080p.WEBRip.x265-RARBG,/run/media/btw/8TB/mediarr/media/tv/Snowfall (2017)/Season 1/Snowfall (2017) - S01E02 - Make Them Birds Fly [WEBRip-1080p][AAC 5.1][x265]-RARBG.mp4,201
1721487513,39,Snowfall.S01E02.1080p.WEBRip.x265-RARBG,/run/media/btw/8TB/mediarr/media/tv/Snowfall (2017)/Season 1/Snowfall (2017) - S01E02 - Make Them Birds Fly [WEBRip-1080p][AAC 5.1][x265]-RARBG.mp4,201
1721487557,39,Snowfall.S01E02.1080p.WEBRip.x265-RARBG,/run/media/btw/8TB/mediarr/media/tv/Snowfall (2017)/Season 1/Snowfall (2017) - S01E02 - Make Them Birds Fly [WEBRip-1080p][AAC 5.1][x265]-RARBG.mp4,201
1721487578,39,Snowfall.S01E02.1080p.WEBRip.x265-RARBG,/run/media/btw/8TB/mediarr/media/tv/Snowfall (2017)/Season 1/Snowfall (2017) - S01E02 - Make Them Birds Fly [WEBRip-1080p][AAC 5.1][x265]-RARBG.mp4,201
1721487594,39,Snowfall.S01E02.1080p.WEBRip.x265-RARBG,/run/media/btw/8TB/mediarr/media/tv/Snowfall (2017)/Season 1/Snowfall (2017) - S01E02 - Make Them Birds Fly [WEBRip-1080p][AAC 5.1][x265]-RARBG.mp4,201
1721487622,39,Snowfall.S01E02.1080p.WEBRip.x265-RARBG,/run/media/btw/8TB/mediarr/media/tv/Snowfall (2017)/Season 1/Snowfall (2017) - S01E02 - Make Them Birds Fly [WEBRip-1080p][AAC 5.1][x265]-RARBG.mp4,201
1721487632,39,Snowfall.S01E02.1080p.WEBRip.x265-RARBG,/run/media/btw/8TB/mediarr/media/tv/Snowfall (2017)/Season 1/Snowfall (2017) - S01E02 - Make Them Birds Fly [WEBRip-1080p][AAC 5.1][x265]-RARBG.mp4,201
1721487910,39,Snowfall.S01E02.1080p.WEBRip.x265-RARBG,/run/media/btw/8TB/mediarr/media/tv/Snowfall (2017)/Season 1/Snowfall (2017) - S01E02 - Make Them Birds Fly [WEBRip-1080p][AAC 5.1][x265]-RARBG.mp4,201
1721487930,39,Snowfall.S01E02.1080p.WEBRip.x265-RARBG,/run/media/btw/8TB/mediarr/media/tv/Snowfall (2017)/Season 1/Snowfall (2017) - S01E02 - Make Them Birds Fly [WEBRip-1080p][AAC 5.1][x265]-RARBG.mp4,201
1721487937,39,Snowfall.S01E02.1080p.WEBRip.x265-RARBG,/run/media/btw/8TB/mediarr/media/tv/Snowfall (2017)/Season 1/Snowfall (2017) - S01E02 - Make Them Birds Fly [WEBRip-1080p][AAC 5.1][x265]-RARBG.mp4,201
1721487961,39,Snowfall.S01E02.1080p.WEBRip.x265-RARBG,/run/media/btw/8TB/mediarr/media/tv/Snowfall (2017)/Season 1/Snowfall (2017) - S01E02 - Make Them Birds Fly [WEBRip-1080p][AAC 5.1][x265]-RARBG.mp4,201
1721487975,39,Snowfall.S01E02.1080p.WEBRip.x265-RARBG,/run/media/btw/8TB/mediarr/media/tv/Snowfall (2017)/Season 1/Snowfall (2017) - S01E02 - Make Them Birds Fly [WEBRip-1080p][AAC 5.1][x265]-RARBG.mp4,201
1721488007,39,Snowfall.S01E02.1080p.WEBRip.x265-RARBG,/run/media/btw/8TB/mediarr/media/tv/Snowfall (2017)/Season 1/Snowfall (2017) - S01E02 - Make Them Birds Fly [WEBRip-1080p][AAC 5.1][x265]-RARBG.mp4,201
1721488038,39,Snowfall.S01E02.1080p.WEBRip.x265-RARBG,/run/media/btw/8TB/mediarr/media/tv/Snowfall (2017)/Season 1/Snowfall (2017) - S01E02 - Make Them Birds Fly [WEBRip-1080p][AAC 5.1][x265]-RARBG.mp4,201
1721488061,39,Snowfall.S01E02.1080p.WEBRip.x265-RARBG,/run/media/btw/8TB/mediarr/media/tv/Snowfall (2017)/Season 1/Snowfall (2017) - S01E02 - Make Them Birds Fly [WEBRip-1080p][AAC 5.1][x265]-RARBG.mp4,201
1721488089,39,Snowfall.S01E02.1080p.WEBRip.x265-RARBG,/run/media/btw/8TB/mediarr/media/tv/Snowfall (2017)/Season 1/Snowfall (2017) - S01E02 - Make Them Birds Fly [WEBRip-1080p][AAC 5.1][x265]-RARBG.mp4,201
1721488399,39,Snowfall.S01E02.1080p.WEBRip.x265-RARBG,/run/media/btw/8TB/mediarr/media/tv/Snowfall (2017)/Season 1/Snowfall (2017) - S01E02 - Make Them Birds Fly [WEBRip-1080p][AAC 5.1][x265]-RARBG.mp4,201
1721488904,39,Snowfall.S01E02.1080p.WEBRip.x265-RARBG,/run/media/btw/8TB/mediarr/media/tv/Snowfall (2017)/Season 1/Snowfall (2017) - S01E02 - Make Them Birds Fly [WEBRip-1080p][AAC 5.1][x265]-RARBG.mp4,201
1721489001,39,Snowfall.S01E02.1080p.WEBRip.x265-RARBG,/run/media/btw/8TB/mediarr/media/tv/Snowfall (2017)/Season 1/Snowfall (2017) - S01E02 - Make Them Birds Fly [WEBRip-1080p][AAC 5.1][x265]-RARBG.mp4,201
1721489064,39,Snowfall.S01E02.1080p.WEBRip.x265-RARBG,/run/media/btw/8TB/mediarr/media/tv/Snowfall (2017)/Season 1/Snowfall (2017) - S01E02 - Make Them Birds Fly [WEBRip-1080p][AAC 5.1][x265]-RARBG.mp4,201
1721489104,39,Snowfall.S01E02.1080p.WEBRip.x265-RARBG,/run/media/btw/8TB/mediarr/media/tv/Snowfall (2017)/Season 1/Snowfall (2017) - S01E02 - Make Them Birds Fly [WEBRip-1080p][AAC 5.1][x265]-RARBG.mp4,201
1721489163,39,Snowfall.S01E02.1080p.WEBRip.x265-RARBG,/run/media/btw/8TB/mediarr/media/tv/Snowfall (2017)/Season 1/Snowfall (2017) - S01E02 - Make Them Birds Fly [WEBRip-1080p][AAC 5.1][x265]-RARBG.mp4,201
1721489170,39,Snowfall.S01E02.1080p.WEBRip.x265-RARBG,/run/media/btw/8TB/mediarr/media/tv/Snowfall (2017)/Season 1/Snowfall (2017) - S01E02 - Make Them Birds Fly [WEBRip-1080p][AAC 5.1][x265]-RARBG.mp4,201
1721489300,39,Snowfall.S01E02.1080p.WEBRip.x265-RARBG,/run/media/btw/8TB/mediarr/media/tv/Snowfall (2017)/Season 1/Snowfall (2017) - S01E02 - Make Them Birds Fly [WEBRip-1080p][AAC 5.1][x265]-RARBG.mp4,201
1721489310,39,Snowfall.S01E02.1080p.WEBRip.x265-RARBG,/run/media/btw/8TB/mediarr/media/tv/Snowfall (2017)/Season 1/Snowfall (2017) - S01E02 - Make Them Birds Fly [WEBRip-1080p][AAC 5.1][x265]-RARBG.mp4,201
1721489354,21,Episode 1,  Episode 2,https://001.emy.mx//Videos/1292374/stream?static=true&api_key=9665f84b20b04c6187f0766b57abd144,130
1721489445,39,Snowfall.S01E02.1080p.WEBRip.x265-RARBG,/run/media/btw/8TB/mediarr/media/tv/Snowfall (2017)/Season 1/Snowfall (2017) - S01E02 - Make Them Birds Fly [WEBRip-1080p][AAC 5.1][x265]-RARBG.mp4,201
1721489492,8,The Ship,https://001.emy.mx//Videos/1287276/stream?static=true&api_key=9665f84b20b04c6187f0766b57abd144,116
1721491072,39,Snowfall.S01E02.1080p.WEBRip.x265-RARBG,/run/media/btw/8TB/mediarr/media/tv/Snowfall (2017)/Season 1/Snowfall (2017) - S01E02 - Make Them Birds Fly [WEBRip-1080p][AAC 5.1][x265]-RARBG.mp4,201
1721502457,39,Snowfall.S01E01.1080p.WEBRip.x265-RARBG,/mnt/8tb/mediarr/media/tv/Snowfall (2017)/Season 1/Snowfall (2017) - S01E01 - Pilot [WEBRip-1080p][AAC 5.1][x265]-RARBG.mp4,177
1721502468,39,Snowfall.S01E09.1080p.WEBRip.x265-RARBG,/mnt/8tb/mediarr/media/tv/Snowfall (2017)/Season 1/Snowfall (2017) - S01E09 - Story of a Scar [WEBRip-1080p][AAC 5.1][x265]-RARBG.mp4,187
1721502527,39,Snowfall.S01E01.1080p.WEBRip.x265-RARBG,/mnt/8tb/mediarr/media/tv/Snowfall (2017)/Season 1/Snowfall (2017) - S01E01 - Pilot [WEBRip-1080p][AAC 5.1][x265]-RARBG.mp4,177
1721502539,39,Snowfall.S01E02.1080p.WEBRip.x265-RARBG,/mnt/8tb/mediarr/media/tv/Snowfall (2017)/Season 1/Snowfall (2017) - S01E02 - Make Them Birds Fly [WEBRip-1080p][AAC 5.1][x265]-RARBG.mp4,191
1721502541,39,Snowfall.S01E03.1080p.WEBRip.x265-RARBG,/mnt/8tb/mediarr/media/tv/Snowfall (2017)/Season 1/Snowfall (2017) - S01E03 - Slow Hand [WEBRip-1080p][AAC 5.1][x265]-RARBG.mp4,181
1721502541,39,Snowfall.S01E04.1080p.WEBRip.x265-RARBG,/mnt/8tb/mediarr/media/tv/Snowfall (2017)/Season 1/Snowfall (2017) - S01E04 - Trauma [WEBRip-1080p][AAC 5.1][x265]-RARBG.mp4,178
1721502543,,,/mnt/8tb/mediarr/media/tv/Snowfall (2017)/Season 1/Snowfall (2017) - S01E05 - seven-four [WEBRip-1080p][AAC 5.1][x265]-RARBG [00.00.02.878].png,156
1721502560,,,/mnt/8tb/mediarr/media/tv/Snowfall (2017)/Season 1/Snowfall (2017) - S01E05 - seven-four [WEBRip-1080p][AAC 5.1][x265]-RARBG [00.00.09.384].png,156
1721502636,39,Snowfall.S01E09.1080p.WEBRip.x265-RARBG,/mnt/8tb/mediarr/media/tv/Snowfall (2017)/Season 1/Snowfall (2017) - S01E09 - Story of a Scar [WEBRip-1080p][AAC 5.1][x265]-RARBG.mp4,187
1721502714,39,Snowfall.S01E09.1080p.WEBRip.x265-RARBG,/mnt/8tb/mediarr/media/tv/Snowfall (2017)/Season 1/Snowfall (2017) - S01E09 - Story of a Scar [WEBRip-1080p][AAC 5.1][x265]-RARBG.mp4,187
1721518548,20,The Name of the Game,https://001.emy.mx//Videos/1554474/stream?static=true&api_key=9665f84b20b04c6187f0766b57abd144,129
1721519301,,,rtmp://localhost/live/test,39
1721519399,,,rtmp://localhost/live/test,39
1721519437,,,rtmp://localhost/live/test,39
1721520469,,,rtmp://localhost/live/test,39
1721561209,39,Snowfall.S01E01.1080p.WEBRip.x265-RARBG,/mnt/8tb/mediarr/media/tv/Snowfall (2017)/Season 1/Snowfall (2017) - S01E01 - Pilot [WEBRip-1080p][AAC 5.1][x265]-RARBG.mp4,177
1721561231,39,Snowfall.S01E01.1080p.WEBRip.x265-RARBG,/mnt/8tb/mediarr/media/tv/Snowfall (2017)/Season 1/Snowfall (2017) - S01E01 - Pilot [WEBRip-1080p][AAC 5.1][x265]-RARBG.mp4,177
1721568829,39,Snowfall.S01E10.1080p.WEBRip.x265-RARBG,/mnt/8tb/mediarr/media/tv/Snowfall (2017)/Season 1/Snowfall (2017) - S01E10 - The Rubicon [WEBRip-1080p][AAC 5.1][x265]-RARBG.mp4,183
1721568842,39,Snowfall.S01E09.1080p.WEBRip.x265-RARBG,/mnt/8tb/mediarr/media/tv/Snowfall (2017)/Season 1/Snowfall (2017) - S01E09 - Story of a Scar [WEBRip-1080p][AAC 5.1][x265]-RARBG.mp4,187
1721574138,39,Snowfall.S01E09.1080p.WEBRip.x265-RARBG,/mnt/8tb/mediarr/media/tv/Snowfall (2017)/Season 1/Snowfall (2017) - S01E09 - Story of a Scar [WEBRip-1080p][AAC 5.1][x265]-RARBG.mp4,187
1721574157,39,Snowfall.S01E09.1080p.WEBRip.x265-RARBG,/mnt/8tb/mediarr/media/tv/Snowfall (2017)/Season 1/Snowfall (2017) - S01E09 - Story of a Scar [WEBRip-1080p][AAC 5.1][x265]-RARBG.mp4,187
1721574356,,,https://001.emy.mx/emby/videos/1560012/master.m3u8?DeviceId=531afdb5-e045-4122-8dfb-4064e8055643&MediaSourceId=df129402e52d97a9671556582362ae31&PlaySessionId=97c04d1bcadc4a71827b13ee13a93cfd&api_key=40cfa08cdb694b76a25b2859e25d8055&VideoCodec=h264,av1&AudioCodec=mp3,aac&VideoBitrate=159744000&AudioBitrate=256000&MaxWidth=3840&AudioStreamIndex=1&SubtitleStreamIndex=27&SubtitleMethod=Hls&TranscodingMaxAudioChannels=2&SegmentContainer=ts&MinSegments=1&BreakOnNonKeyFrames=True&SubtitleStreamIndexes=2,3,4,5,6,27&ManifestSubtitles=vtt&h264-profile=high,main,baseline,constrainedbaseline,high10&h264-level=62&TranscodeReasons=AudioCodecNotSupported,660
1721574513,39,Snowfall.S01E09.1080p.WEBRip.x265-RARBG,/mnt/8tb/mediarr/media/tv/Snowfall (2017)/Season 1/Snowfall (2017) - S01E09 - Story of a Scar [WEBRip-1080p][AAC 5.1][x265]-RARBG.mp4,187
1721574521,39,Snowfall.S01E10.1080p.WEBRip.x265-RARBG,/mnt/8tb/mediarr/media/tv/Snowfall (2017)/Season 1/Snowfall (2017) - S01E10 - The Rubicon [WEBRip-1080p][AAC 5.1][x265]-RARBG.mp4,183
1721579211,,,rtmp://localhost/live/test,39
1721579359,,,rtmp://localhost/live/test,39
1721579795,,,rtmp://localhost/live/test,39
1721579811,,,rtmp://localhost/live/test,39
1721580829,,,rtmp://localhost/live/test,39
1721581253,,,rtmp://localhost/live/test,39
1721581632,,,rtmp://localhost/live/test,39
1721604950,,,/home/btw/2024-07-22 02-34-35.mkv,46
1721605242,,,/home/btw/2024-07-22 02-40-04.mkv,46
1721605409,,,/home/btw/2024-07-22 02-42-48.mkv,46
1721605610,,,/home/btw/2024-07-22 02-45-57.mkv,46
1721605839,,,/home/btw/2024-07-22 02-49-49.mkv,46
1721610989,39,Snowfall.S02E01.1080p.WEBRip.x265-RARBG,/mnt/8tb/mediarr/media/tv/Snowfall (2017)/Season 2/Snowfall (2017) - S02E01 - Sightlines [WEBRip-1080p][AAC 5.1][x265]-RARBG.mp4,182
1721611423,,,/mnt/8tb/mediarr/media/tv/Snowfall (2017)/Season 2/Snowfall.2017.S02E01.Sightlines.2160p.DSNP.WEB-DL.DDP5.1.HDR.HEVC-MZABI.mkv,139
1721648152,3,TBA,https://001.emy.mx//Videos/1599053/stream?static=true&api_key=9665f84b20b04c6187f0766b57abd144,111
1721648345,,,https://001.emy.mx/emby/videos/1599052/master.m3u8?DeviceId=531afdb5-e045-4122-8dfb-4064e8055643&MediaSourceId=e19e421acc4cff5bebad26c355b64e47&PlaySessionId=a02e832b42f3447b810e036ff9f6b142&api_key=40cfa08cdb694b76a25b2859e25d8055&VideoCodec=h264,av1&AudioCodec=mp3,aac&VideoBitrate=159616000&AudioBitrate=384000&MaxWidth=3840&AudioStreamIndex=1&SubtitleStreamIndex=5&SubtitleMethod=Hls&TranscodingMaxAudioChannels=2&SegmentContainer=ts&MinSegments=1&BreakOnNonKeyFrames=True&SubtitleStreamIndexes=2,3,4,5&ManifestSubtitles=vtt&h264-profile=high,main,baseline,constrainedbaseline,high10&h264-level=62&TranscodeReasons=AudioCodecNotSupported,654
1721649391,3,TBA,https://001.emy.mx//Videos/1599053/stream?static=true&api_key=9665f84b20b04c6187f0766b57abd144,111
1721660047,3,TBA,/mnt/8tb/mediarr/media/tv/Snowfall (2017)/Season 2/Snowfall.2017.S02E01.Sightlines.2160p.DSNP.WEB-DL.DDP5.1.HDR.HEVC-MZABI.mkv,143
1721660704,,,/home/btw/Downloads/output_video.mp4,49
1721660724,,,/home/btw/Downloads/output_video.mp4,49
1721660739,38,Atlanta.S01E01.1080p.WEBRip.x265-RARBG,/mnt/8tb/mediarr/media/tv/Atlanta (2016)/Season 1/Atlanta (2016) - S01E01 - The Big Bang [WEBRip-1080p][AAC 5.1][x265]-RARBG.mp4,181
1721660756,38,Atlanta.S01E01.1080p.WEBRip.x265-RARBG,/mnt/8tb/mediarr/media/tv/Atlanta (2016)/Season 1/Atlanta (2016) - S01E01 - The Big Bang [WEBRip-1080p][AAC 5.1][x265]-RARBG.mp4,181
1721660862,38,Atlanta.S01E01.1080p.WEBRip.x265-RARBG,/mnt/8tb/mediarr/media/tv/Atlanta (2016)/Season 1/Atlanta (2016) - S01E01 - The Big Bang [WEBRip-1080p][AAC 5.1][x265]-RARBG.mp4,181
1721661188,38,Atlanta.S01E01.1080p.WEBRip.x265-RARBG,/mnt/8tb/mediarr/media/tv/Atlanta (2016)/Season 1/Atlanta (2016) - S01E01 - The Big Bang [WEBRip-1080p][AAC 5.1][x265]-RARBG.mp4,181
1721661205,9,Countdown,https://001.emy.mx//Videos/1527315/stream?static=true&api_key=9665f84b20b04c6187f0766b57abd144,117
1721661831,15,1 Interrogation,https://001.emy.mx//Videos/1597983/stream?static=true&api_key=9665f84b20b04c6187f0766b57abd144,124
1721661916,15,The Rabbit Hole,https://001.emy.mx//Videos/1569417/stream?static=true&api_key=9665f84b20b04c6187f0766b57abd144,124
1721687977,3,TBA,/mnt/8tb/mediarr/media/tv/Snowfall (2017)/Season 2/Snowfall.2017.S02E02.The.Day.2160p.DSNP.WEB-DL.DDP5.1.HDR.HEVC-MZABI.mkv,140
1721688180,,,/mnt/8tb/mediarr/media/tv/Snowfall (2017)/Season 2/Snowfall.2017.S02E02.The.Day.2160p.DSNP.WEB-DL.DDP5.1.HDR.HEVC-MZABI.mkv,136
1721688206,,,/mnt/8tb/mediarr/media/tv/Snowfall (2017)/Season 2/Snowfall.2017.S02E02.The.Day.2160p.DSNP.WEB-DL.DDP5.1.HDR.HEVC-MZABI.mkv,136
1721688467,,,/mnt/8tb/mediarr/media/tv/Snowfall (2017)/Season 2/Snowfall.2017.S02E01.Sightlines.2160p.DSNP.WEB-DL.DDP5.1.HDR.HEVC-MZABI.mkv,139
1721688498,,,/mnt/8tb/mediarr/media/tv/Snowfall (2017)/Season 2/Snowfall.2017.S02E01.Sightlines.2160p.DSNP.WEB-DL.DDP5.1.HDR.HEVC-MZABI.mkv,139
1721688572,,,/mnt/8tb/mediarr/media/tv/Snowfall (2017)/Season 2/Snowfall.2017.S02E01.Sightlines.2160p.DSNP.WEB-DL.DDP5.1.HDR.HEVC-MZABI.mkv,139
1721688606,,,/mnt/8tb/mediarr/media/tv/Snowfall (2017)/Season 2/Snowfall.2017.S02E01.Sightlines.2160p.DSNP.WEB-DL.DDP5.1.HDR.HEVC-MZABI.mkv,139
1721688672,,,/mnt/8tb/mediarr/media/tv/Snowfall (2017)/Season 2/Snowfall.2017.S02E02.The.Day.2160p.DSNP.WEB-DL.DDP5.1.HDR.HEVC-MZABI.mkv,136
1721688682,,,/mnt/8tb/mediarr/media/tv/Snowfall (2017)/Season 2/Snowfall.2017.S02E02.The.Day.2160p.DSNP.WEB-DL.DDP5.1.HDR.HEVC-MZABI.mkv,136
1721688701,,,/mnt/8tb/mediarr/media/tv/Snowfall (2017)/Season 2/Snowfall.2017.S02E02.The.Day.2160p.DSNP.WEB-DL.DDP5.1.HDR.HEVC-MZABI.mkv,136
1721688875,,,/mnt/8tb/mediarr/media/tv/Snowfall (2017)/Season 2/Snowfall.2017.S02E02.The.Day.2160p.DSNP.WEB-DL.DDP5.1.HDR.HEVC-MZABI.mkv,136
1721689113,,,/mnt/8tb/mediarr/media/tv/Snowfall (2017)/Season 2/Snowfall.2017.S02E01.Sightlines.2160p.DSNP.WEB-DL.DDP5.1.HDR.HEVC-MZABI.mkv,139
1721690116,,,/mnt/8tb/mediarr/media/tv/Snowfall (2017)/Season 2/Snowfall.2017.S02E01.Sightlines.2160p.DSNP.WEB-DL.DDP5.1.HDR.HEVC-MZABI.mkv,139
1721690134,,,/mnt/8tb/mediarr/media/tv/Snowfall (2017)/Season 2/Snowfall.2017.S02E02.The.Day.2160p.DSNP.WEB-DL.DDP5.1.HDR.HEVC-MZABI.mkv,136
1721690397,,,/mnt/8tb/mediarr/media/tv/Snowfall (2017)/Season 2/Snowfall.2017.S02E02.The.Day.2160p.DSNP.WEB-DL.DDP5.1.HDR.HEVC-MZABI.mkv,136
1721690910,,,/mnt/8tb/mediarr/media/tv/Snowfall (2017)/Season 2/Snowfall.2017.S02E02.The.Day.2160p.DSNP.WEB-DL.DDP5.1.HDR.HEVC-MZABI.mkv,136
1721691094,,,/mnt/8tb/mediarr/media/tv/Snowfall (2017)/Season 2/Snowfall.2017.S02E02.The.Day.2160p.DSNP.WEB-DL.DDP5.1.HDR.HEVC-MZABI.mkv,136
1721691135,,,/mnt/8tb/mediarr/media/tv/Snowfall (2017)/Season 2/Snowfall.2017.S02E02.The.Day.2160p.DSNP.WEB-DL.DDP5.1.HDR.HEVC-MZABI.mkv,136
1721691214,,,/mnt/8tb/mediarr/media/tv/Snowfall (2017)/Season 2/Snowfall.2017.S02E02.The.Day.2160p.DSNP.WEB-DL.DDP5.1.HDR.HEVC-MZABI.mkv,136
1721691222,,,/mnt/8tb/mediarr/media/tv/Snowfall (2017)/Season 2/Snowfall.2017.S02E02.The.Day.2160p.DSNP.WEB-DL.DDP5.1.HDR.HEVC-MZABI.mkv,136
1721691354,,,/mnt/8tb/mediarr/media/tv/Snowfall (2017)/Season 2/Snowfall.2017.S02E02.The.Day.2160p.DSNP.WEB-DL.DDP5.1.HDR.HEVC-MZABI.mkv,136
1721691392,,,/mnt/8tb/mediarr/media/tv/Snowfall (2017)/Season 2/Snowfall.2017.S02E02.The.Day.2160p.DSNP.WEB-DL.DDP5.1.HDR.HEVC-MZABI.mkv,136
1721691459,,,/mnt/8tb/mediarr/media/tv/Snowfall (2017)/Season 2/Snowfall.2017.S02E02.The.Day.2160p.DSNP.WEB-DL.DDP5.1.HDR.HEVC-MZABI.mkv,136
1721691730,,,/mnt/8tb/mediarr/media/tv/Snowfall (2017)/Season 2/Snowfall.2017.S02E02.The.Day.2160p.DSNP.WEB-DL.DDP5.1.HDR.HEVC-MZABI.mkv,136
1721694081,,,/mnt/8tb/mediarr/media/tv/Snowfall (2017)/Season 2/Snowfall.2017.S02E02.The.Day.2160p.DSNP.WEB-DL.DDP5.1.HDR.HEVC-MZABI.mkv,136
1721738249,,,/mnt/8tb/mediarr/media/tv/Snowfall (2017)/Season 2/Snowfall.2017.S02E01.Sightlines.2160p.DSNP.WEB-DL.DDP5.1.HDR.HEVC-MZABI.mkv,139
1721738451,,,/mnt/8tb/mediarr/media/tv/Snowfall (2017)/Season 2/Snowfall.2017.S02E01.Sightlines.2160p.DSNP.WEB-DL.DDP5.1.HDR.HEVC-MZABI.mkv,139
1721738480,,,/mnt/8tb/mediarr/media/tv/Snowfall (2017)/Season 2/Snowfall.2017.S02E01.Sightlines.2160p.DSNP.WEB-DL.DDP5.1.HDR.HEVC-MZABI.mkv,139
1721738652,,,/mnt/8tb/mediarr/media/tv/Snowfall (2017)/Season 2/Snowfall.2017.S02E01.Sightlines.2160p.DSNP.WEB-DL.DDP5.1.HDR.HEVC-MZABI.mkv,139
1721739403,,,/mnt/8tb/mediarr/media/tv/Snowfall (2017)/Season 2/Snowfall.2017.S02E01.Sightlines.2160p.DSNP.WEB-DL.DDP5.1.HDR.HEVC-MZABI.mkv,139
1721739504,,,/mnt/8tb/mediarr/media/tv/Snowfall (2017)/Season 2/Snowfall.2017.S02E01.Sightlines.2160p.DSNP.WEB-DL.DDP5.1.HDR.HEVC-MZABI.mkv,139
1721739617,,,/mnt/8tb/mediarr/media/tv/Snowfall (2017)/Season 2/Snowfall.2017.S02E01.Sightlines.2160p.DSNP.WEB-DL.DDP5.1.HDR.HEVC-MZABI.mkv,139
1721739644,,,/mnt/8tb/mediarr/media/tv/Snowfall (2017)/Season 2/Snowfall.2017.S02E02.The.Day.2160p.DSNP.WEB-DL.DDP5.1.HDR.HEVC-MZABI.mkv,136
1721740123,,,/mnt/8tb/mediarr/media/tv/Snowfall (2017)/Season 2/Snowfall.2017.S02E02.The.Day.2160p.DSNP.WEB-DL.DDP5.1.HDR.HEVC-MZABI.mkv,136
1721740165,,,/mnt/8tb/mediarr/media/tv/Snowfall (2017)/Season 2/Snowfall.2017.S02E02.The.Day.2160p.DSNP.WEB-DL.DDP5.1.HDR.HEVC-MZABI.mkv,136
1721740410,,,/mnt/8tb/mediarr/media/tv/Snowfall (2017)/Season 2/Snowfall.2017.S02E02.The.Day.2160p.DSNP.WEB-DL.DDP5.1.HDR.HEVC-MZABI.mkv,136
1721742460,,,/mnt/8tb/mediarr/media/tv/Snowfall (2017)/Season 2/Snowfall.2017.S02E02.The.Day.2160p.DSNP.WEB-DL.DDP5.1.HDR.HEVC-MZABI.mkv,136
1721744062,,,/mnt/8tb/mediarr/media/tv/Snowfall (2017)/Season 2/Snowfall.2017.S02E02.The.Day.2160p.DSNP.WEB-DL.DDP5.1.HDR.HEVC-MZABI.mkv,136
1721750675,,,/mnt/8tb/mediarr/media/tv/Snowfall (2017)/Season 2/Snowfall.2017.S02E02.The.Day.2160p.DSNP.WEB-DL.DDP5.1.HDR.HEVC-MZABI.mkv,136
1721750688,,,/mnt/8tb/mediarr/media/tv/Snowfall (2017)/Season 2/Snowfall.2017.S02E03.Prometheus.Rising.2160p.DSNP.WEB-DL.DDP5.1.HDR.HEVC-MZABI.mkv,146
1721756269,,,/mnt/8tb/mediarr/media/tv/Snowfall (2017)/Season 2/Snowfall.2017.S02E03.Prometheus.Rising.2160p.DSNP.WEB-DL.DDP5.1.HDR.HEVC-MZABI.mkv,146
1721759106,,,/mnt/8tb/mediarr/media/tv/Snowfall (2017)/Season 2/Snowfall.2017.S02E04.Jingle.Bell.Rock.2160p.DSNP.WEB-DL.DDP5.1.HDR.HEVC-MZABI.mkv,145
1721763935,,,/mnt/8tb/mediarr/media/tv/Snowfall (2017)/Season 2/Snowfall.2017.S02E04.Jingle.Bell.Rock.2160p.DSNP.WEB-DL.DDP5.1.HDR.HEVC-MZABI.mkv,145
1721764184,,,/mnt/8tb/mediarr/media/tv/Snowfall (2017)/Season 2/Snowfall.2017.S02E04.Jingle.Bell.Rock.2160p.DSNP.WEB-DL.DDP5.1.HDR.HEVC-MZABI.mkv,145
1721764262,,,/mnt/8tb/mediarr/media/tv/Snowfall (2017)/Season 2/Snowfall.2017.S02E04.Jingle.Bell.Rock.2160p.DSNP.WEB-DL.DDP5.1.HDR.HEVC-MZABI.mkv,145
1721764302,,,/mnt/8tb/mediarr/media/tv/Snowfall (2017)/Season 2/Snowfall.2017.S02E04.Jingle.Bell.Rock.2160p.DSNP.WEB-DL.DDP5.1.HDR.HEVC-MZABI.mkv,145
1721764342,,,/mnt/8tb/mediarr/media/tv/Snowfall (2017)/Season 2/Snowfall.2017.S02E04.Jingle.Bell.Rock.2160p.DSNP.WEB-DL.DDP5.1.HDR.HEVC-MZABI.mkv,145
1721764345,,,/mnt/8tb/mediarr/media/tv/Snowfall (2017)/Season 2/Snowfall.2017.S02E05.Serpiente.2160p.DSNP.WEB-DL.DDP5.1.HDR.HEVC-MZABI.mkv,138
1721764362,,,/mnt/8tb/mediarr/media/tv/Snowfall (2017)/Season 2/Snowfall.2017.S02E04.Jingle.Bell.Rock.2160p.DSNP.WEB-DL.DDP5.1.HDR.HEVC-MZABI.mkv,145
1721764385,,,/mnt/8tb/mediarr/media/tv/Snowfall (2017)/Season 2/Snowfall.2017.S02E04.Jingle.Bell.Rock.2160p.DSNP.WEB-DL.DDP5.1.HDR.HEVC-MZABI.mkv,145
1721766811,,,/mnt/8tb/mediarr/media/tv/Snowfall (2017)/Season 2/Snowfall.2017.S02E05.Serpiente.2160p.DSNP.WEB-DL.DDP5.1.HDR.HEVC-MZABI.mkv,138
1721769840,,,/mnt/8tb/mediarr/media/tv/Snowfall (2017)/Season 2/Snowfall.2017.S02E05.Serpiente.2160p.DSNP.WEB-DL.DDP5.1.HDR.HEVC-MZABI.mkv,138
1721770225,,,/mnt/8tb/mediarr/media/tv/Snowfall (2017)/Season 2/Snowfall.2017.S02E05.Serpiente.2160p.DSNP.WEB-DL.DDP5.1.HDR.HEVC-MZABI.mkv,138
1721770226,,,/mnt/8tb/mediarr/media/tv/Snowfall (2017)/Season 2/Snowfall.2017.S02E06.The.Offer.2160p.DSNP.WEB-DL.DDP5.1.HDR.HEVC-MZABI.mkv,138
1721770279,,,/mnt/8tb/mediarr/media/tv/Snowfall (2017)/Season 2/Snowfall.2017.S02E06.The.Offer.2160p.DSNP.WEB-DL.DDP5.1.HDR.HEVC-MZABI.mkv,138
1721778959,,,/mnt/8tb/mediarr/media/tv/Snowfall (2017)/Season 2/Snowfall.2017.S02E01.Sightlines.2160p.DSNP.WEB-DL.DDP5.1.HDR.HEVC-MZABI.mkv,139
1721778979,,,/mnt/8tb/mediarr/media/tv/Snowfall (2017)/Season 2/Snowfall.2017.S02E01.Sightlines.2160p.DSNP.WEB-DL.DDP5.1.HDR.HEVC-MZABI.mkv,139
1721779007,,,/mnt/8tb/mediarr/media/tv/Snowfall (2017)/Season 2/Snowfall.2017.S02E06.The.Offer.2160p.DSNP.WEB-DL.DDP5.1.HDR.HEVC-MZABI.mkv,138
1721779040,,,/mnt/8tb/mediarr/media/tv/Snowfall (2017)/Season 2/Snowfall.2017.S02E01.Sightlines.2160p.DSNP.WEB-DL.DDP5.1.HDR.HEVC-MZABI.mkv,139
1721779057,,,/mnt/8tb/mediarr/media/tv/Snowfall (2017)/Season 2/Snowfall.2017.S02E06.The.Offer.2160p.DSNP.WEB-DL.DDP5.1.HDR.HEVC-MZABI.mkv,138
1721779058,,,/mnt/8tb/mediarr/media/tv/Snowfall (2017)/Season 2/Snowfall.2017.S02E07.The.World.Is.Yours.2160p.DSNP.WEB-DL.DDP5.1.HDR.HEVC-MZABI.mkv,147
1721779331,,,/home/btw/Downloads/output_video.mp4,49
1721779344,,,archive:///home/btw/Downloads/prowlarr_backup_v1.18.0.4543_2024.07.21_15.44.37.zip|/prowlarr.db,108
1721779345,,,archive:///home/btw/Downloads/sonarr_backup_v4.0.5.1710_2024.07.21_15.45.00.zip|/sonarr.db,103
1721806520,,,/mnt/8tb/mediarr/media/tv/Snowfall (2017)/Season 2/Snowfall.2017.S02E07.The.World.Is.Yours.2160p.DSNP.WEB-DL.DDP5.1.HDR.HEVC-MZABI.mkv,147
1721812869,,,/mnt/8tb/mediarr/media/tv/Snowfall (2017)/Season 2/Snowfall.2017.S02E08.Surrender.2160p.DSNP.WEB-DL.DDP5.1.HDR.HEVC-MZABI.mkv,138
1721813348,,,/mnt/8tb/mediarr/media/tv/Snowfall (2017)/Season 2/Snowfall.2017.S02E08.Surrender.2160p.DSNP.WEB-DL.DDP5.1.HDR.HEVC-MZABI.mkv,138
1721815805,,,/mnt/8tb/mediarr/media/tv/Snowfall (2017)/Season 2/Snowfall.2017.S02E09.Aftermath.2160p.DSNP.WEB-DL.DDP5.1.HDR.HEVC-MZABI.mkv,138
1721832663,,,/mnt/8tb/mediarr/media/tv/Snowfall (2017)/Season 2/Snowfall.2017.S02E10.Education.2160p.DSNP.WEB-DL.DDP5.1.HDR.HEVC-MZABI.mkv,138
1721832673,,,/mnt/8tb/mediarr/media/tv/Snowfall (2017)/Season 2/Snowfall.2017.S02E10.Education.2160p.DSNP.WEB-DL.DDP5.1.HDR.HEVC-MZABI.mkv,138
1721836733,,,/mnt/8tb/mediarr/media/tv/Snowfall (2017)/Season 2/Snowfall.2017.S02E10.Education.2160p.DSNP.WEB-DL.DDP5.1.HDR.HEVC-MZABI.mkv,138
1721836751,,,/mnt/8tb/mediarr/media/tv/Snowfall (2017)/Season 2/Snowfall.2017.S02E10.Education.2160p.DSNP.WEB-DL.DDP5.1.HDR.HEVC-MZABI.mkv,138
1721836790,,,/mnt/8tb/mediarr/media/tv/Snowfall (2017)/Season 2/Snowfall.2017.S02E10.Education.2160p.DSNP.WEB-DL.DDP5.1.HDR.HEVC-MZABI.mkv,138
1721836800,,,/mnt/8tb/mediarr/media/tv/Snowfall (2017)/Season 2/Snowfall.2017.S02E10.Education.2160p.DSNP.WEB-DL.DDP5.1.HDR.HEVC-MZABI.mkv,138
1721836816,,,/mnt/8tb/mediarr/media/tv/Snowfall (2017)/Season 2/Snowfall.2017.S02E10.Education.2160p.DSNP.WEB-DL.DDP5.1.HDR.HEVC-MZABI.mkv,138
1721836840,,,/mnt/8tb/mediarr/media/tv/Snowfall (2017)/Season 2/Snowfall.2017.S02E10.Education.2160p.DSNP.WEB-DL.DDP5.1.HDR.HEVC-MZABI.mkv,138
1721836871,,,/mnt/8tb/mediarr/media/tv/Snowfall (2017)/Season 2/Snowfall.2017.S02E10.Education.2160p.DSNP.WEB-DL.DDP5.1.HDR.HEVC-MZABI.mkv,138
1721836904,,,/mnt/8tb/mediarr/media/tv/Snowfall (2017)/Season 2/Snowfall.2017.S02E10.Education.2160p.DSNP.WEB-DL.DDP5.1.HDR.HEVC-MZABI.mkv,138
1721836955,,,/mnt/8tb/mediarr/media/tv/Snowfall (2017)/Season 2/Snowfall.2017.S02E10.Education.2160p.DSNP.WEB-DL.DDP5.1.HDR.HEVC-MZABI.mkv,138
1721836971,,,/mnt/8tb/mediarr/media/tv/Snowfall (2017)/Season 2/Snowfall.2017.S02E10.Education.2160p.DSNP.WEB-DL.DDP5.1.HDR.HEVC-MZABI.mkv,138
1721836992,,,/mnt/8tb/mediarr/media/tv/Snowfall (2017)/Season 2/Snowfall.2017.S02E10.Education.2160p.DSNP.WEB-DL.DDP5.1.HDR.HEVC-MZABI.mkv,138
1721840482,,,/mnt/8tb/mediarr/media/tv/Snowfall (2017)/Season 2/Snowfall.2017.S02E10.Education.2160p.DSNP.WEB-DL.DDP5.1.HDR.HEVC-MZABI.mkv,138
1721840739,,,/mnt/8tb/mediarr/media/tv/Snowfall (2017)/Season 2/Snowfall.2017.S02E10.Education.2160p.DSNP.WEB-DL.DDP5.1.HDR.HEVC-MZABI.mkv,138
1721840782,,,/mnt/8tb/mediarr/media/tv/Snowfall (2017)/Season 2/Snowfall.2017.S02E10.Education.2160p.DSNP.WEB-DL.DDP5.1.HDR.HEVC-MZABI.mkv,138
1721840808,,,/mnt/8tb/mediarr/media/tv/Snowfall (2017)/Season 2/Snowfall.2017.S02E10.Education.2160p.DSNP.WEB-DL.DDP5.1.HDR.HEVC-MZABI.mkv,138
1721840841,,,/mnt/8tb/mediarr/media/tv/Snowfall (2017)/Season 2/Snowfall.2017.S02E10.Education.2160p.DSNP.WEB-DL.DDP5.1.HDR.HEVC-MZABI.mkv,138
1721840865,,,/mnt/8tb/mediarr/media/tv/Snowfall (2017)/Season 2/Snowfall.2017.S02E10.Education.2160p.DSNP.WEB-DL.DDP5.1.HDR.HEVC-MZABI.mkv,138
1721840880,,,/mnt/8tb/mediarr/media/tv/Snowfall (2017)/Season 2/Snowfall.2017.S02E10.Education.2160p.DSNP.WEB-DL.DDP5.1.HDR.HEVC-MZABI.mkv,138
1721840898,,,/mnt/8tb/mediarr/media/tv/Snowfall (2017)/Season 2/Snowfall.2017.S02E10.Education.2160p.DSNP.WEB-DL.DDP5.1.HDR.HEVC-MZABI.mkv,138
1721843372,,,/mnt/8tb/mediarr/media/tv/Snowfall (2017)/Season 2/Snowfall.2017.S02E10.Education.2160p.DSNP.WEB-DL.DDP5.1.HDR.HEVC-MZABI.mkv,138
1721843386,,,/mnt/8tb/mediarr/media/tv/Snowfall (2017)/Season 2/Snowfall.2017.S02E10.Education.2160p.DSNP.WEB-DL.DDP5.1.HDR.HEVC-MZABI.mkv,138
1721845784,,,/mnt/8tb/mediarr/media/tv/Snowfall (2017)/Season 2/Snowfall.2017.S02E01.Sightlines.2160p.DSNP.WEB-DL.DDP5.1.HDR.HEVC-MZABI.mkv,139
1721908518,,,/mnt/8tb/mediarr/media/tv/Snowfall (2017)/Season 2/Snowfall.2017.S02E01.Sightlines.2160p.DSNP.WEB-DL.DDP5.1.HDR.HEVC-MZABI.mkv,139
1721908533,,,/mnt/8tb/mediarr/media/tv/Snowfall (2017)/Season 3/Snowfall.2017.S03E01.2160p.DSNP.WEB-DL.DDP5.1.HDR.HEVC-MZABI.mkv,128
1721910669,,,/mnt/8tb/mediarr/media/tv/Snowfall (2017)/Season 3/Snowfall.2017.S03E01.2160p.DSNP.WEB-DL.DDP5.1.HDR.HEVC-MZABI.mkv,128
1721910692,,,/mnt/8tb/mediarr/media/tv/Snowfall (2017)/Season 3/Snowfall.2017.S03E01.2160p.DSNP.WEB-DL.DDP5.1.HDR.HEVC-MZABI.mkv,128
1721910706,,,/mnt/8tb/mediarr/media/tv/Snowfall (2017)/Season 3/Snowfall.2017.S03E01.2160p.DSNP.WEB-DL.DDP5.1.HDR.HEVC-MZABI.mkv,128
1721912465,,,/mnt/8tb/mediarr/media/tv/Snowfall (2017)/Season 3/Snowfall.2017.S03E02.2160p.DSNP.WEB-DL.DDP5.1.HDR.HEVC-MZABI.mkv,128
1721923429,,,/mnt/8tb/mediarr/media/tv/Snowfall (2017)/Season 3/Snowfall.2017.S03E02.2160p.DSNP.WEB-DL.DDP5.1.HDR.HEVC-MZABI.mkv,128
1721925882,,,/home/btw/Videos/obs/2024-07-25 19-43-31.mkv,57
1721925933,,,/home/btw/Videos/obs/2024-07-25 19-43-31.mp4,57
1721925936,,,/home/btw/Videos/obs/2024-07-25 19-43-31.mp4,57
1721926078,,,/home/btw/Videos/obs/2024-07-25 19-47-26.mkv,57
1721926107,,,/home/btw/Videos/obs/2024-07-25 19-47-26.mp4,57
1721926183,,,rtmp://localhost/live/test,39
1721926197,,,rtmp://localhost/live/test,39
1721926241,,,rtmp://localhost/live/test,39
1721926555,,,rtmp://localhost/live/test,39
1721926821,,,rtmp://localhost/live/test,39
1721934705,,,/mnt/8tb/mediarr/media/tv/Snowfall (2017)/Season 3/Snowfall.2017.S03E03.2160p.DSNP.WEB-DL.DDP5.1.HDR.HEVC-MZABI.mkv,128
1721944707,,,/mnt/8tb/mediarr/media/tv/Snowfall (2017)/Season 3/Snowfall.2017.S03E04.2160p.DSNP.WEB-DL.DDP5.1.HDR.HEVC-MZABI.mkv,128
1721950301,,,/mnt/8tb/mediarr/media/tv/Snowfall (2017)/Season 3/Snowfall.2017.S03E04.2160p.DSNP.WEB-DL.DDP5.1.HDR.HEVC-MZABI.mkv,128
1721989538,,,/mnt/8tb/mediarr/media/tv/Snowfall (2017)/Season 3/Snowfall.2017.S03E04.2160p.DSNP.WEB-DL.DDP5.1.HDR.HEVC-MZABI.mkv,128
1721989540,,,/mnt/8tb/mediarr/media/tv/Snowfall (2017)/Season 3/Snowfall.2017.S03E05.2160p.DSNP.WEB-DL.DDP5.1.HDR.HEVC-MZABI.mkv,128
1721992128,,,/mnt/8tb/mediarr/media/tv/Snowfall (2017)/Season 3/Snowfall.2017.S03E06.2160p.DSNP.WEB-DL.DDP5.1.HDR.HEVC-MZABI.mkv,128
1721994896,,,/mnt/8tb/mediarr/media/tv/Snowfall (2017)/Season 3/Snowfall.2017.S03E05.2160p.DSNP.WEB-DL.DDP5.1.HDR.HEVC-MZABI.mkv,128
1721994914,,,/mnt/8tb/mediarr/media/tv/Snowfall (2017)/Season 3/Snowfall.2017.S03E06.2160p.DSNP.WEB-DL.DDP5.1.HDR.HEVC-MZABI.mkv,128
1721994924,,,/mnt/8tb/mediarr/media/tv/Snowfall (2017)/Season 3/Snowfall.2017.S03E05.2160p.DSNP.WEB-DL.DDP5.1.HDR.HEVC-MZABI.mkv,128
1721994942,,,/mnt/8tb/mediarr/media/tv/Snowfall (2017)/Season 3/Snowfall.2017.S03E04.2160p.DSNP.WEB-DL.DDP5.1.HDR.HEVC-MZABI.mkv,128
1721994943,,,/mnt/8tb/mediarr/media/tv/Snowfall (2017)/Season 3/Snowfall.2017.S03E05.2160p.DSNP.WEB-DL.DDP5.1.HDR.HEVC-MZABI.mkv,128
1721994945,,,/mnt/8tb/mediarr/media/tv/Snowfall (2017)/Season 3/Snowfall.2017.S03E06.2160p.DSNP.WEB-DL.DDP5.1.HDR.HEVC-MZABI.mkv,128
1721994950,,,/mnt/8tb/mediarr/media/tv/Snowfall (2017)/Season 3/Snowfall.2017.S03E07.2160p.DSNP.WEB-DL.DDP5.1.HDR.HEVC-MZABI.mkv,128
1722038791,,,/mnt/win/Users/Root/Downloads/Snaptik.app_7309302869533003051.mp4,78
1722038798,,,/mnt/win/Users/Root/Downloads/Snaptik.app_7321810889412611374 (online-video-cutter.com).mp4,104
1722038819,,,/mnt/win/Users/Root/Downloads/اسطورة الرياض الناس تفهمها وهي طايرة.mp4,114
1722038829,,,/mnt/win/Users/Root/Downloads/tikmate.app_7345921144127524128_hd.mp4,81
1722083338,,,/mnt/win/Users/Root/Downloads/[twitter] 1rrrh—2023.03.12—1634996804088664064—7Sq_B1GhxzeJd5E1.mp4,116
1722087343,,,rtmp://localhost/live/test,39
1722087419,,,rtmp://localhost/live/test,39
1722087996,,,rtmp://localhost/live/test,39
1722092785,,,/mnt/8tb/mediarr/media/tv/Snowfall (2017)/Season 3/Snowfall.2017.S03E07.2160p.DSNP.WEB-DL.DDP5.1.HDR.HEVC-MZABI.mkv,128
1722175300,,,/mnt/8tb/mediarr/media/tv/Snowfall (2017)/Season 3/Snowfall.2017.S03E07.2160p.DSNP.WEB-DL.DDP5.1.HDR.HEVC-MZABI.mkv,128
1722175472,,,/mnt/8tb/mediarr/media/tv/Snowfall (2017)/Season 3/Snowfall.2017.S03E08.2160p.DSNP.WEB-DL.DDP5.1.HDR.HEVC-MZABI.mkv,128
1722185735,,,/home/btw/Downloads/[twitter] rr4fi—2024.07.22—1815525003871256656—ZMKvTJgoLNsmWkSw.mp4,106
1722217813,3,TBA,https://001.emy.mx//Videos/1602052/stream?static=true&api_key=9665f84b20b04c6187f0766b57abd144,111
1722222402,,,https://001.emy.mx/emby/videos/1602052/master.m3u8?DeviceId=531afdb5-e045-4122-8dfb-4064e8055643&MediaSourceId=7d712fe09a14728a481ddf64ca375778&StartTimeTicks=2821020&PlaySessionId=835c12f17c4c4aea90d28e6fd0519c5e&api_key=40cfa08cdb694b76a25b2859e25d8055&VideoCodec=h264,av1&AudioCodec=mp3,aac&VideoBitrate=159616000&AudioBitrate=384000&MaxWidth=3840&AudioStreamIndex=1&SubtitleStreamIndex=27&SubtitleMethod=Hls&TranscodingMaxAudioChannels=2&SegmentContainer=ts&MinSegments=1&BreakOnNonKeyFrames=True&SubtitleStreamIndexes=2,3,4,5,6,27&ManifestSubtitles=vtt&h264-profile=high,main,baseline,constrainedbaseline,high10&h264-level=62&TranscodeReasons=VideoCodecNotSupported,AudioCodecNotSupported#t=0.282102,717
1722259975,,,/mnt/8tb/mediarr/media/tv/Snowfall (2017)/Season 3/Snowfall.2017.S03E08.2160p.DSNP.WEB-DL.DDP5.1.HDR.HEVC-MZABI.mkv,128
1722261743,,,/mnt/8tb/mediarr/media/tv/Snowfall (2017)/Season 3/Snowfall.2017.S03E09.2160p.DSNP.WEB-DL.DDP5.1.HDR.HEVC-MZABI.mkv,128
1722265885,,,/mnt/8tb/mediarr/media/tv/Snowfall (2017)/Season 3/Snowfall.2017.S03E10.2160p.DSNP.WEB-DL.DDP5.1.HDR.HEVC-MZABI.mkv,128
1722269200,39,Snowfall.S01E10.1080p.WEBRip.x265-RARBG,/mnt/8tb/mediarr/media/tv/Snowfall (2017)/Season 1/Snowfall (2017) - S01E10 - The Rubicon [WEBRip-1080p][AAC 5.1][x265]-RARBG.mp4,183
1722269225,,,/mnt/8tb/mediarr/media/tv/Snowfall (2017)/Season 4/Snowfall.2017.S04E01.Re-Entry.2160p.HULU.WEB-DL.DDP5.1.HEVC-TEPES.mkv,133
1722329757,,,/mnt/8tb/mediarr/media/tv/Snowfall (2017)/Season 2/Snowfall.2017.S02E01.Sightlines.2160p.DSNP.WEB-DL.DDP5.1.HDR.HEVC-MZABI.mkv,139
1722329768,,,/mnt/8tb/mediarr/media/tv/Snowfall (2017)/Season 4/Snowfall.2017.S04E01.Re-Entry.2160p.HULU.WEB-DL.DDP5.1.HEVC-TEPES.mkv,133
1722329870,,,/mnt/8tb/mediarr/media/tv/Snowfall (2017)/Season 3/Snowfall.2017.S03E01.2160p.DSNP.WEB-DL.DDP5.1.HDR.HEVC-MZABI.mkv,128
1722329875,,,/mnt/8tb/mediarr/media/tv/Snowfall (2017)/Season 3/Snowfall.2017.S03E10.2160p.DSNP.WEB-DL.DDP5.1.HDR.HEVC-MZABI.mkv,128
1722329890,,,/mnt/8tb/mediarr/media/tv/Snowfall (2017)/Season 4/Snowfall.2017.S04E01.Re-Entry.2160p.HULU.WEB-DL.DDP5.1.HEVC-TEPES.mkv,133
1722338329,,,/mnt/8tb/mediarr/media/tv/Snowfall (2017)/Season 4/Snowfall.2017.S04E01.Re-Entry.2160p.HULU.WEB-DL.DDP5.1.HEVC-TEPES.mkv,133
1722338337,,,/mnt/8tb/mediarr/media/tv/Snowfall (2017)/Season 4/Snowfall.2017.S04E02.Weight.2160p.HULU.WEB-DL.DDP5.1.HEVC-TEPES.mkv,131
1722340613,,,/mnt/8tb/mediarr/media/tv/Snowfall (2017)/Season 4/Snowfall.2017.S04E03.All.The.Way.Down.2160p.HULU.WEB-DL.DDP5.1.HEVC-TEPES.mkv,141
1722361869,,,/mnt/8tb/mediarr/media/tv/Snowfall (2017)/Season 4/Snowfall.2017.S04E04.Expansion.2160p.HULU.WEB-DL.DDP5.1.HEVC-TEPES.mkv,134
1722364798,,,/mnt/8tb/mediarr/media/tv/Snowfall (2017)/Season 4/Snowfall.2017.S04E05.The.Get.Back.2160p.HULU.WEB-DL.DDP5.1.HEVC-TEPES.mkv,137
1722374981,,,/mnt/8tb/mediarr/media/tv/Snowfall (2017)/Season 4/Snowfall.2017.S04E05.The.Get.Back.2160p.HULU.WEB-DL.DDP5.1.HEVC-TEPES.mkv,137
1722376500,,,/mnt/8tb/mediarr/media/tv/Snowfall (2017)/Season 4/Snowfall.2017.S04E06.Say.a.Little.Prayer.2160p.HULU.WEB-DL.DDP5.1.HEVC-TEPES.mkv,144
1722380809,,,/mnt/8tb/mediarr/media/tv/Snowfall (2017)/Season 4/Snowfall.2017.S04E07.Through.a.Glass.Darkly.2160p.HULU.WEB-DL.DDP5.1.HEVC-TEPES.mkv,147
1722383586,,,/mnt/8tb/mediarr/media/tv/Snowfall (2017)/Season 4/Snowfall.2017.S04E08.Betrayal.2160p.HULU.WEB-DL.AAC2.0.HEVC-TEPES.mkv,133
1722387647,,,/mnt/8tb/mediarr/media/tv/Snowfall (2017)/Season 4/Snowfall.2017.S04E09.Sleeping.Dogs.2160p.HULU.WEB-DL.DDP5.1.HEVC-TEPES.mkv,138
1722390522,,,/mnt/8tb/mediarr/media/tv/Snowfall (2017)/Season 4/Snowfall.2017.S04E10.Fight.or.Flight.2160p.HULU.WEB-DL.DDP5.1.HEVC-TEPES.mkv,140
1722393142,,,/mnt/8tb/mediarr/media/tv/Snowfall (2017)/Season 5/Snowfall.2017.S05E01.Comets.2160p.HULU.WEB-DL.DDP5.1.H.265-NTb.mkv,130
1722395731,,,/mnt/8tb/mediarr/media/tv/Snowfall (2017)/Season 5/Snowfall.2017.S05E01.Comets.2160p.HULU.WEB-DL.DDP5.1.H.265-NTb.mkv,130
1722398869,,,https://001.emy.mx/emby/videos/1591617/master.m3u8?DeviceId=531afdb5-e045-4122-8dfb-4064e8055643&MediaSourceId=e656f320502b958b9667a970af0b6c3e&PlaySessionId=70303dbf1a514f3bb35ef306f8c9705e&api_key=40cfa08cdb694b76a25b2859e25d8055&VideoCodec=h264,av1&AudioCodec=mp3,aac&VideoBitrate=159616000&AudioBitrate=384000&MaxWidth=3840&AudioStreamIndex=1&SubtitleStreamIndex=44&SubtitleMethod=Hls&TranscodingMaxAudioChannels=2&SegmentContainer=ts&MinSegments=1&BreakOnNonKeyFrames=True&SubtitleStreamIndexes=2,3,4,5,6,44&ManifestSubtitles=vtt&h264-profile=high,main,baseline,constrainedbaseline,high10&h264-level=62&TranscodeReasons=VideoCodecNotSupported,AudioCodecNotSupported,683
1722398987,7,Pregame,https://001.emy.mx//Videos/1591617/stream?static=true&api_key=9665f84b20b04c6187f0766b57abd144,115
1722399022,12,The Elements,https://001.emy.mx//Videos/1593505/stream?static=true&api_key=9665f84b20b04c6187f0766b57abd144,121
1722400789,12,The Elements,https://001.emy.mx//Videos/1593505/stream?static=true&api_key=9665f84b20b04c6187f0766b57abd144,121
1722401684,11,The Witness,https://001.emy.mx//Videos/1597017/stream?static=true&api_key=9665f84b20b04c6187f0766b57abd144,120
1722404269,11,The Verdict,https://001.emy.mx//Videos/1599891/stream?static=true&api_key=9665f84b20b04c6187f0766b57abd144,120
1722441339,,,/mnt/8tb/mediarr/media/tv/Snowfall (2017)/Season 5/Snowfall.2017.S05E01.Comets.2160p.HULU.WEB-DL.DDP5.1.H.265-NTb.mkv,130
1723389581,35,Serial Experiments Lain: 01 - Weird,/mnt/8tb/mediarr/torrent/arch/Serial Experiments Lain 1998 1080p BluRay FLAC 2.0 x264-Chotab/Serial Experiments Lain E01 Weird 1080p BluRay FLAC 2.0 x264-Chotab.mkv,214
1723390977,35,Serial Experiments Lain: 02 - Girls,/mnt/8tb/mediarr/torrent/arch/Serial Experiments Lain 1998 1080p BluRay FLAC 2.0 x264-Chotab/Serial Experiments Lain E02 Girls 1080p BluRay FLAC 2.0 x264-Chotab.mkv,214
1723407083,,,/home/btw/Videos/obs/2024-07-29 07-19-07.mkv,57
1723407091,,,/home/btw/Videos/obs/2024-08-11 23-11-00.mkv,57
1723409509,35,Serial Experiments Lain: 02 - Girls,/mnt/8tb/mediarr/torrent/arch/Serial Experiments Lain 1998 1080p BluRay FLAC 2.0 x264-Chotab/Serial Experiments Lain E02 Girls 1080p BluRay FLAC 2.0 x264-Chotab.mkv,214
1723434363,36,Serial Experiments Lain: 03 - Psyche,/mnt/8tb/mediarr/torrent/arch/Serial Experiments Lain 1998 1080p BluRay FLAC 2.0 x264-Chotab/Serial Experiments Lain E03 Psyche 1080p BluRay FLAC 2.0 x264-Chotab.mkv,216
1723479471,,,/home/btw/Deadpool & Wolverine (2024) Eng Multi 1080p TSRip AV1 AC 3  ESub.mkv,91
1723479934,68,deadpool.and.wolverine.2024.dual-audio.spa-eng.1080p.hdts.h.264-dmnt,/dev/shm/tmp.gdvfeM4ZJc/Deadpool.and.Wolverine.2024.DUAL-AUDiO.SPA-ENG.1080p.HDTS.H.264-DMnT/deadpool.and.wolverine.2024.dual-audio.spa-eng.1080p.hdts.h.264-dmnt.mkv,248
1723484266,62,Deadpool.And.Wolverine.2024.2160p.HDR.TELESYNC.HEVC.COLLECTiVE,/dev/shm/tmp.vnnQQQsJmn/Deadpool.And.Wolverine.2024.2160p.HDR.Multi.Audio.TELESYNC.HEVC.COLLECTiVE/Deadpool.And.Wolverine.2024.2160p.HDR.Multi.Audio.TELESYNC.HEVC.COLLECTiVE.mkv,254
1723484406,62,Deadpool.And.Wolverine.2024.2160p.HDR.TELESYNC.HEVC.COLLECTiVE,/dev/shm/tmp.huWNNMY5wT/Deadpool.And.Wolverine.2024.2160p.HDR.Multi.Audio.TELESYNC.HEVC.COLLECTiVE/Deadpool.And.Wolverine.2024.2160p.HDR.Multi.Audio.TELESYNC.HEVC.COLLECTiVE.mkv,254
1723484577,68,deadpool.and.wolverine.2024.dual-audio.spa-eng.1080p.hdts.h.264-dmnt,/dev/shm/tmp.d1z975wmPE/Deadpool.and.Wolverine.2024.DUAL-AUDiO.SPA-ENG.1080p.HDTS.H.264-DMnT/deadpool.and.wolverine.2024.dual-audio.spa-eng.1080p.hdts.h.264-dmnt.mkv,248
1723487055,62,Deadpool.And.Wolverine.2024.2160p.HDR.TELESYNC.HEVC.COLLECTiVE,/mnt/8tb/mediarr/torrent/arch/Deadpool.And.Wolverine.2024.2160p.HDR.Multi.Audio.TELESYNC.HEVC.COLLECTiVE/Deadpool.And.Wolverine.2024.2160p.HDR.Multi.Audio.TELESYNC.HEVC.COLLECTiVE.mkv,260
1723519015,36,Serial Experiments Lain: 03 - Psyche,/mnt/8tb/mediarr/torrent/arch/Serial Experiments Lain 1998 1080p BluRay FLAC 2.0 x264-Chotab/Serial Experiments Lain E03 Psyche 1080p BluRay FLAC 2.0 x264-Chotab.mkv,216
1723519018,38,Serial Experiments Lain: 04 - Religion,/mnt/8tb/mediarr/torrent/arch/Serial Experiments Lain 1998 1080p BluRay FLAC 2.0 x264-Chotab/Serial Experiments Lain E04 Religion 1080p BluRay FLAC 2.0 x264-Chotab.mkv,220
1723618129,38,Serial Experiments Lain: 04 - Religion,/mnt/8tb/mediarr/torrent/arch/Serial Experiments Lain 1998 1080p BluRay FLAC 2.0 x264-Chotab/Serial Experiments Lain E04 Religion 1080p BluRay FLAC 2.0 x264-Chotab.mkv,220
1723618131,40,Serial Experiments Lain: 05 - Distortion,/mnt/8tb/mediarr/torrent/arch/Serial Experiments Lain 1998 1080p BluRay FLAC 2.0 x264-Chotab/Serial Experiments Lain E05 Distortion 1080p BluRay FLAC 2.0 x264-Chotab.mkv,224
1723618165,40,Serial Experiments Lain: 05 - Distortion,/mnt/8tb/mediarr/torrent/arch/Serial Experiments Lain 1998 1080p BluRay FLAC 2.0 x264-Chotab/Serial Experiments Lain E05 Distortion 1080p BluRay FLAC 2.0 x264-Chotab.mkv,224
1723618384,40,Serial Experiments Lain: 05 - Distortion,/mnt/8tb/mediarr/torrent/arch/Serial Experiments Lain 1998 1080p BluRay FLAC 2.0 x264-Chotab/Serial Experiments Lain E05 Distortion 1080p BluRay FLAC 2.0 x264-Chotab.mkv,224
1723618481,40,Serial Experiments Lain: 05 - Distortion,/mnt/8tb/mediarr/torrent/arch/Serial Experiments Lain 1998 1080p BluRay FLAC 2.0 x264-Chotab/Serial Experiments Lain E05 Distortion 1080p BluRay FLAC 2.0 x264-Chotab.mkv,224
1723618745,40,Serial Experiments Lain: 05 - Distortion,/mnt/8tb/mediarr/torrent/arch/Serial Experiments Lain 1998 1080p BluRay FLAC 2.0 x264-Chotab/Serial Experiments Lain E05 Distortion 1080p BluRay FLAC 2.0 x264-Chotab.mkv,224
1723707951,40,Serial Experiments Lain: 05 - Distortion,/mnt/8tb/mediarr/torrent/arch/Serial Experiments Lain 1998 1080p BluRay FLAC 2.0 x264-Chotab/Serial Experiments Lain E05 Distortion 1080p BluRay FLAC 2.0 x264-Chotab.mkv,224
1723707968,34,Serial Experiments Lain: 06 - Kids,/mnt/8tb/mediarr/torrent/arch/Serial Experiments Lain 1998 1080p BluRay FLAC 2.0 x264-Chotab/Serial Experiments Lain E06 Kids 1080p BluRay FLAC 2.0 x264-Chotab.mkv,212
1723708630,34,Serial Experiments Lain: 06 - Kids,/mnt/8tb/mediarr/torrent/arch/Serial Experiments Lain 1998 1080p BluRay FLAC 2.0 x264-Chotab/Serial Experiments Lain E06 Kids 1080p BluRay FLAC 2.0 x264-Chotab.mkv,212
1723878679,,,/home/btw/Videos/media/mp4/01_creativity_for_all_445x239.mp4,73
1723878686,,,/home/btw/Videos/media/mp4/1Aniceguy_192x320.mp4,61
1724063149,,,/home/btw/Videos/obs/2024-08-18 23-25-33.mkv,57
1724063532,,,/home/btw/Videos/obs/2024-08-19_13-31-42.mp4,57
1724074594,35,Serial Experiments Lain: 01 - Weird,/mnt/8tb/mediarr/torrent/arch/Serial Experiments Lain 1998 1080p BluRay FLAC 2.0 x264-Chotab/Serial Experiments Lain E01 Weird 1080p BluRay FLAC 2.0 x264-Chotab.mkv,214
1724074631,35,Serial Experiments Lain: 01 - Weird,/mnt/8tb/mediarr/torrent/arch/Serial Experiments Lain 1998 1080p BluRay FLAC 2.0 x264-Chotab/Serial Experiments Lain E01 Weird 1080p BluRay FLAC 2.0 x264-Chotab.mkv,214
1724074679,35,Serial Experiments Lain: 01 - Weird,/mnt/8tb/mediarr/torrent/arch/Serial Experiments Lain 1998 1080p BluRay FLAC 2.0 x264-Chotab/Serial Experiments Lain E01 Weird 1080p BluRay FLAC 2.0 x264-Chotab.mkv,214
1724074936,35,Serial Experiments Lain: 01 - Weird,/mnt/8tb/mediarr/torrent/arch/Serial Experiments Lain 1998 1080p BluRay FLAC 2.0 x264-Chotab/Serial Experiments Lain E01 Weird 1080p BluRay FLAC 2.0 x264-Chotab.mkv,214
1724075127,35,Serial Experiments Lain: 01 - Weird,/mnt/8tb/mediarr/torrent/arch/Serial Experiments Lain 1998 1080p BluRay FLAC 2.0 x264-Chotab/Serial Experiments Lain E01 Weird 1080p BluRay FLAC 2.0 x264-Chotab.mkv,214
1724075143,35,Serial Experiments Lain: 01 - Weird,/mnt/8tb/mediarr/torrent/arch/Serial Experiments Lain 1998 1080p BluRay FLAC 2.0 x264-Chotab/Serial Experiments Lain E01 Weird 1080p BluRay FLAC 2.0 x264-Chotab.mkv,214
1724075208,35,Serial Experiments Lain: 01 - Weird,/mnt/8tb/mediarr/torrent/arch/Serial Experiments Lain 1998 1080p BluRay FLAC 2.0 x264-Chotab/Serial Experiments Lain E01 Weird 1080p BluRay FLAC 2.0 x264-Chotab.mkv,214
1724075221,35,Serial Experiments Lain: 01 - Weird,/mnt/8tb/mediarr/torrent/arch/Serial Experiments Lain 1998 1080p BluRay FLAC 2.0 x264-Chotab/Serial Experiments Lain E01 Weird 1080p BluRay FLAC 2.0 x264-Chotab.mkv,214
1724075250,35,Serial Experiments Lain: 01 - Weird,/mnt/8tb/mediarr/torrent/arch/Serial Experiments Lain 1998 1080p BluRay FLAC 2.0 x264-Chotab/Serial Experiments Lain E01 Weird 1080p BluRay FLAC 2.0 x264-Chotab.mkv,214
1724075255,35,Serial Experiments Lain: 01 - Weird,/mnt/8tb/mediarr/torrent/arch/Serial Experiments Lain 1998 1080p BluRay FLAC 2.0 x264-Chotab/Serial Experiments Lain E01 Weird 1080p BluRay FLAC 2.0 x264-Chotab.mkv,214
1724075340,35,Serial Experiments Lain: 01 - Weird,/mnt/8tb/mediarr/torrent/arch/Serial Experiments Lain 1998 1080p BluRay FLAC 2.0 x264-Chotab/Serial Experiments Lain E01 Weird 1080p BluRay FLAC 2.0 x264-Chotab.mkv,214
1724075575,35,Serial Experiments Lain: 01 - Weird,/mnt/8tb/mediarr/torrent/arch/Serial Experiments Lain 1998 1080p BluRay FLAC 2.0 x264-Chotab/Serial Experiments Lain E01 Weird 1080p BluRay FLAC 2.0 x264-Chotab.mkv,214
1724075613,40,Serial Experiments Lain: 05 - Distortion,/mnt/8tb/mediarr/torrent/arch/Serial Experiments Lain 1998 1080p BluRay FLAC 2.0 x264-Chotab/Serial Experiments Lain E05 Distortion 1080p BluRay FLAC 2.0 x264-Chotab.mkv,224
1724075721,40,Serial Experiments Lain: 05 - Distortion,/mnt/8tb/mediarr/torrent/arch/Serial Experiments Lain 1998 1080p BluRay FLAC 2.0 x264-Chotab/Serial Experiments Lain E05 Distortion 1080p BluRay FLAC 2.0 x264-Chotab.mkv,224
1724076059,35,Serial Experiments Lain: 01 - Weird,/mnt/8tb/mediarr/torrent/arch/Serial Experiments Lain 1998 1080p BluRay FLAC 2.0 x264-Chotab/Serial Experiments Lain E01 Weird 1080p BluRay FLAC 2.0 x264-Chotab.mkv,214
1724076079,35,Serial Experiments Lain: 01 - Weird,/mnt/8tb/mediarr/torrent/arch/Serial Experiments Lain 1998 1080p BluRay FLAC 2.0 x264-Chotab/Serial Experiments Lain E01 Weird 1080p BluRay FLAC 2.0 x264-Chotab.mkv,214
1724076182,35,Serial Experiments Lain: 01 - Weird,/mnt/8tb/mediarr/torrent/arch/Serial Experiments Lain 1998 1080p BluRay FLAC 2.0 x264-Chotab/Serial Experiments Lain E01 Weird 1080p BluRay FLAC 2.0 x264-Chotab.mkv,214
1724076269,35,Serial Experiments Lain: 01 - Weird,/mnt/8tb/mediarr/torrent/arch/Serial Experiments Lain 1998 1080p BluRay FLAC 2.0 x264-Chotab/Serial Experiments Lain E01 Weird 1080p BluRay FLAC 2.0 x264-Chotab.mkv,214
1724076276,35,Serial Experiments Lain: 01 - Weird,/mnt/8tb/mediarr/torrent/arch/Serial Experiments Lain 1998 1080p BluRay FLAC 2.0 x264-Chotab/Serial Experiments Lain E01 Weird 1080p BluRay FLAC 2.0 x264-Chotab.mkv,214
1724076325,35,Serial Experiments Lain: 01 - Weird,/mnt/8tb/mediarr/torrent/arch/Serial Experiments Lain 1998 1080p BluRay FLAC 2.0 x264-Chotab/Serial Experiments Lain E01 Weird 1080p BluRay FLAC 2.0 x264-Chotab.mkv,214
1724076394,35,Serial Experiments Lain: 01 - Weird,/mnt/8tb/mediarr/torrent/arch/Serial Experiments Lain 1998 1080p BluRay FLAC 2.0 x264-Chotab/Serial Experiments Lain E01 Weird 1080p BluRay FLAC 2.0 x264-Chotab.mkv,214
1724076399,35,Serial Experiments Lain: 01 - Weird,/mnt/8tb/mediarr/torrent/arch/Serial Experiments Lain 1998 1080p BluRay FLAC 2.0 x264-Chotab/Serial Experiments Lain E01 Weird 1080p BluRay FLAC 2.0 x264-Chotab.mkv,214
1724076403,35,Serial Experiments Lain: 01 - Weird,/mnt/8tb/mediarr/torrent/arch/Serial Experiments Lain 1998 1080p BluRay FLAC 2.0 x264-Chotab/Serial Experiments Lain E01 Weird 1080p BluRay FLAC 2.0 x264-Chotab.mkv,214
1724139455,,,/mnt/8tb/mediarr/media/anime/Naruto (2002)/Naruto Shippuuden 078 - 079 - BY GENERALANIME.ML.avi,108
1724139498,,,/mnt/8tb/mediarr/media/anime/Naruto (2002)/Naruto Shippuuden 040 - 041 - BY GENERALANIME.ML.mp4,108
1724139767,,,/mnt/8tb/mediarr/media/anime/Naruto Shippuden (2007)/[HorribleSubs] Naruto Shippuuden - 80 [1080p].mkv,115
1724150853,,,/mnt/8tb/mediarr/media/anime/Naruto (2002)/Naruto Shippuuden 001 - 002 - BY GENERALANIME.ML.avi,108
1724160146,,,/home/btw/Videos/obs/2024-08-18 23-25-33.mp4,57
1724160200,,,/home/btw/Videos/obs/2024-08-20_16-21-38.mp4,57
1724169339,,,/mnt/win/Users/Root/media/mp4/قرد لاشغل ولا مشغلة.mp4,82
1724205744,,,/mnt/win/Users/Root/media/mp4/1walliid-1668648629354000384-20230613_185649-vid1 (online-video-cutter.com).mp4,122
1724205994,,,/mnt/win/Users/Root/media/mp4/IVlsh3I-1577686785748094985-20221005_184656-vid1.mp4,95
1724205999,,,/mnt/win/Users/Root/media/mp4/IW5XL-1550568979193806848-20220722_225027-vid1.mp4,93
1724212499,42,Mohammad bin Salman: Prince With Two Faces,https://www.youtube.com/watch?v=CEYMTuE0yVg,100
1724235582,42,Mohammad bin Salman: Prince With Two Faces,https://www.youtube.com/watch?v=CEYMTuE0yVg,100
1724294458,53,Theo Von - .@realDonaldTrump | This Past Weekend #526,https://x.com/TheoVon/status/1826348914158829890,116
1724317533,,,/home/btw/Downloads/الكيال باطلة.mp4,60
1724324950,,,/mnt/8tb/mediarr/media/tv/Mr. Robot (2015)/Season 3/Mr. Robot (2015) - S03E01 - eps3.0_power-saver-mode.h.mkv,122
1724325151,,,/mnt/8tb/mediarr/media/tv/Mr. Robot (2015)/Season 3/Mr. Robot (2015) - S03E01 - eps3.0_power-saver-mode.h.mkv,122
1724325200,,,/mnt/8tb/mediarr/media/tv/Mr. Robot (2015)/Season 3/Mr. Robot (2015) - S03E01 - eps3.0_power-saver-mode.h.mkv,122
1724325233,,,/mnt/8tb/mediarr/media/tv/Mr. Robot (2015)/Season 3/Mr. Robot (2015) - S03E01 - eps3.0_power-saver-mode.h.mkv,122
1724325278,,,/mnt/8tb/mediarr/media/tv/Mr. Robot (2015)/Season 3/Mr. Robot (2015) - S03E01 - eps3.0_power-saver-mode.h.mkv,122
1724325309,,,/mnt/8tb/mediarr/media/tv/Mr. Robot (2015)/Season 3/Mr. Robot (2015) - S03E01 - eps3.0_power-saver-mode.h.mkv,122
1724325440,,,/mnt/8tb/mediarr/media/tv/Mr. Robot (2015)/Season 3/Mr. Robot (2015) - S03E02 - eps3.1_undo.gz.mkv,111
1724685665,61,Video : The Step Daughter Accident - Arabella Rose Porn Video,https://w4nkr.com/video/64016/the-step-daughter-accident-arabella-rose/,147
1724737904,,,/home/btw/Videos/obs/2024-08-27 08-50-38.mkv,57
1724737926,,,/mnt/8tb/mediarr/media/tv/Mr. Robot (2015)/Season 3/Mr. Robot (2015) - S03E01 - eps3.0_power-saver-mode.h.mkv,122
1724737933,,,/home/btw/Videos/obs/2024-08-27 08-50-38.mkv,57
1724738021,,,/home/btw/Videos/obs/2024-08-27 08-50-38.mkv,57
1724738050,,,/mnt/8tb/mediarr/media/tv/Mr. Robot (2015)/Season 3/Mr. Robot (2015) - S03E01 - eps3.0_power-saver-mode.h.mkv,122
1724738064,,,/mnt/8tb/mediarr/media/tv/Mr. Robot (2015)/Season 3/Mr. Robot (2015) - S03E01 - eps3.0_power-saver-mode.h.mkv,122
1724738072,,,/mnt/8tb/mediarr/media/tv/Mr. Robot (2015)/Season 3/Mr. Robot (2015) - S03E01 - eps3.0_power-saver-mode.h.mkv,122
1724738081,,,/mnt/8tb/mediarr/media/tv/Mr. Robot (2015)/Season 3/Mr. Robot (2015) - S03E01 - eps3.0_power-saver-mode.h.mkv,122
1724738097,,,/mnt/8tb/mediarr/media/tv/Mr. Robot (2015)/Season 3/Mr. Robot (2015) - S03E01 - eps3.0_power-saver-mode.h.mkv,122
1724738105,,,/mnt/8tb/mediarr/media/tv/Mr. Robot (2015)/Season 3/Mr. Robot (2015) - S03E01 - eps3.0_power-saver-mode.h.mkv,122
1724738121,,,/mnt/8tb/mediarr/media/tv/Mr. Robot (2015)/Season 3/Mr. Robot (2015) - S03E01 - eps3.0_power-saver-mode.h.mkv,122
1724738129,,,/home/btw/Videos/obs/2024-08-27 08-50-38.mkv,57
1724738129,,,/home/btw/Videos/obs/2024-08-27_07-56-32.mp4,57
1724738133,,,/home/btw/Videos/obs/2024-08-27_08-02-19.mp4,57
1724738178,,,/home/btw/Videos/obs/2024-08-27 08-50-38.mkv,57
1724738187,,,/home/btw/Videos/obs/2024-08-27 08-50-38.mkv,57
1724738195,,,/home/btw/Videos/obs/2024-08-27 08-50-38.mkv,57
1724738206,,,/home/btw/Videos/obs/2024-08-27 08-50-38.mkv,57
1724738216,,,/home/btw/Videos/obs/2024-08-27 08-50-38.mkv,57
1724738307,,,/home/btw/Videos/obs/2024-08-27 08-50-38.mkv,57
1724738360,,,/home/btw/Videos/obs/2024-08-27 08-50-38.mkv,57
1724738364,,,/home/btw/Videos/obs/2024-08-27 08-50-38.mkv,57
1724738365,,,/home/btw/Videos/obs/2024-08-27_07-56-32.mp4,57
1724738395,,,/home/btw/Videos/obs/2024-08-27 08-50-38.mkv,57
1724738399,,,/home/btw/Videos/obs/2024-08-27 08-50-38.mkv,57
1724738425,,,/home/btw/Videos/obs/2024-08-27 08-50-38.mkv,57
1724738446,,,/home/btw/Videos/obs/2024-08-27 08-50-38.mkv,57
1724738473,,,/home/btw/Videos/obs/2024-08-27 08-50-38.mkv,57
1724738487,,,/home/btw/Videos/obs/2024-08-27 08-50-38.mkv,57
1724738494,,,/home/btw/Videos/obs/2024-08-27 08-50-38.mkv,57
1724738500,,,/home/btw/Videos/obs/2024-08-27 08-50-38.mkv,57
1724738700,,,/home/btw/Videos/obs/2024-08-27 08-50-38.mkv,57
1724738787,,,/home/btw/Videos/obs/2024-08-27 08-50-38.mkv,57
1724738796,,,/home/btw/Videos/obs/2024-08-27 08-50-38.mkv,57
1724738817,,,/mnt/8tb/mediarr/media/tv/Mr. Robot (2015)/Season 3/Mr. Robot (2015) - S03E01 - eps3.0_power-saver-mode.h.mkv,122
1724738823,,,/home/btw/Videos/obs/2024-08-27 08-50-38.mkv,57
1724739040,,,/home/btw/Videos/obs/2024-08-27 08-50-38.mkv,57
1724739060,,,/home/btw/Videos/obs/2024-08-27 08-50-38.mkv,57
1724739236,,,/home/btw/Videos/obs/2024-08-27 08-50-38.mkv,57
1724739240,,,/home/btw/Videos/obs/2024-08-27 08-50-38.mkv,57
1724739291,,,/home/btw/Videos/obs/2024-08-27 08-50-38.mkv,57
1724739318,,,/home/btw/Videos/obs/2024-08-27 08-50-38.mkv,57
1724739328,,,/home/btw/Videos/obs/2024-08-27 08-50-38.mkv,57
1724739341,,,/home/btw/Videos/obs/2024-08-27 08-50-38.mkv,57
1724739345,,,/home/btw/Videos/obs/2024-08-27 08-50-38.mkv,57
1724739347,,,/home/btw/Videos/obs/2024-08-27 08-50-38.mkv,57
1724739353,,,/home/btw/Videos/obs/2024-08-27 08-50-38.mkv,57
1724739603,,,/mnt/8tb/mediarr/media/tv/Mr. Robot (2015)/Season 3/Mr. Robot (2015) - S03E01 - eps3.0_power-saver-mode.h.mkv,122
1724739701,,,/home/btw/Videos/obs/2024-08-27 09-20-38.mkv,57
1724739875,,,/home/btw/Videos/obs/2024-08-27 09-24-02.mkv,57
1724740054,,,/home/btw/Videos/obs/2024-08-27 09-27-09.mkv,57
1724740788,,,/home/btw/Videos/obs/2024-08-27 09-39-25.mkv,57
1724740917,,,/home/btw/Videos/obs/2024-08-27 09-41-49.mkv,57
1724740997,,,/home/btw/Videos/obs/2024-08-27 09-41-49.mkv,57
1724741052,,,/home/btw/Videos/obs/2024-08-27 09-43-44.mkv,57
1724741355,,,/home/btw/Videos/obs/2024-08-27 09-48-56.mp4,57
1724741400,,,/home/btw/Videos/obs/2024-08-27 09-49-47.mp4,57
1724775009,,,rtmp://localhost:1935/stream/test,46
1724775062,,,rtmp://localhost:1935/stream/test,46
1724775124,,,rtmp://192.168.1.4:1935/stream/test,48
1724775530,,,rtmp://192.168.1.4:1935/stream/test,48
1724776083,,,https://001.emy.mx/emby/videos/1567151/master.m3u8?DeviceId=531afdb5-e045-4122-8dfb-4064e8055643&MediaSourceId=a582261f5a933ed9477bbfc7b8283b59&PlaySessionId=f062172df7c945789946c0ded95579d2&api_key=40cfa08cdb694b76a25b2859e25d8055&VideoCodec=h264,av1&AudioCodec=mp3,aac&VideoBitrate=159616000&AudioBitrate=384000&MaxWidth=3840&AudioStreamIndex=1&SubtitleStreamIndex=36&SubtitleMethod=Hls&TranscodingMaxAudioChannels=2&SegmentContainer=ts&MinSegments=1&BreakOnNonKeyFrames=True&SubtitleStreamIndexes=2,3,4,5,36,37&ManifestSubtitles=vtt&h264-profile=high,main,baseline,constrainedbaseline,high10&h264-level=62&TranscodeReasons=VideoCodecNotSupported,AudioCodecNotSupported,684
1724850716,,,rtmp://192.168.1.4:1935/stream/test,48
1724855657,48,Your Typical Local Man - https://t.co/3MtwmEoLdd,https://x.com/LocalBateman/status/1818772627659305401?t=vSLwE5Mcjr-GDLd0PKkSvQ&s=35,146
1724913257,35,Serial Experiments Lain: 01 - Weird,/mnt/8tb/mediarr/torrent/arch/Serial Experiments Lain 1998 1080p BluRay FLAC 2.0 x264-Chotab/Serial Experiments Lain E01 Weird 1080p BluRay FLAC 2.0 x264-Chotab.mkv,214
1724913264,35,Serial Experiments Lain: 02 - Girls,/mnt/8tb/mediarr/torrent/arch/Serial Experiments Lain 1998 1080p BluRay FLAC 2.0 x264-Chotab/Serial Experiments Lain E02 Girls 1080p BluRay FLAC 2.0 x264-Chotab.mkv,214
1724913279,36,Serial Experiments Lain: 03 - Psyche,/mnt/8tb/mediarr/torrent/arch/Serial Experiments Lain 1998 1080p BluRay FLAC 2.0 x264-Chotab/Serial Experiments Lain E03 Psyche 1080p BluRay FLAC 2.0 x264-Chotab.mkv,216
1724913342,38,Serial Experiments Lain: 04 - Religion,/mnt/8tb/mediarr/torrent/arch/Serial Experiments Lain 1998 1080p BluRay FLAC 2.0 x264-Chotab/Serial Experiments Lain E04 Religion 1080p BluRay FLAC 2.0 x264-Chotab.mkv,220
1724914662,40,Serial Experiments Lain: 05 - Distortion,/mnt/8tb/mediarr/torrent/arch/Serial Experiments Lain 1998 1080p BluRay FLAC 2.0 x264-Chotab/Serial Experiments Lain E05 Distortion 1080p BluRay FLAC 2.0 x264-Chotab.mkv,224
1724945226,40,Serial Experiments Lain: 05 - Distortion,/mnt/8tb/mediarr/torrent/arch/Serial Experiments Lain 1998 1080p BluRay FLAC 2.0 x264-Chotab/Serial Experiments Lain E05 Distortion 1080p BluRay FLAC 2.0 x264-Chotab.mkv,224
1725201570,,,/home/btw/Downloads/الكيال باطلة.mp4,60
1725267314,40,Serial Experiments Lain: 05 - Distortion,/mnt/8tb/mediarr/torrent/arch/Serial Experiments Lain 1998 1080p BluRay FLAC 2.0 x264-Chotab/Serial Experiments Lain E05 Distortion 1080p BluRay FLAC 2.0 x264-Chotab.mkv,224
1725375795,,,/home/btw/Downloads/ff_no_audio.mp4,48
1725431219,31,C++ Full Course for free ⚡️,https://youtu.be/-TkoO8Z07hI,74
1725431350,,,/home/btw/uni/c/C++ Full Course for free ⚡️ [-TkoO8Z07hI].webm,79
1725431579,,,/home/btw/uni/c/C++ Full Course for free ⚡️ [-TkoO8Z07hI].webm,79
1725431714,,,/home/btw/uni/c/C++ Full Course for free ⚡️ [-TkoO8Z07hI].webm,79
1725431745,,,/home/btw/uni/c/C++ Full Course for free ⚡️ [-TkoO8Z07hI].webm,79
1725432012,,,/home/btw/uni/c/C++ Full Course for free ⚡️ [-TkoO8Z07hI].webm,79
1725432129,,,/home/btw/uni/c/C++ Full Course for free [-TkoO8Z07hI].webm,72
1725432156,,,/home/btw/uni/c/C++ Full Course for free [-TkoO8Z07hI].webm,72
1725432171,,,/home/btw/uni/c/C++ Full Course for free [-TkoO8Z07hI].webm,72
1725464746,,,/mnt/win/Users/Root/media/mp4/[twitter] inffected—2023.07.29—1685358626246991873—6SpeleszcqvOI7ks.mp4,120
1725464749,,,/mnt/win/Users/Root/media/mp4/[twitter] ingredientcumen—2023.11.26—1728672370267693384—lq1oEM4XJdG6rtIP.mp4,126
1725464953,,,/mnt/win/Users/Root/media/mp4/[twitter] tw_5eir—2023.07.14—1680000722346156033—x2_3ic-epDyfCRbZ.mp4,118
1725464963,,,/mnt/win/Users/Root/media/mp4/[twitter] CursedVideos—2023.12.17—1736474399161635167—ZnSOSdB43qAYvt6l.mp4,123
1725464969,,,/mnt/win/Users/Root/media/mp4/[twitter] videosinfolder—2024.03.01—1763566934686056811—SMM8opxs7Tu4vOUi.mp4,125
1725464972,,,/mnt/win/Users/Root/media/mp4/[twitter] videosinfolder—2024.03.25—1772393497615540480—0foeN1HbZncViG_9.mp4,125
1725464981,,,/mnt/win/Users/Root/media/mp4/[twitter] videosinfolder—2024.03.25—1772393497615540480—0foeN1HbZncViG_9.mp4,125
1725464988,,,/mnt/win/Users/Root/media/mp4/[twitter] YoungPortnoy—2024.02.17—1758979292032344511—ydOuG-Dvinnf-Te7.mp4,123
1725464994,,,/mnt/win/Users/Root/media/mp4/[twitter] Wesley_Kibande—2023.12.07—1732554303464763743—VRX0YeB-_9ejCVEn.mp4,125
1725465124,,,/home/btw/uni/c/C++ Full Course for free [-TkoO8Z07hI].webm,72
1725562010,40,Serial Experiments Lain: 05 - Distortion,/mnt/8tb/mediarr/torrent/arch/Serial Experiments Lain 1998 1080p BluRay FLAC 2.0 x264-Chotab/Serial Experiments Lain E05 Distortion 1080p BluRay FLAC 2.0 x264-Chotab.mkv,224
1725574263,31,uFariis (live) 2024-09-06 01:11,https://www.twitch.tv/ufariis,75
1725618762,,,https://001.emy.mx/emby/videos/1605351/master.m3u8?DeviceId=531afdb5-e045-4122-8dfb-4064e8055643&MediaSourceId=fa3ef29bb050e27e56ddd72f482cacec&PlaySessionId=b6a15ffcebc744c7b31b29b4a86fbceb&api_key=40cfa08cdb694b76a25b2859e25d8055&VideoCodec=h264,av1&AudioCodec=mp3,aac&VideoBitrate=159616000&AudioBitrate=384000&MaxWidth=3840&AudioStreamIndex=1&SubtitleStreamIndex=4&SubtitleMethod=Hls&TranscodingMaxAudioChannels=2&SegmentContainer=ts&MinSegments=1&BreakOnNonKeyFrames=True&SubtitleStreamIndexes=2,3,4&ManifestSubtitles=vtt&h264-profile=high,main,baseline,constrainedbaseline,high10&h264-level=62&TranscodeReasons=VideoCodecNotSupported,AudioCodecNotSupported,675
1725624323,,,https://001.emy.mx/emby/videos/1605351/master.m3u8?DeviceId=531afdb5-e045-4122-8dfb-4064e8055643&MediaSourceId=fa3ef29bb050e27e56ddd72f482cacec&PlaySessionId=b6a15ffcebc744c7b31b29b4a86fbceb&api_key=40cfa08cdb694b76a25b2859e25d8055&VideoCodec=h264,av1&AudioCodec=mp3,aac&VideoBitrate=159616000&AudioBitrate=384000&MaxWidth=3840&AudioStreamIndex=1&SubtitleStreamIndex=4&SubtitleMethod=Hls&TranscodingMaxAudioChannels=2&SegmentContainer=ts&MinSegments=1&BreakOnNonKeyFrames=True&SubtitleStreamIndexes=2,3,4&ManifestSubtitles=vtt&h264-profile=high,main,baseline,constrainedbaseline,high10&h264-level=62&TranscodeReasons=VideoCodecNotSupported,AudioCodecNotSupported,675
1725896512,,,/home/btw/uni/c/C++ Full Course for free [-TkoO8Z07hI].webm,72
1725897178,,,/home/btw/uni/c/C++ Full Course for free [-TkoO8Z07hI].webm,72
1725897434,,,/home/btw/uni/c/C++ Full Course for free [-TkoO8Z07hI].webm,72
1726386698,,,/home/btw/Downloads/ff.mp4,39
1726486739,29,Long Day's Journey Into Night,https://001.emy.mx//Videos/1295095/stream?static=true&api_key=9665f84b20b04c6187f0766b57abd144,138
1726491972,22,The Way Things Are Now,https://001.emy.mx//Videos/1295097/stream?static=true&api_key=9665f84b20b04c6187f0766b57abd144,131
1726496116,12,Choosing Day,https://001.emy.mx//Videos/1295094/stream?static=true&api_key=9665f84b20b04c6187f0766b57abd144,121
1726560207,22,The Way Things Are Now,https://001.emy.mx//Videos/1295097/stream?static=true&api_key=9665f84b20b04c6187f0766b57abd144,131
1726560234,12,Choosing Day,https://001.emy.mx//Videos/1295094/stream?static=true&api_key=9665f84b20b04c6187f0766b57abd144,121
1726560246,19,A Rock and a Farway,https://001.emy.mx//Videos/1295088/stream?static=true&api_key=9665f84b20b04c6187f0766b57abd144,128
1726565838,11,Silhouettes,https://001.emy.mx//Videos/1295092/stream?static=true&api_key=9665f84b20b04c6187f0766b57abd144,120
1726576019,7,Book 74,https://001.emy.mx//Videos/1295091/stream?static=true&api_key=9665f84b20b04c6187f0766b57abd144,115
1726576562,,,/home/btw/Downloads/ff_no_audio.mp4,48
1726576566,,,/home/btw/Downloads/ff_no_audio.mp4,48
1726576569,,,/home/btw/Downloads/ff_no_audio.mp4,48
1726576664,,,/home/btw/Downloads/ff_no_audio.mp4,48
1726576679,,,/home/btw/Downloads/ff_no_audio.mp4,48
1726576978,,,/home/btw/Downloads/ff_no_audio.mp4,48
1726576993,,,/home/btw/Downloads/ff_no_audio.mp4,48
1726577211,,,/home/btw/Downloads/ff_no_audio.mp4,48
1726577222,,,/home/btw/Downloads/ff_no_audio.mp4,48
1726577425,,,/home/btw/Downloads/ff_no_audio.mp4,48
1726577444,,,/home/btw/Downloads/ff_no_audio.mp4,48
1726578286,,,/home/btw/Downloads/ff_no_audio.mp4,48
1726578303,,,/home/btw/Downloads/final_video.mp4,48
1726578357,,,/home/btw/Downloads/ff_no_audio.mp4,48
1726579706,26,You S02E01 A Fresh Start  ,https://001.emy.mx//Videos/1292410/stream?static=true&api_key=9665f84b20b04c6187f0766b57abd144&Container=mp4,149
1726580316,,,https://001.emy.mx//Videos/1295091/stream?static=true&api_key=9665f84b20b04c6187f0766b57abd144&Container=mp4,121
1726580568,,,https://001.emy.mx//Videos/1295091/stream?static=true&api_key=9665f84b20b04c6187f0766b57abd144&Container=mp4,121
1726580985,,,https://001.emy.mx//Videos/1295091/stream?static=true&api_key=9665f84b20b04c6187f0766b57abd144&Container=mp4,121
1726581202,,,https://001.emy.mx//Videos/1295091/stream?static=true&api_key=9665f84b20b04c6187f0766b57abd144&Container=mp4,121
1726581393,,,https://001.emy.mx//Videos/1295091/stream?static=true&api_key=9665f84b20b04c6187f0766b57abd144&Container=mp4,121
1726582612,,,https://001.emy.mx//Videos/1295091/stream?static=true&api_key=9665f84b20b04c6187f0766b57abd144&Container=mp4,121
1726582868,,,https://001.emy.mx//Videos/1295091/stream?static=true&api_key=9665f84b20b04c6187f0766b57abd144&Container=mp4,121
1726582910,,,https://001.emy.mx//Videos/1566659/stream?static=true&api_key=9665f84b20b04c6187f0766b57abd144&Container=mp4,121
1726582958,,,https://001.emy.mx//Videos/1566659/stream?static=true&api_key=9665f84b20b04c6187f0766b57abd144&Container=mp4,121
1726583015,25,Blade Runner 2049 (2017) ,https://001.emy.mx//Videos/1567241/stream?static=true&api_key=9665f84b20b04c6187f0766b57abd144&Container=mp4,148
1726583579,,,https://001.emy.mx//Videos/1295091/stream?static=true&api_key=9665f84b20b04c6187f0766b57abd144&Container=mp4,121
1726583696,,,https://001.emy.mx//Videos/1295091/stream?static=true&api_key=9665f84b20b04c6187f0766b57abd144&Container=mp4,121
1726583783,,,https://001.emy.mx//Videos/1295091/stream?static=true&api_key=9665f84b20b04c6187f0766b57abd144&Container=mp4,121
1726583880,,,https://001.emy.mx//Videos/1295091/stream?static=true&api_key=9665f84b20b04c6187f0766b57abd144&Container=mp4,121
1726584250,,,https://001.emy.mx//Videos/1295092/stream?static=true&api_key=9665f84b20b04c6187f0766b57abd144&Container=mp4,121
1726587699,,,/mnt/8tb/mediarr/media/tv/Mr. Robot (2015)/Season 3/Mr. Robot (2015) - S03E01 - eps3.0_power-saver-mode.h.mkv,122
1726592840,,,/home/btw/Mr. Robot (2015) - S03E01 - eps3.0_power-saver-mode.h-cut-00.00.00.000-00.05.06.167.mp4,110
1726594162,,,https://001.emy.mx//Videos/1295090/stream?static=true&api_key=9665f84b20b04c6187f0766b57abd144&Container=mp4,121
1726594167,,,https://001.emy.mx//Videos/1295096/stream?static=true&api_key=9665f84b20b04c6187f0766b57abd144&Container=mp4,121
1726594187,,,https://001.emy.mx//Videos/1295090/stream?static=true&api_key=9665f84b20b04c6187f0766b57abd144&Container=mp4,121
1726594232,,,https://001.emy.mx//Videos/1295090/stream?static=true&api_key=9665f84b20b04c6187f0766b57abd144&Container=mp4,121
1726594285,,,https://001.emy.mx//Videos/1295090/stream?static=true&api_key=9665f84b20b04c6187f0766b57abd144&Container=mp4,121
1726594322,,,https://001.emy.mx//Videos/1295090/stream?static=true&api_key=9665f84b20b04c6187f0766b57abd144&Container=mp4,121
1726594455,,,https://001.emy.mx//Videos/1295095/stream?static=true&api_key=9665f84b20b04c6187f0766b57abd144&Container=mp4,121
1726594484,,,https://001.emy.mx//Videos/1295088/stream?static=true&api_key=9665f84b20b04c6187f0766b57abd144&Container=mp4,121
1726594547,,,https://001.emy.mx//Videos/1295090/stream?static=true&api_key=9665f84b20b04c6187f0766b57abd144&Container=mp4,121
1726594586,,,https://001.emy.mx//Videos/1295096/stream?static=true&api_key=9665f84b20b04c6187f0766b57abd144&Container=mp4,121
1726594593,,,https://001.emy.mx//Videos/1295093/stream?static=true&api_key=9665f84b20b04c6187f0766b57abd144&Container=mp4,121
1726594617,,,https://001.emy.mx//Videos/1295090/stream?static=true&api_key=9665f84b20b04c6187f0766b57abd144&Container=mp4,121
1726594649,,,https://001.emy.mx//Videos/1295095/stream?static=true&api_key=9665f84b20b04c6187f0766b57abd144&Container=mp4,121
1726594673,,,https://001.emy.mx//Videos/1295090/stream?static=true&api_key=9665f84b20b04c6187f0766b57abd144&Container=mp4,121
1726594966,,,https://001.emy.mx//Videos/1295095/stream?static=true&api_key=9665f84b20b04c6187f0766b57abd144&Container=mp4,121
1726594976,,,https://001.emy.mx//Videos/1295097/stream?static=true&api_key=9665f84b20b04c6187f0766b57abd144&Container=mp4,121
1726594985,,,https://001.emy.mx//Videos/1295094/stream?static=true&api_key=9665f84b20b04c6187f0766b57abd144&Container=mp4,121
1726594999,,,https://001.emy.mx//Videos/1295088/stream?static=true&api_key=9665f84b20b04c6187f0766b57abd144&Container=mp4,121
1726595016,,,https://001.emy.mx//Videos/1295092/stream?static=true&api_key=9665f84b20b04c6187f0766b57abd144&Container=mp4,121
1726595027,,,https://001.emy.mx//Videos/1295091/stream?static=true&api_key=9665f84b20b04c6187f0766b57abd144&Container=mp4,121
1726595230,,,https://001.emy.mx//Videos/1295091/stream?static=true&api_key=9665f84b20b04c6187f0766b57abd144&Container=mp4,121
1726595256,,,https://001.emy.mx//Videos/1295089/stream?static=true&api_key=9665f84b20b04c6187f0766b57abd144&Container=mp4,121
1726604058,,,https://001.emy.mx//Videos/1295089/stream?static=true&api_key=9665f84b20b04c6187f0766b57abd144&Container=mp4,121
1726604561,,,https://001.emy.mx//Videos/1295092/stream?static=true&api_key=9665f84b20b04c6187f0766b57abd144&Container=mp4,121
1726604969,,,https://001.emy.mx//Videos/1295089/stream?static=true&api_key=9665f84b20b04c6187f0766b57abd144&Container=mp4,121
1726605310,,,https://001.emy.mx//Videos/920081/stream?static=true&api_key=9665f84b20b04c6187f0766b57abd144&Container=mp4,120
1726660917,,,https://001.emy.mx//Videos/1295089/stream?static=true&api_key=9665f84b20b04c6187f0766b57abd144&Container=mp4,121
1726663763,,,https://001.emy.mx//Videos/1295095/stream?static=true&api_key=9665f84b20b04c6187f0766b57abd144&Container=mp4,121
1726663772,,,https://001.emy.mx//Videos/1295097/stream?static=true&api_key=9665f84b20b04c6187f0766b57abd144&Container=mp4,121
1726663775,,,https://001.emy.mx//Videos/1295094/stream?static=true&api_key=9665f84b20b04c6187f0766b57abd144&Container=mp4,121
1726663779,,,https://001.emy.mx//Videos/1295088/stream?static=true&api_key=9665f84b20b04c6187f0766b57abd144&Container=mp4,121
1726663783,,,https://001.emy.mx//Videos/1295092/stream?static=true&api_key=9665f84b20b04c6187f0766b57abd144&Container=mp4,121
1726663788,,,https://001.emy.mx//Videos/1295091/stream?static=true&api_key=9665f84b20b04c6187f0766b57abd144&Container=mp4,121
1726663792,,,https://001.emy.mx//Videos/1295089/stream?static=true&api_key=9665f84b20b04c6187f0766b57abd144&Container=mp4,121
1726663800,,,https://001.emy.mx//Videos/1295093/stream?static=true&api_key=9665f84b20b04c6187f0766b57abd144&Container=mp4,121
1726670545,,,https://001.emy.mx//Videos/1295093/stream?static=true&api_key=9665f84b20b04c6187f0766b57abd144&Container=mp4,121
1726671108,,,https://001.emy.mx//Videos/1295096/stream?static=true&api_key=9665f84b20b04c6187f0766b57abd144&Container=mp4,121
1726671130,68,[SOFCJ-Raws] Hunter X Hunter - 001 (BDRip 1920x1080 x264 10bit FLAC),https://001.emy.mx//Videos/1456529/stream?static=true&api_key=9665f84b20b04c6187f0766b57abd144&Container=mp4,191
1726671303,,,https://001.emy.mx//Videos/1285913/stream?static=true&api_key=9665f84b20b04c6187f0766b57abd144&Container=mp4,121
1726671350,,,https://001.emy.mx//Videos/1295096/stream?static=true&api_key=9665f84b20b04c6187f0766b57abd144&Container=mp4,121
1726671507,,,https://001.emy.mx//Videos/1295096/stream?static=true&api_key=9665f84b20b04c6187f0766b57abd144&Container=mp4,121
1726671514,,,https://001.emy.mx//Videos/1295096/stream?static=true&api_key=9665f84b20b04c6187f0766b57abd144&Container=mp4,121
1726676341,,,https://001.emy.mx//Videos/1295096/stream?static=true&api_key=9665f84b20b04c6187f0766b57abd144&Container=mp4,121
1726684690,,,https://001.emy.mx//Videos/1295090/stream?static=true&api_key=9665f84b20b04c6187f0766b57abd144&Container=mp4,121
1726688010,,,https://001.emy.mx//Videos/1295086/stream?static=true&api_key=9665f84b20b04c6187f0766b57abd144&Container=mp4,121
1726693486,,,https://001.emy.mx//Videos/1295086/stream?static=true&api_key=9665f84b20b04c6187f0766b57abd144,107
1726695354,,,https://001.emy.mx//Videos/1295087/stream?static=true&api_key=9665f84b20b04c6187f0766b57abd144&Container=mp4,121
1726745792,,,https://001.emy.mx//Videos/1295087/stream?static=true&api_key=9665f84b20b04c6187f0766b57abd144&Container=mp4,121
1726745800,,,https://001.emy.mx//Videos/1295082/stream?static=true&api_key=9665f84b20b04c6187f0766b57abd144&Container=mp4,121
1726749736,,,https://001.emy.mx//Videos/1295081/stream?static=true&api_key=9665f84b20b04c6187f0766b57abd144&Container=mp4,121
1726756634,,,https://001.emy.mx//Videos/1295083/stream?static=true&api_key=9665f84b20b04c6187f0766b57abd144&Container=mp4,121
1726818314,,,https://001.emy.mx//Videos/1295083/stream?static=true&api_key=9665f84b20b04c6187f0766b57abd144&Container=mp4,121
1726818320,,,https://001.emy.mx//Videos/1295085/stream?static=true&api_key=9665f84b20b04c6187f0766b57abd144&Container=mp4,121
1726829274,,,https://001.emy.mx//Videos/1295084/stream?static=true&api_key=9665f84b20b04c6187f0766b57abd144&Container=mp4,121
1726834202,,,https://001.emy.mx//Videos/1295079/stream?static=true&api_key=9665f84b20b04c6187f0766b57abd144&Container=mp4,121
1726834299,,,https://001.emy.mx//Videos/1295079/stream?static=true&api_key=9665f84b20b04c6187f0766b57abd144&Container=mp4,121
1726838963,,,https://001.emy.mx//Videos/1295078/stream?static=true&api_key=9665f84b20b04c6187f0766b57abd144&Container=mp4,121
1726842065,,,https://001.emy.mx//Videos/1295080/stream?static=true&api_key=9665f84b20b04c6187f0766b57abd144&Container=mp4,121
1726846944,,,https://001.emy.mx//Videos/1295095/stream?static=true&api_key=9665f84b20b04c6187f0766b57abd144&Container=mp4,121
1726846970,,,https://001.emy.mx//Videos/1295095/stream?static=true&api_key=9665f84b20b04c6187f0766b57abd144&Container=mp4,121
1726846985,,,https://001.emy.mx//Videos/1295095/stream?static=true&api_key=9665f84b20b04c6187f0766b57abd144&Container=mp4,121
1726850829,,,/mnt/win/Users/Root/media/mp4/مشي اسطورة الرياض.mp4,79
1726868157,,,https://001.emy.mx//Videos/1527369/stream?static=true&api_key=9665f84b20b04c6187f0766b57abd144&Container=mp4,121
1726868429,,,https://001.emy.mx/emby/videos/1527369/master.m3u8?DeviceId=531afdb5-e045-4122-8dfb-4064e8055643&MediaSourceId=e3a75225a92cdb24ba14c8e0b8711e1d&PlaySessionId=4b6b7c6ca9394a19b52273b1b64ab34b&api_key=40cfa08cdb694b76a25b2859e25d8055&VideoCodec=h264,av1&AudioCodec=mp3,aac&VideoBitrate=159744000&AudioBitrate=256000&MaxWidth=3840&AudioStreamIndex=1&SubtitleStreamIndex=28&SubtitleMethod=Hls&TranscodingMaxAudioChannels=2&SegmentContainer=ts&MinSegments=1&BreakOnNonKeyFrames=True&SubtitleStreamIndexes=2,3,4,5,6,28&ManifestSubtitles=vtt&h264-profile=high,main,baseline,constrainedbaseline,high10&h264-level=62&TranscodeReasons=VideoCodecNotSupported,AudioCodecNotSupported,683
1726868664,29,Long Day's Journey Into Night,https://001.emy.mx//Videos/1295095/stream?static=true&api_key=9665f84b20b04c6187f0766b57abd144,138
1726868923,,,https://001.emy.mx//Videos/1527369/stream?static=true&api_key=9665f84b20b04c6187f0766b57abd144&Container=mp4,121
1726869065,,,https://001.emy.mx//Videos/1527369/stream?static=true&api_key=9665f84b20b04c6187f0766b57abd144&Container=mp4,121
1726869106,,,https://001.emy.mx//Videos/1527369/stream?static=true&api_key=9665f84b20b04c6187f0766b57abd144&Container=mp4,121
1726869154,,,https://001.emy.mx//Videos/1527369/stream?static=true&api_key=9665f84b20b04c6187f0766b57abd144&Container=mp4,121
1726869431,,,https://001.emy.mx//Videos/1295095/stream?static=true&api_key=9665f84b20b04c6187f0766b57abd144&Container=mp4,121
1726869622,,,https://001.emy.mx//Videos/1295086/stream?static=true&api_key=9665f84b20b04c6187f0766b57abd144&Container=mp4,121
1726905564,,,https://001.emy.mx//Videos/1295087/stream?static=true&api_key=9665f84b20b04c6187f0766b57abd144&Container=mp4,121
1726905593,,,https://001.emy.mx//Videos/1295087/stream?static=true&api_key=9665f84b20b04c6187f0766b57abd144,107
1726905641,,,https://001.emy.mx//Videos/1527369/stream?static=true&api_key=9665f84b20b04c6187f0766b57abd144,107
1726905656,,,https://001.emy.mx//Videos/1527369/stream?static=true&api_key=9665f84b20b04c6187f0766b57abd144,107
1726905680,,,https://001.emy.mx//Videos/1527369/stream?static=true&api_key=9665f84b20b04c6187f0766b57abd144,107
1726905783,,,https://001.emy.mx//Videos/1527369/stream?static=true&api_key=9665f84b20b04c6187f0766b57abd144,107
1726905813,,,https://001.emy.mx//Videos/1527369/stream?static=true&api_key=9665f84b20b04c6187f0766b57abd144,107
1726905820,,,https://001.emy.mx//Videos/1527369/stream?static=true&api_key=9665f84b20b04c6187f0766b57abd144,107
1726905827,,,https://001.emy.mx//Videos/1527369/stream?static=true&api_key=9665f84b20b04c6187f0766b57abd144,107
1726919065,,,https://001.emy.mx//Videos/1295086/stream?static=true&api_key=9665f84b20b04c6187f0766b57abd144&Container=mp4,121
1726919652,,,https://001.emy.mx//Videos/1295086/stream?static=true&api_key=9665f84b20b04c6187f0766b57abd144&Container=mp4,121
1726919844,,,https://001.emy.mx//Videos/1295095/stream?static=true&api_key=9665f84b20b04c6187f0766b57abd144&Container=mp4,121
1726920090,,,https://001.emy.mx//Videos/1295095/stream?static=true&api_key=9665f84b20b04c6187f0766b57abd144&Container=mp4,121
1726920111,,,https://001.emy.mx//Videos/1527369/stream?static=true&api_key=9665f84b20b04c6187f0766b57abd144&Container=mp4,121
1726920838,,,https://001.emy.mx//Videos/1527369/stream?static=true&api_key=9665f84b20b04c6187f0766b57abd144&Container=mp4,121
1726921251,,,https://001.emy.mx//Videos/1295087/stream?static=true&api_key=9665f84b20b04c6187f0766b57abd144&Container=mp4,121
1726921390,,,https://001.emy.mx//Videos/1295086/stream?static=true&api_key=9665f84b20b04c6187f0766b57abd144&Container=mp4,121
1726922552,,,https://001.emy.mx//Videos/1295086/stream?static=true&api_key=9665f84b20b04c6187f0766b57abd144&Container=mp4,121
1726923142,,,https://001.emy.mx//Videos/1295095/stream?static=true&api_key=9665f84b20b04c6187f0766b57abd144&Container=mp4,121
1726923148,,,https://001.emy.mx//Videos/1295097/stream?static=true&api_key=9665f84b20b04c6187f0766b57abd144&Container=mp4,121
1726932003,,,https://001.emy.mx//Videos/1566842/stream?static=true&api_key=9665f84b20b04c6187f0766b57abd144&Container=mp4,121
1726941684,,,https://001.emy.mx//Videos/1295097/stream?static=true&api_key=9665f84b20b04c6187f0766b57abd144&Container=mp4,121
1726941719,,,https://001.emy.mx//Videos/1295095/stream?static=true&api_key=9665f84b20b04c6187f0766b57abd144&Container=mp4,121
1726943522,,,https://001.emy.mx//Videos/1566842/stream?static=true&api_key=9665f84b20b04c6187f0766b57abd144&Container=mp4,121
1726946253,24,Zootopia (2016) (2160p) ,https://001.emy.mx//Videos/1611107/stream?static=true&api_key=9665f84b20b04c6187f0766b57abd144&Container=mp4,147
1726946342,74,[ReinForce] Hentai Ouji to Warawanai Neko - 01 (BDRip 1920x1080 x264 FLAC),https://001.emy.mx//Videos/1441163/stream?static=true&api_key=9665f84b20b04c6187f0766b57abd144&Container=mp4,197
1726949604,,,https://001.emy.mx//Videos/1295086/stream?static=true&api_key=9665f84b20b04c6187f0766b57abd144&Container=mp4,121
1726950430,,,https://001.emy.mx//Videos/1295086/stream?static=true&api_key=9665f84b20b04c6187f0766b57abd144&Container=mp4,121
1726950443,,,https://001.emy.mx//Videos/1295086/stream?static=true&api_key=9665f84b20b04c6187f0766b57abd144&Container=mp4,121
1726950567,,,https://001.emy.mx//Videos/1295095/stream?static=true&api_key=9665f84b20b04c6187f0766b57abd144&Container=mp4,121
1726950606,,,https://001.emy.mx//Videos/1295095/stream?static=true&api_key=9665f84b20b04c6187f0766b57abd144&Container=mp4,121
1726950754,,,https://001.emy.mx//Videos/1295086/stream?static=true&api_key=9665f84b20b04c6187f0766b57abd144&Container=mp4,121
1726950764,,,https://001.emy.mx//Videos/1295086/stream?static=true&api_key=9665f84b20b04c6187f0766b57abd144&Container=mp4,121
1726952041,,,https://001.emy.mx//Videos/1295086/stream?static=true&api_key=9665f84b20b04c6187f0766b57abd144&Container=mp4,121
1726953384,,,https://001.emy.mx//Videos/1295086/stream?static=true&api_key=9665f84b20b04c6187f0766b57abd144&Container=mp4,121
1726953421,,,https://001.emy.mx//Videos/1295086/stream?static=true&api_key=9665f84b20b04c6187f0766b57abd144&Container=mp4,121
1726988485,,,https://001.emy.mx//Videos/1295086/stream?static=true&api_key=9665f84b20b04c6187f0766b57abd144&Container=mp4,121
1726988682,,,https://001.emy.mx/Videos/1295086/stream?static=true&api_key=9665f84b20b04c6187f0766b57abd144&Container=mp4,120
1726988777,,,https://001.emy.mx/Videos/1295086/stream?static=true&api_key=9665f84b20b04c6187f0766b57abd144&Container=mp4,120
1726989309,,,https://001.emy.mx//Videos/1295086/stream?static=true&api_key=9665f84b20b04c6187f0766b57abd144&Container=mp4,121
1726989332,,,https://001.emy.mx//Videos/1295086/stream?static=true&api_key=9665f84b20b04c6187f0766b57abd144&Container=mp4,121
1726989617,,,https://001.emy.mx//Videos/1295086/stream?static=true&api_key=9665f84b20b04c6187f0766b57abd144&Container=mp4,121
1726989828,,,https://001.emy.mx//Videos/1295086/stream?static=true&api_key=9665f84b20b04c6187f0766b57abd144&Container=mp4,121
1726989859,,,https://001.emy.mx//Videos/1295087/stream?static=true&api_key=9665f84b20b04c6187f0766b57abd144&Container=mp4,121
1726989963,,,https://001.emy.mx//Videos/1295087/stream?static=true&api_key=9665f84b20b04c6187f0766b57abd144&Container=mp4,121
1726989975,,,https://001.emy.mx//Videos/1295082/stream?static=true&api_key=9665f84b20b04c6187f0766b57abd144&Container=mp4,121
1726990104,,,https://001.emy.mx//Videos/1295082/stream?static=true&api_key=9665f84b20b04c6187f0766b57abd144&Container=mp4,121
1726990142,,,https://001.emy.mx//Videos/1295095/stream?static=true&api_key=9665f84b20b04c6187f0766b57abd144&Container=mp4,121
1726990151,,,https://001.emy.mx//Videos/1295095/stream?static=true&api_key=9665f84b20b04c6187f0766b57abd144&Container=mp4,121
1726990161,,,https://001.emy.mx//Videos/1295097/stream?static=true&api_key=9665f84b20b04c6187f0766b57abd144&Container=mp4,121
1726992940,,,https://001.emy.mx//Videos/1591741/stream?static=true&api_key=9665f84b20b04c6187f0766b57abd144&Container=mp4,121
1726994472,,,https://001.emy.mx//Videos/1594118/stream?static=true&api_key=9665f84b20b04c6187f0766b57abd144&Container=mp4,121
1726996855,,,http://localhost:8000/webtorrent/4ba5a9fb4a9e03bbf42f31214230eb66502300f7/From.S03E01.2160p.WEB.H265-LAZYCUNTS[TGx]/from.s03e01.2160p.web.h265-lazycunts.mkv,169
1727000635,32,KaiCenat (live) 2024-09-22 13:23,https://www.twitch.tv/kaicenat,77
1727001535,,,/home/btw/Downloads/arch.mp4,41
1727017710,,,https://001.emy.mx//Videos/1597422/stream?static=true&api_key=9665f84b20b04c6187f0766b57abd144&Container=mp4,121
1727030015,,,https://001.emy.mx//Videos/1600117/stream?static=true&api_key=9665f84b20b04c6187f0766b57abd144&Container=mp4,121
1727034188,,,https://001.emy.mx//Videos/1603454/stream?static=true&api_key=9665f84b20b04c6187f0766b57abd144&Container=mp4,121
1727035717,,,https://001.emy.mx//Videos/1606152/stream?static=true&api_key=9665f84b20b04c6187f0766b57abd144&Container=mp4,121
1727041004,,,https://001.emy.mx//Videos/1609804/stream?static=true&api_key=9665f84b20b04c6187f0766b57abd144&Container=mp4,121
1727076877,7,Shatter,https://001.emy.mx//Videos/1677716/stream?static=true&api_key=9665f84b20b04c6187f0766b57abd144,115
1727081839,,,https://001.emy.mx//Videos/1609804/stream?static=true&api_key=9665f84b20b04c6187f0766b57abd144&Container=mp4,121
1727081845,,,https://001.emy.mx//Videos/1612110/stream?static=true&api_key=9665f84b20b04c6187f0766b57abd144&Container=mp4,121
1727083183,,,https://001.emy.mx//Videos/1614386/stream?static=true&api_key=9665f84b20b04c6187f0766b57abd144&Container=mp4,121
1727085762,,,https://001.emy.mx//Videos/1620253/stream?static=true&api_key=9665f84b20b04c6187f0766b57abd144&Container=mp4,121
1727089183,,,https://001.emy.mx//Videos/1677242/stream?static=true&api_key=9665f84b20b04c6187f0766b57abd144&Container=mp4,121
1727090900,,,/home/btw/Downloads/[twitter] midroid5G—2024.09.23—1838178167749787930—aax8_qDdWPacol0d.mp4,110
1727186893,,,https://001.emy.mx//Videos/1147655/stream?static=true&api_key=9665f84b20b04c6187f0766b57abd144&Container=mp4,121
1727187136,,,https://001.emy.mx//Videos/1147655/stream?static=true&api_key=9665f84b20b04c6187f0766b57abd144&Container=mp4,121
1727188830,,,https://001.emy.mx//Videos/1147655/stream?static=true&api_key=9665f84b20b04c6187f0766b57abd144&Container=mp4,121
1727188992,,,https://001.emy.mx//Videos/1147655/stream?static=true&api_key=9665f84b20b04c6187f0766b57abd144&Container=mp4,121
1727189143,,,https://001.emy.mx//Videos/1147655/stream?static=true&api_key=9665f84b20b04c6187f0766b57abd144&Container=mp4,121
1727189205,25,Blade Runner 2049 (2017) ,https://001.emy.mx//Videos/1567241/stream?static=true&api_key=9665f84b20b04c6187f0766b57abd144&Container=mp4,148
1727189470,,,https://001.emy.mx//Videos/1147655/stream?static=true&api_key=9665f84b20b04c6187f0766b57abd144&Container=mp4,121
1727189503,,,https://001.emy.mx//Videos/1147655/stream?static=true&api_key=9665f84b20b04c6187f0766b57abd144&Container=mp4,121
1727189525,,,https://001.emy.mx//Videos/1147655/stream?static=true&api_key=9665f84b20b04c6187f0766b57abd144&Container=mp4,121
1727189536,,,https://001.emy.mx//Videos/1147655/stream?static=true&api_key=9665f84b20b04c6187f0766b57abd144&Container=mp4,121
1727189569,,,https://001.emy.mx//Videos/1147655/stream?static=true&api_key=9665f84b20b04c6187f0766b57abd144&Container=mp4,121
1727189597,,,https://001.emy.mx//Videos/1147655/stream?static=true&api_key=9665f84b20b04c6187f0766b57abd144&Container=mp4,121
1727189639,,,https://001.emy.mx//Videos/1147655/stream?static=true&api_key=9665f84b20b04c6187f0766b57abd144&Container=mp4,121
1727189661,,,https://001.emy.mx//Videos/1147655/stream?static=true&api_key=9665f84b20b04c6187f0766b57abd144&Container=mp4,121
1727189734,,,https://001.emy.mx//Videos/1147655/stream?static=true&api_key=9665f84b20b04c6187f0766b57abd144&Container=mp4,121
1727189750,,,https://001.emy.mx//Videos/1147655/stream?static=true&api_key=9665f84b20b04c6187f0766b57abd144&Container=mp4,121
1727189857,,,https://001.emy.mx//Videos/1147655/stream?static=true&api_key=9665f84b20b04c6187f0766b57abd144&Container=mp4,121
1727189934,,,https://001.emy.mx//Videos/1147655/stream?static=true&api_key=9665f84b20b04c6187f0766b57abd144&Container=mp4,121
1727189949,,,https://001.emy.mx//Videos/1147655/stream?static=true&api_key=9665f84b20b04c6187f0766b57abd144&Container=mp4,121
1727189975,,,https://001.emy.mx//Videos/1147655/stream?static=true&api_key=9665f84b20b04c6187f0766b57abd144&Container=mp4,121
1727189998,,,https://001.emy.mx//Videos/1147655/stream?static=true&api_key=9665f84b20b04c6187f0766b57abd144&Container=mp4,121
1727190022,,,https://001.emy.mx//Videos/1147655/stream?static=true&api_key=9665f84b20b04c6187f0766b57abd144&Container=mp4,121
1727195116,,,https://001.emy.mx//Videos/1147651/stream?static=true&api_key=9665f84b20b04c6187f0766b57abd144&Container=mp4,121
1727265940,,,https://001.emy.mx//Videos/1147651/stream?static=true&api_key=9665f84b20b04c6187f0766b57abd144&Container=mp4,121
1727265949,,,https://001.emy.mx//Videos/1147653/stream?static=true&api_key=9665f84b20b04c6187f0766b57abd144&Container=mp4,121
1727267215,,,https://001.emy.mx//Videos/1147652/stream?static=true&api_key=9665f84b20b04c6187f0766b57abd144&Container=mp4,121
1727267227,,,https://001.emy.mx//Videos/1147654/stream?static=true&api_key=9665f84b20b04c6187f0766b57abd144&Container=mp4,121
1727268535,,,https://001.emy.mx//Videos/1147807/stream?static=true&api_key=9665f84b20b04c6187f0766b57abd144&Container=mp4,121
1727277826,,,https://001.emy.mx//Videos/1549497/stream?static=true&api_key=9665f84b20b04c6187f0766b57abd144&Container=mp4,121
1727277852,,,https://001.emy.mx//Videos/1147807/stream?static=true&api_key=9665f84b20b04c6187f0766b57abd144&Container=mp4,121
1727277859,,,https://001.emy.mx//Videos/1155421/stream?static=true&api_key=9665f84b20b04c6187f0766b57abd144&Container=mp4,121
1727325875,,,https://001.emy.mx//Videos/1155421/stream?static=true&api_key=9665f84b20b04c6187f0766b57abd144&Container=mp4,121
1727327163,,,https://001.emy.mx//Videos/1159445/stream?static=true&api_key=9665f84b20b04c6187f0766b57abd144&Container=mp4,121
1727327310,,,https://001.emy.mx//Videos/1164775/stream?static=true&api_key=9665f84b20b04c6187f0766b57abd144&Container=mp4,121
1727328833,,,https://001.emy.mx//Videos/1169170/stream?static=true&api_key=9665f84b20b04c6187f0766b57abd144&Container=mp4,121
1727332159,,,/home/btw/24bit192kHz - CEO شاورمر [1474748883347648513].mp4,79
1727332208,,,/home/btw/Videos/obs/2024-09-21 22-18-44.mp4,57
1727409250,,,https://001.emy.mx//Videos/1567302/stream?static=true&api_key=9665f84b20b04c6187f0766b57abd144&Container=mp4,121
1727409396,,,https://001.emy.mx//Videos/1566931/stream?static=true&api_key=9665f84b20b04c6187f0766b57abd144&Container=mp4,121
1727409449,,,https://001.emy.mx//Videos/1567302/stream?static=true&api_key=9665f84b20b04c6187f0766b57abd144&Container=mp4,121
1727422308,,,/home/btw/test/av1/short_segment_crf35.mkv,55
1727422334,,,/home/btw/test/av1/short_segment.mkv,49
1727422493,,,/home/btw/test/av1/short_segment_crf23.mkv,55
1727422504,,,/home/btw/test/av1/short_segment_crf28.mkv,55
1727422513,,,/home/btw/test/av1/short_segment.mkv,49
1727423126,,,/home/btw/Mr. Robot_S03E01_SVT-AV1.mkv,51
1727438246,,,/home/btw/Mr. Robot (2015) - S03E01 - eps3.0_power-saver-mode.h-cut.mkv,84
1727438250,,,/home/btw/output_av1.mkv,37
1727438258,,,/home/btw/output_av1.mkv,37
1727438258,,,/home/btw/Mr. Robot (2015) - S03E01 - eps3.0_power-saver-mode.h-cut.mkv,84
1727438373,,,/home/btw/output_av1.mkv,37
1727438373,,,/home/btw/Mr. Robot (2015) - S03E01 - eps3.0_power-saver-mode.h-cut.mkv,84
1727438443,,,/home/btw/output_av1.mkv,37
1727438443,,,/home/btw/Mr. Robot (2015) - S03E01 - eps3.0_power-saver-mode.h-cut.mkv,84
1727445740,,,/home/btw/yt-dl/2020 LG OLED l  The Black 4K HDR 60fps.mp4,71
1727445873,,,/home/btw/yt-dl/2020 LG OLED l  The Black 4K HDR 60fps.mp4,71
1727511566,,,/mnt/8tb/mediarr/torrent/arch/Mr.Robot.S03.1080p.BluRay.REMUX.AVC.DTS-HD.MA.5.1-NOGRP[rartv]/Mr.Robot.S03E01.eps3.0_power-saver-mode.h.1080p.BluRay.REMUX.AVC.DTS-HD.MA.5.1-NOGRP.mkv,194
1727514569,,,/mnt/8tb/mediarr/torrent/arch/Mr.Robot.S03.1080p.BluRay.REMUX.AVC.DTS-HD.MA.5.1-NOGRP[rartv]/darft-robot_av1.mkv,125
1727514622,,,/mnt/8tb/mediarr/torrent/arch/Mr.Robot.S03.1080p.BluRay.REMUX.AVC.DTS-HD.MA.5.1-NOGRP[rartv]/darft-robot.mkv,121
1727514690,,,/mnt/8tb/mediarr/torrent/arch/Mr.Robot.S03.1080p.BluRay.REMUX.AVC.DTS-HD.MA.5.1-NOGRP[rartv]/darft-robot_h265.mkv,126
1727515805,,,/mnt/8tb/mediarr/torrent/arch/Mr.Robot.S03.1080p.BluRay.REMUX.AVC.DTS-HD.MA.5.1-NOGRP[rartv]/darft-robot_h265_nvenc.mkv,132
1727515847,,,/mnt/8tb/mediarr/torrent/arch/Mr.Robot.S03.1080p.BluRay.REMUX.AVC.DTS-HD.MA.5.1-NOGRP[rartv]/darft-robot_h265_nvenc.mkv,132
1727515847,,,/mnt/8tb/mediarr/torrent/arch/Mr.Robot.S03.1080p.BluRay.REMUX.AVC.DTS-HD.MA.5.1-NOGRP[rartv]/darft-robot.mkv,121
1727516011,,,/mnt/8tb/mediarr/torrent/arch/Mr.Robot.S03.1080p.BluRay.REMUX.AVC.DTS-HD.MA.5.1-NOGRP[rartv]/darft-robot_av1.mkv,125
1727516011,,,/mnt/8tb/mediarr/torrent/arch/Mr.Robot.S03.1080p.BluRay.REMUX.AVC.DTS-HD.MA.5.1-NOGRP[rartv]/darft-robot_h265.mkv,126
1727516011,,,/mnt/8tb/mediarr/torrent/arch/Mr.Robot.S03.1080p.BluRay.REMUX.AVC.DTS-HD.MA.5.1-NOGRP[rartv]/darft-robot_h265_nvenc.mkv,132
1727516011,,,/mnt/8tb/mediarr/torrent/arch/Mr.Robot.S03.1080p.BluRay.REMUX.AVC.DTS-HD.MA.5.1-NOGRP[rartv]/darft-robot.mkv,121
1727516836,,,/mnt/8tb/mediarr/torrent/arch/Mr.Robot.S03.1080p.BluRay.REMUX.AVC.DTS-HD.MA.5.1-NOGRP[rartv]/darft-robot_h265.mp4,126
1727517271,,,/mnt/8tb/mediarr/torrent/arch/Mr.Robot.S03.1080p.BluRay.REMUX.AVC.DTS-HD.MA.5.1-NOGRP[rartv]/darft-robot_h264.mp4,126
1727517728,,,/mnt/8tb/mediarr/torrent/arch/Mr.Robot.S03.1080p.BluRay.REMUX.AVC.DTS-HD.MA.5.1-NOGRP[rartv]/darft-robot_h264.mp4,126
1727517748,,,/mnt/8tb/mediarr/torrent/arch/Mr.Robot.S03.1080p.BluRay.REMUX.AVC.DTS-HD.MA.5.1-NOGRP[rartv]/darft-robot_h264_aac.mp4,130
1727517803,,,/mnt/8tb/mediarr/torrent/arch/Mr.Robot.S03.1080p.BluRay.REMUX.AVC.DTS-HD.MA.5.1-NOGRP[rartv]/darft-robot_h264_aac.mp4,130
1727517822,,,/mnt/8tb/mediarr/torrent/arch/Mr.Robot.S03.1080p.BluRay.REMUX.AVC.DTS-HD.MA.5.1-NOGRP[rartv]/darft-robot.mkv,121
1727517868,,,/home/btw/ln-daft/Mr.Robot.S03.1080p.BluRay.REMUX.AVC.DTS-HD.MA.5.1-NOGRP[rartv]/darft-robot_h264_aac.mp4,118
1727525404,54,ليش السيارات في السعودية أغلى,https://thmanyah.com/post/1kf6171j01_1jhggnmybp,116
1727525450,37,شركة تتحكم في العالم,https://thmanyah.com/post/1ke17y12r9_1jhggnmybp,99
1727538695,37,شركة تتحكم في العالم,https://thmanyah.com/post/1ke17y12r9_1jhggnmybp,99
1727539001,37,شركة تتحكم في العالم,https://thmanyah.com/post/1ke17y12r9_1jhggnmybp,99
1727539015,37,شركة تتحكم في العالم,https://thmanyah.com/post/1ke17y12r9_1jhggnmybp,99
1727539063,25,محمد - مشطبيعي,https://x.com/remindeighty/status/1840055551276843346,93
1727545200,37,شركة تتحكم في العالم,https://thmanyah.com/post/1ke17y12r9_1jhggnmybp,99
1727545275,37,شركة تتحكم في العالم,https://thmanyah.com/post/1ke17y12r9_1jhggnmybp,99
1727545883,37,شركة تتحكم في العالم,https://thmanyah.com/post/1ke17y12r9_1jhggnmybp,99
1727546505,37,شركة تتحكم في العالم,https://thmanyah.com/post/1ke17y12r9_1jhggnmybp,99
1727547044,37,شركة تتحكم في العالم,https://thmanyah.com/post/1ke17y12r9_1jhggnmybp,99
1727553475,25,محمد - مشطبيعي,https://x.com/remindeighty/status/1840055551276843346,93
1727553538,,,/mnt/8tb/mediarr/torrent/arch/Mr.Robot.S03.1080p.BluRay.REMUX.AVC.DTS-HD.MA.5.1-NOGRP[rartv]/darft-robot.mkv,121
1727554111,60,Rick Astley - Never Gonna Give You Up (Official Music Video),https://youtube.com/watch?v=dQw4w9WgXcQ,114
1727612240,69,Collateral.2004.2160p.UHD.BluRay.DTS-HD.MA.5.1.DoVi.HDR10.x265-W4NK3R,https://001.emy.mx//Videos/1601317/stream?static=true&api_key=9665f84b20b04c6187f0766b57abd144&Container=mp4,192
1727665492,,,https://001.emy.mx//Videos/1677716/stream?static=true&api_key=9665f84b20b04c6187f0766b57abd144&Container=mp4,121
1727665534,,,https://001.emy.mx//Videos/1680008/stream?static=true&api_key=9665f84b20b04c6187f0766b57abd144&Container=mp4,121
1727687040,,,/home/btw/Videos/obs/2024-09-30 12-03-07.mp4,57
1727687155,,,/home/btw/Videos/obs/2024-09-30 12-05-29.mp4,57
1727687202,,,/home/btw/Videos/obs/2024-09-30 12-06-23.mp4,57
1727687263,,,/home/btw/Videos/obs/2024-09-30 12-07-23.mp4,57
1727687387,,,/home/btw/Videos/obs/2024-09-30 12-09-38.mp4,57
1727687429,,,/home/btw/Videos/obs/2024-09-30 12-10-14.mp4,57
1727687468,,,/home/btw/Videos/obs/2024-09-30 12-10-14.mp4,57
1727687474,,,/home/btw/Videos/obs/2024-09-30 12-10-56.mp4,57
1727687541,,,/home/btw/Videos/obs/2024-09-30 12-10-56.mp4,57
1727687545,,,/home/btw/Videos/obs/2024-09-30 12-12-02.mp4,57
1727687605,,,/home/btw/Videos/obs/2024-09-30 12-12-02.mp4,57
1727687606,,,/home/btw/Videos/obs/2024-09-30 12-13-15.mp4,57
1727687690,,,/home/btw/Videos/obs/2024-09-30 12-14-30.mp4,57
1727687736,,,/home/btw/Videos/obs/2024-09-30 12-15-19.mp4,57
1727687792,,,/home/btw/Videos/obs/2024-09-30 12-16-21.mp4,57
1727687856,,,/home/btw/Videos/obs/2024-09-30 12-17-13.mp4,57
1727687926,,,/home/btw/Videos/obs/2024-09-30 12-18-29.mp4,57
1727687966,,,/home/btw/Videos/obs/2024-09-30 12-18-29.mp4,57
1727687970,,,/home/btw/Videos/obs/2024-09-30 12-19-14.mp4,57
1727688015,,,/home/btw/Videos/obs/2024-09-30 12-19-54.mp4,57
1727688080,,,/home/btw/Videos/obs/2024-09-30 12-21-01.mp4,57
1727688125,,,/home/btw/Videos/obs/2024-09-30 12-21-53.mp4,57
1727688198,,,/home/btw/Videos/obs/2024-09-30 12-22-42.mp4,57
1727688354,,,/home/btw/Videos/obs/2024-09-30 12-25-13.mp4,57
1727688431,,,/home/btw/Videos/obs/2024-09-30 12-26-42.mp4,57
1727688587,,,/home/btw/Videos/obs/2024-09-30 12-29-33.mp4,57
1727688619,,,/home/btw/Videos/obs/2024-09-30 12-30-04.mp4,57
1727688757,,,/home/btw/Videos/obs/2024-09-30 12-30-04.mp4,57
1727688758,,,/home/btw/Videos/obs/2024-09-30 12-32-04.mp4,57
1727688851,,,/home/btw/Videos/obs/2024-09-30 12-33-17.mp4,57
1727688933,,,/home/btw/Videos/obs/2024-09-30 12-35-13.mp4,57
1727689016,,,/home/btw/Videos/obs/2024-09-30 12-35-13.mp4,57
1727689034,,,/home/btw/Videos/obs/2024-09-30 12-36-29.mp4,57
1727689140,,,/home/btw/Videos/obs/2024-09-30 12-37-53.mp4,57
1727689349,,,/home/btw/Videos/obs/2024-09-30 12-41-50.mp4,57
1727689435,,,/home/btw/Videos/obs/2024-09-30 12-41-50.mp4,57
1727689455,,,/home/btw/Videos/obs/2024-09-30 12-43-14.mp4,57
1727689534,,,/home/btw/Videos/obs/2024-09-30 12-45-08.mp4,57
1727689580,,,/home/btw/Videos/obs/2024-09-30 12-46-01.mp4,57
1728038291,37,شركة تتحكم في العالم,https://thmanyah.com/post/1ke17y12r9_1jhggnmybp,99
1728040582,42,Why People Think The Government Killed JFK,https://youtube.com/watch?v=2r5eKpptixo,96
1728042449,24,Did COVID escape a lab?!,https://youtube.com/watch?v=HwUtjG3u8l0,78
1728043178,24,Did COVID escape a lab?!,https://youtube.com/watch?v=HwUtjG3u8l0,78
1728050119,37,شركة تتحكم في العالم,https://thmanyah.com/post/1ke17y12r9_1jhggnmybp,99
1728050151,,,/home/btw/Mr. Robot (2015) - S03E01 - eps3.0_power-saver-mode.h-cut.mkv,84
1728050161,,,/home/btw/Mr. Robot (2015) - S03E01 - eps3.0_power-saver-mode.h-cut.mkv,84
1728050201,,,/home/btw/Mr. Robot (2015) - S03E01 - eps3.0_power-saver-mode.h-cut.mkv,84
1728053152,60,Rick Astley - Never Gonna Give You Up (Official Music Video),https://www.youtube.com/watch?v=dQw4w9WgXcQ,118
1728111088,27,Putin Will Lose, Here's Why,https://youtube.com/watch?v=FQ4hvLqNfqo,81
1728112793,100,هذا الاستاذ محسن أنه مكتئب سريريا ( ويحب رقائق البطاطس ),https://youtube.com/watch?v=XdDnunWKPmg,155
1728112906,38,الأغاني الخليجية خرا,https://youtube.com/watch?v=ttumx_fVumQ,92
1728113155,59,عيد الاضحى — فلوق بسيط غير مبهرج,https://youtube.com/watch?v=Xd_uhnUycuw,113
1728118776,32,Why most of our money isn't real,https://youtube.com/watch?v=E_VKZ6dzauo,86
1728119625,60,Rick Astley - Never Gonna Give You Up (Official Music Video),https://www.youtube.com/watch?v=dQw4w9WgXcQ,118
1728119659,37,COSTA RICA IN 4K 60fps HDR (ULTRA HD),https://www.youtube.com/watch?v=LXb3EKWsInQ,95
1728119736,37,COSTA RICA IN 4K 60fps HDR (ULTRA HD),https://www.youtube.com/watch?v=LXb3EKWsInQ,95
1728119754,37,COSTA RICA IN 4K 60fps HDR (ULTRA HD),https://www.youtube.com/watch?v=LXb3EKWsInQ,95
1728119835,41,The REAL Reason Putin is Invading Ukraine,https://youtube.com/watch?v=LJNtfyq3TDE,95
1728119999,37,COSTA RICA IN 4K 60fps HDR (ULTRA HD),https://www.youtube.com/watch?v=LXb3EKWsInQ,95
1728120137,37,COSTA RICA IN 4K 60fps HDR (ULTRA HD),https://www.youtube.com/watch?v=LXb3EKWsInQ,95
1728120168,37,COSTA RICA IN 4K 60fps HDR (ULTRA HD),https://www.youtube.com/watch?v=LXb3EKWsInQ,95
1728120611,37,COSTA RICA IN 4K 60fps HDR (ULTRA HD),/proc/self/fd/16,68
1728120901,41,The REAL Reason Putin is Invading Ukraine,https://youtube.com/watch?v=LJNtfyq3TDE,95
1728126462,31,WTF Happened to Nuclear Energy?,https://youtube.com/watch?v=QzTgZ6kOEM8,85
1728128379,49,They're lying to you. Here's what to do about it.,https://youtube.com/watch?v=yWgG3Mgn2Gc,103
1728128411,49,America’s (Totally Legal) Body Trade, Explained,https://youtube.com/watch?v=wbETcSac9vg,103
1728129280,36,What You Should Know About Joe Rogan,https://youtube.com/watch?v=sLaXSvpfDZs,90
1728129306,32,How China Conquered The Keyboard,https://youtube.com/watch?v=hBDwXipHykQ,86
1728131108,100,4K HDR Fireplace REALTIME - 6 Hours - Relaxing Fire Burning Video & Crackling Sounds - NO LOOP - UHD,https://www.youtube.com/watch?v=gB3XH5t9QCA,159
1728131243,47,EXPLAINED: 5D Chess With Multiverse Time Travel,https://youtu.be/ayEd2s7ucB4,90
1728140785,55,تعلّم كيف تكتب خطة للدراسة ❤️,https://youtube.com/watch?v=S21AOf1o0AI,109
1728140981,31,A Clever Way to Study for Exams,https://youtube.com/watch?v=lZ2hkZGzeGE,85
1728141034,38,Marty Lobdell - Study Less Study Smart,https://youtube.com/watch?v=IlU-zDU6aQ0,92
1728141082,38,Marty Lobdell - Study Less Study Smart,https://youtube.com/watch?v=IlU-zDU6aQ0,92
1728215692,,,https://001.emy.mx//Videos/1683154/stream?static=true&api_key=9665f84b20b04c6187f0766b57abd144&Container=mp4,121
1728215724,,,https://001.emy.mx//Videos/1677716/stream?static=true&api_key=9665f84b20b04c6187f0766b57abd144&Container=mp4,121
1728215735,,,https://001.emy.mx//Videos/1680008/stream?static=true&api_key=9665f84b20b04c6187f0766b57abd144&Container=mp4,121
1728215743,,,https://001.emy.mx//Videos/1683154/stream?static=true&api_key=9665f84b20b04c6187f0766b57abd144&Container=mp4,121
1728301455,,,https://001.emy.mx//Videos/1683154/stream?static=true&api_key=9665f84b20b04c6187f0766b57abd144&Container=mp4,121
1728301630,3,RAB,https://001.emy.mx//Videos/4044/stream?static=true&api_key=9665f84b20b04c6187f0766b57abd144&Container=mp4,122
1728301648,,,https://001.emy.mx//Videos/7834/stream?static=true&api_key=9665f84b20b04c6187f0766b57abd144&Container=mp4,118
1728301822,36,How the US Stole Puerto Rico, Mapped,https://youtube.com/watch?v=xb9E8fvMPOA,90
1728303399,22,Our New Global Economy,https://youtube.com/watch?v=pQCJmxEOzhs,76
1728303958,,,https://001.emy.mx//Videos/4511/stream?static=true&api_key=9665f84b20b04c6187f0766b57abd144&Container=mp4,118
1728304125,14,SLO4U Presents,https://001.emy.mx//Videos/10686/stream?static=true&api_key=9665f84b20b04c6187f0766b57abd144&Container=mp4,135
1728342204,65,Why Julian Assange’s guilty plea will change journalism forever,https://youtube.com/watch?v=P6bVl47kdNk,119
1728372913,38,Johnny Harris Is Wrong About Inflation,https://youtube.com/watch?v=hSCPqhYUoOY,92
1728374202,30,How Qatar Bought the World Cup,https://youtube.com/watch?v=gHjbay54F4U,84
1728376227,28,Why I Left The Mormon Church,https://youtube.com/watch?v=aTMsfOcHiJg,82
1728393079,20,The Truth About UFOs,https://youtube.com/watch?v=wQSxY7TR6mI,74
1728393339,53,Why Switzerland Has 374,142 Bunkers (and likely more),https://youtube.com/watch?v=9bPIaHg11mI,107
1728393431,42,I Deep Faked Myself, Here's Why It Matters,https://youtube.com/watch?v=S951cdansBI,96
1728396342,49,Working with MP4 H264 in DaVinci Resolve on Linux,https://youtube.com/watch?v=DaeF-tdMP5A,103
1728475352,37,Why We NEED a Male Birth Control Pill,https://youtube.com/watch?v=_mimITJ0tLQ,91
1728547564,,,https://001.emy.mx//Videos/8790/stream?static=true&api_key=9665f84b20b04c6187f0766b57abd144&Container=mp4,118
1728554647,13,Primer (2004),/mnt/8tb/mediarr/torrent/arch/Primer.2004.BluRay.1080p.FLAC.2.0.AVC.REMUX-FraMeSToR.mkv,115
1728555438,39,UNDERSTANDING "PRIMER" (in six minutes),https://youtu.be/-sf9fChyRoc,82
1728560384,,,https://001.emy.mx//Videos/5351/stream?static=true&api_key=9665f84b20b04c6187f0766b57abd144&Container=mp4,118
1728561857,13,Primer (2004),/mnt/8tb/mediarr/torrent/arch/Primer.2004.BluRay.1080p.FLAC.2.0.AVC.REMUX-FraMeSToR.mkv,115
1728568262,64,PostmarketOS 23.12 is Here: Breathing New Life into Smartphones!,https://youtube.com/watch?v=OTGq_6B8kUw,118
1728643048,53,نآيف حمدان - قصة صالح بن مرداس,https://youtu.be/0sFz1vrqWcs,96
1728645639,53,نآيف حمدان - قصة صالح بن مرداس,https://youtu.be/0sFz1vrqWcs,96
1728648629,,,/home/btw/Videos/obs/2024-10-11 15-07-08.mkv,57
1728648811,,,/home/btw/Videos/obs/2024-10-11 15-07-08.mp4,57
1728649079,,,/home/btw/Videos/obs/2024-10-11 15-16-43.mkv,57
1728649142,,,/home/btw/Videos/obs/2024-10-11 15-16-43.mp4,57
1728649198,,,/home/btw/Videos/obs/2024-10-11 15-19-28.mkv,57
1728649221,,,/home/btw/Videos/obs/2024-10-11 15-19-28.mp4,57
1728714657,23,Let's Talk About Panels,https://www.youtube.com/watch?v=65ciAONXv0M,81
1728715881,49,One.Hour.Photo.2002.1080p.BluRay.DTS.x264-decibeL,https://001.emy.mx//Videos/38/stream?static=true&api_key=9665f84b20b04c6187f0766b57abd144&Container=mp4,167
1728729134,48,Testing out the NEW Raspberry Pi Camera Module 3,https://youtu.be/1EIFfln3Kxs,91
1728820856,,,https://001.emy.mx//Videos/1677716/stream?static=true&api_key=9665f84b20b04c6187f0766b57abd144&Container=mp4,121
1728820866,,,https://001.emy.mx//Videos/1680008/stream?static=true&api_key=9665f84b20b04c6187f0766b57abd144&Container=mp4,121
1728820869,,,https://001.emy.mx//Videos/1683154/stream?static=true&api_key=9665f84b20b04c6187f0766b57abd144&Container=mp4,121
1728820874,,,https://001.emy.mx//Videos/1687322/stream?static=true&api_key=9665f84b20b04c6187f0766b57abd144&Container=mp4,121
1728991380,,,https://001.emy.mx//Videos/6396/stream?static=true&api_key=9665f84b20b04c6187f0766b57abd144&Container=mp4,118
1729000191,,,https://001.emy.mx//Videos/6396/stream?static=true&api_key=9665f84b20b04c6187f0766b57abd144&Container=mp4,118
1729000244,,,/home/btw/MrRobot-DaftPunk.mkv,43
1729000254,,,/home/btw/MrRobot-DaftPunk.mkv,43
1729000267,,,/home/btw/MrRobot-DaftPunk.mkv,43
1729000280,,,/home/btw/MrRobot-DaftPunk.mkv,43
1729000296,,,/home/btw/MrRobot-DaftPunk.mkv,43
1729000418,,,/home/btw/MrRobot-DaftPunk.mkv,43
1729000633,,,/home/btw/MrRobot-DaftPunk.mkv,43
1729000662,,,/home/btw/MrRobot-DaftPunk.mkv,43
1729000675,,,/home/btw/MrRobot-DaftPunk.mkv,43
1729000684,,,/home/btw/MrRobot-DaftPunk.mkv,43
1729000695,,,/home/btw/MrRobot-DaftPunk.mkv,43
1729000726,,,/home/btw/MrRobot-DaftPunk.mkv,43
1729000754,,,/home/btw/MrRobot-DaftPunk.mkv,43
1729000800,,,/home/btw/MrRobot-DaftPunk.mkv,43
1729031166,,,/home/btw/Downloads/sad.mp4,40
1729031187,,,/home/btw/Downloads/sample01.wav,45
1729031197,,,/home/btw/Downloads/sad.mp4,40
1729031217,,,/home/btw/Downloads/sample01.wav,45
1729031252,,,/home/btw/Videos/Stats/W1L1.mp4,44
1729063325,19,Lost in Translation,https://001.emy.mx//Videos/1213446/stream?static=true&api_key=9665f84b20b04c6187f0766b57abd144,128
1729063620,,,https://001.emy.mx//Videos/7512/stream?static=true&api_key=9665f84b20b04c6187f0766b57abd144&Container=mp4,118
1729070642,,,https://001.emy.mx//Videos/4511/stream?static=true&api_key=9665f84b20b04c6187f0766b57abd144&Container=mp4,118
1729071039,,,https://001.emy.mx//Videos/10312/stream?static=true&api_key=9665f84b20b04c6187f0766b57abd144&Container=mp4,119
1729151464,,,https://001.emy.mx//Videos/1325893/stream?static=true&api_key=9665f84b20b04c6187f0766b57abd144&Container=mp4,121
1729175411,,,https://001.emy.mx//Videos/10493/stream?static=true&api_key=9665f84b20b04c6187f0766b57abd144&Container=mp4,119
1729181938,,,https://001.emy.mx//Videos/10493/stream?static=true&api_key=9665f84b20b04c6187f0766b57abd144&Container=mp4,119
1729190063,,,https://001.emy.mx//Videos/9085/stream?static=true&api_key=9665f84b20b04c6187f0766b57abd144&Container=mp4,118
1729234879,87,أقسام الكلمة المحاضرة الأولى - المهارات اللغوية,https://youtu.be/67Tkexh_k8o?si=JKwzqkGr2hHDU1AZ,150
1729239406,,,https://001.emy.mx//Videos/5742/stream?static=true&api_key=9665f84b20b04c6187f0766b57abd144&Container=mp4,118
1729326043,58,Really Good CHEAP Closed Back Headphones | FiiO FT1 Review,https://youtu.be/s_sO4kp1rLQ,101
1729425403,,,https://001.emy.mx//Videos/1677716/stream?static=true&api_key=9665f84b20b04c6187f0766b57abd144&Container=mp4,121
1729425412,,,https://001.emy.mx//Videos/1680008/stream?static=true&api_key=9665f84b20b04c6187f0766b57abd144&Container=mp4,121
1729425418,,,https://001.emy.mx//Videos/1683154/stream?static=true&api_key=9665f84b20b04c6187f0766b57abd144&Container=mp4,121
1729425423,,,https://001.emy.mx//Videos/1687322/stream?static=true&api_key=9665f84b20b04c6187f0766b57abd144&Container=mp4,121
1729425434,,,https://001.emy.mx//Videos/1689590/stream?static=true&api_key=9665f84b20b04c6187f0766b57abd144&Container=mp4,121
1729503291,48,A.Few.Good.Men.1992.1080p.BluRay.DTS.x264-CtrlHD,https://001.emy.mx//Videos/1903/stream?static=true&api_key=9665f84b20b04c6187f0766b57abd144&Container=mp4,168
1729510588,48,A.Few.Good.Men.1992.1080p.BluRay.DTS.x264-CtrlHD,https://001.emy.mx//Videos/1903/stream?static=true&api_key=9665f84b20b04c6187f0766b57abd144&Container=mp4,168
1729858048,,,/home/btw/Videos/obs/2024-10-25 15-05-58.mkv,57
1729858120,,,/home/btw/Videos/obs/2024-10-25 15-05-58.mp4,57
1729954043,,,/home/btw/test/Waybar-Wlogout-dots/waybar/style-1/Preview/preview.png,82
1730031182,,,https://001.emy.mx//Videos/1691770/stream?static=true&api_key=9665f84b20b04c6187f0766b57abd144&Container=mp4,121
1730208128,,,/home/btw/Videos/obs/2024-10-29 16-21-10.mkv,57
1730208157,,,/home/btw/Videos/obs/2024-10-29 16-21-10.mp4,57
1730222011,,,/home/btw/Videos/obs/2024-10-29 20-12-48.mkv,57
1730222044,,,/home/btw/Videos/obs/2024-10-29 20-12-48.mp4,57
1730222191,,,/home/btw/Videos/obs/2024-10-29 20-15-34.mkv,57
1730222239,,,/home/btw/Videos/obs/2024-10-29 20-15-34.mp4,57
1730222339,,,/home/btw/Videos/obs/2024-10-29 20-18-22.mkv,57
1730222370,,,/home/btw/Videos/obs/2024-10-29 20-18-22.mp4,57
1730222466,,,/home/btw/Videos/obs/2024-10-29 20-20-27.mkv,57
1730222495,,,/home/btw/Videos/obs/2024-10-29 20-20-27.mp4,57
1730222550,,,/home/btw/Videos/obs/2024-10-29 20-21-48.mkv,57
1730280686,,,/home/btw/Videos/obs/2024-10-30 12-27-51.mkv,57
1730280756,,,/home/btw/Videos/obs/2024-10-30 12-30-38.mkv,57
1730281236,,,/home/btw/Videos/obs/2024-10-30 12-39-55.mkv,57
1730281321,,,/home/btw/Videos/obs/2024-10-30 12-41-32.mkv,57
1730281346,,,/home/btw/Videos/obs/2024-10-30 12-41-32.mp4,57
1730983067,,,https://001.emy.mx//Videos/1677218/stream?static=true&api_key=9665f84b20b04c6187f0766b57abd144&Container=mp4,121
1731022636,,,/home/btw/Videos/obs/2024-11-04 14-21-09.mkv,57
1731022642,,,/home/btw/Videos/obs/2024-11-04 14-21-09.mp4,57
1731022651,,,/home/btw/Videos/obs/2024-11-04 14-21-09.mkv,57
1731022656,,,/home/btw/Videos/obs/2024-11-04 14-21-09.mkv,57
1731022656,,,/home/btw/Videos/obs/2024-11-04 14-21-09.mp4,57
1731022657,,,/home/btw/Videos/obs/2024-11-06 13-23-02.mkv,57
1731022658,,,/home/btw/Videos/obs/2024-11-06 13-23-02.mp4,57
1731022659,,,/home/btw/Videos/obs/2024-11-07 08-56-55.mkv,57
1731022659,,,/home/btw/Videos/obs/2024-11-07 08-56-55.mp4,57
1731022659,,,/home/btw/Videos/obs/2024-11-08 02-36-00.mkv,57
1731022660,,,/home/btw/Videos/obs/2024-11-08 02-36-00.mp4,57
1731028006,,,https://001.emy.mx//Videos/1677218/stream?static=true&api_key=9665f84b20b04c6187f0766b57abd144&Container=mp4,121
1731035286,,,https://001.emy.mx//Videos/1677219/stream?static=true&api_key=9665f84b20b04c6187f0766b57abd144&Container=mp4,121
1731050824,,,/home/btw/Videos/obs/2024-11-08 10-26-29.mp4,57
1731051016,,,/home/btw/Videos/obs/2024-11-08 10-29-38.mp4,57
1731051158,,,/home/btw/Videos/obs/2024-11-08 10-31-55.mp4,57
1731051391,,,/home/btw/Videos/obs/2024-11-08 10-35-53.mp4,57
1731051532,,,/home/btw/Videos/obs/2024-11-08 10-38-26.mp4,57
1731137219,,,https://001.emy.mx//Videos/1677219/stream?static=true&api_key=9665f84b20b04c6187f0766b57abd144&Container=mp4,121
1731137225,,,https://001.emy.mx//Videos/1677220/stream?static=true&api_key=9665f84b20b04c6187f0766b57abd144&Container=mp4,121
1731143253,,,https://001.emy.mx//Videos/1677215/stream?static=true&api_key=9665f84b20b04c6187f0766b57abd144&Container=mp4,121
1731147532,,,https://001.emy.mx//Videos/1677212/stream?static=true&api_key=9665f84b20b04c6187f0766b57abd144&Container=mp4,121
1731162734,,,https://001.emy.mx//Videos/1677214/stream?static=true&api_key=9665f84b20b04c6187f0766b57abd144&Container=mp4,121
1731225013,,,https://001.emy.mx//Videos/1677214/stream?static=true&api_key=9665f84b20b04c6187f0766b57abd144&Container=mp4,121
1731235869,,,https://001.emy.mx//Videos/1677216/stream?static=true&api_key=9665f84b20b04c6187f0766b57abd144&Container=mp4,121
1731240087,,,https://001.emy.mx//Videos/1677217/stream?static=true&api_key=9665f84b20b04c6187f0766b57abd144&Container=mp4,121
1731246765,,,https://001.emy.mx//Videos/1677213/stream?static=true&api_key=9665f84b20b04c6187f0766b57abd144&Container=mp4,121
1731258165,,,https://001.emy.mx//Videos/1677335/stream?static=true&api_key=9665f84b20b04c6187f0766b57abd144&Container=mp4,121
1731258492,,,https://001.emy.mx//Videos/2012/stream?static=true&api_key=9665f84b20b04c6187f0766b57abd144&Container=mp4,118
1731302522,,,https://video.twimg.com/dm_video/1855841846074687488/vid/avc1/0/0/1280x720/80maYog-yyB5Q9Ot.mp4,108
1731307081,,,https://001.emy.mx//Videos/2012/stream?static=true&api_key=9665f84b20b04c6187f0766b57abd144&Container=mp4,118
1731344650,,,/home/btw/Videos/obs/2024-11-11 16-44-13.mp4,57
1731344653,,,/home/btw/Videos/obs/2024-11-11 16-44-13.mp4,57
1731344654,,,/home/btw/Videos/obs/2024-11-11 20-03-02.mp4,57
1731355352,,,/home/btw/Videos/obs/2024-11-11 23-01-25.mp4,57
1731449776,,,/home/btw/Videos/obs/2024-11-12 21-58-53.mp4,57
1731488184,,,/home/btw/Videos/obs/2024-11-12 21-58-53.mp4,57
1731490830,,,/home/btw/a.wav,28
1731490834,,,/home/btw/GZfnKL_S_KWCpUcf [GZfnKL_S_KWCpUcf].mp4,62
1731490836,,,/home/btw/a.wav,28
1731490853,,,/home/btw/a.wav,28
1731490883,,,/home/btw/a.wav,28
1731490883,,,/home/btw/GZfnKL_S_KWCpUcf [GZfnKL_S_KWCpUcf].mp4,62
1731490885,,,/home/btw/a.wav,28
1731490892,,,/home/btw/GZfnKL_S_KWCpUcf [GZfnKL_S_KWCpUcf].mp4,62
1731491066,,,/home/btw/a.wav,28
1731573704,,,https://001.emy.mx//Videos/1681647/stream?static=true&api_key=9665f84b20b04c6187f0766b57abd144&Container=mp4,121
1731844279,58,One.Flew.Over.the.Cuckoo's.Nest.1975.1080p.BluRay.x264-DON,https://001.emy.mx//Videos/9702/stream?static=true&api_key=9665f84b20b04c6187f0766b57abd144&Container=mp4,178
1731967181,,,https://001.emy.mx//Videos/1568042/stream?static=true&api_key=9665f84b20b04c6187f0766b57abd144&Container=mp4,121
1731968481,,,/home/btw/Videos/obs/2024-11-18 22-09-12.mp4,57
1732001194,,,/mnt/4tb/twitch stuff/streams/2024-11-18 22-09-12.mkv,66
1732015586,,,/mnt/4tb/24bit archive/twitter-2024-11-18-30a568bd05fd2a09fa880cf41984a97f8ac1c94a4df5698268261426017c9908/data/tweets_media/1606869974194294786-B23IE6GmmyCUNHK6.mp4,178
1732015590,,,/mnt/4tb/24bit archive/twitter-2024-11-18-30a568bd05fd2a09fa880cf41984a97f8ac1c94a4df5698268261426017c9908/data/tweets_media/1607962246927290370-B23IE6GmmyCUNHK6.mp4,178
1732015594,,,/mnt/4tb/24bit archive/twitter-2024-11-18-30a568bd05fd2a09fa880cf41984a97f8ac1c94a4df5698268261426017c9908/data/tweets_media/1606869974194294786-B23IE6GmmyCUNHK6.mp4,178
1732015666,,,/mnt/4tb/24bit archive/twitter-2024-11-18-30a568bd05fd2a09fa880cf41984a97f8ac1c94a4df5698268261426017c9908/data/tweets_media/1635115149534310402-Qt3AjhiRlj0MnIyk.mp4,178
1732015670,,,/mnt/4tb/24bit archive/twitter-2024-11-18-30a568bd05fd2a09fa880cf41984a97f8ac1c94a4df5698268261426017c9908/data/tweets_media/1596915143493156864-Qt3AjhiRlj0MnIyk.mp4,178
1732017122,,,/mnt/4tb/24bit archive/twitter-2024-11-18-30a568bd05fd2a09fa880cf41984a97f8ac1c94a4df5698268261426017c9908/data/tweets_media/1509220334926540802-9yc5IMl_xqP2MvEG.mp4,178
1732017126,,,/mnt/4tb/24bit archive/twitter-2024-11-18-30a568bd05fd2a09fa880cf41984a97f8ac1c94a4df5698268261426017c9908/data/tweets_media/1605420294830665729-tJZGqAVbkOJRpUHS.mp4,178
1732017131,,,/mnt/4tb/24bit archive/twitter-2024-11-18-30a568bd05fd2a09fa880cf41984a97f8ac1c94a4df5698268261426017c9908/data/tweets_media/1509220334926540802-9yc5IMl_xqP2MvEG.mp4,178
1732017139,,,/mnt/4tb/24bit archive/twitter-2024-11-18-30a568bd05fd2a09fa880cf41984a97f8ac1c94a4df5698268261426017c9908/data/tweets_media/1558894470384558080-AdkWdCiJwF5fNiq1.mp4,178
1732017145,,,/mnt/4tb/24bit archive/twitter-2024-11-18-30a568bd05fd2a09fa880cf41984a97f8ac1c94a4df5698268261426017c9908/data/tweets_media/1654562107273125889-23Reu8px1K2vPmeT.mp4,178
1732017184,,,/mnt/4tb/24bit archive/twitter-2024-11-18-30a568bd05fd2a09fa880cf41984a97f8ac1c94a4df5698268261426017c9908/data/direct_messages_media/1791966235736854981-XyW91ZNzuIzDOoB75BIn4OEyeRb51TyALmcSOKyUMHQ.mp4,214
1732017195,,,/mnt/4tb/24bit archive/twitter-2024-11-18-30a568bd05fd2a09fa880cf41984a97f8ac1c94a4df5698268261426017c9908/data/direct_messages_media/1782624816710693292-UakFrG2VvpZrzRl6U_kkqm2jLlPpwPnAbeaz9uYDn8k.mp4,214
1732017201,,,/mnt/4tb/24bit archive/twitter-2024-11-18-30a568bd05fd2a09fa880cf41984a97f8ac1c94a4df5698268261426017c9908/data/tweets_media/1648791188437172228-N1isvsYir-vKPHjr.mp4,178
1732017206,,,/mnt/4tb/24bit archive/twitter-2024-11-18-30a568bd05fd2a09fa880cf41984a97f8ac1c94a4df5698268261426017c9908/data/tweets_media/1775328250966704610-ECklBoj3Ac0TwUg1.mp4,178
1732017213,,,/mnt/4tb/24bit archive/twitter-2024-11-18-30a568bd05fd2a09fa880cf41984a97f8ac1c94a4df5698268261426017c9908/data/tweets_media/1839668188503511222-9kml4xHcHJDYosAU.mp4,178
1732017221,,,/mnt/4tb/24bit archive/twitter-2024-11-18-30a568bd05fd2a09fa880cf41984a97f8ac1c94a4df5698268261426017c9908/data/direct_messages_media/1852389591522644022-cdMlSpVGoSl_qzSnelbXTudyGTu28a1Z_KKIR07d3eE.mp4,214
1732017226,,,/mnt/4tb/24bit archive/twitter-2024-11-18-30a568bd05fd2a09fa880cf41984a97f8ac1c94a4df5698268261426017c9908/data/direct_messages_media/1852386472248095235-zTQT86SvJG7JCygEVj7tHQ1iGd2NUWdv0t2E3LePzoc.mp4,214
1732017230,,,/mnt/4tb/24bit archive/twitter-2024-11-18-30a568bd05fd2a09fa880cf41984a97f8ac1c94a4df5698268261426017c9908/data/direct_messages_media/1688675113963581444-Zi8imLbRBAJJ3YCrYpBwhTjin5uEGRQAv2nR43mz5Ss.mp4,214
1732017238,,,/mnt/4tb/24bit archive/twitter-2024-11-18-30a568bd05fd2a09fa880cf41984a97f8ac1c94a4df5698268261426017c9908/data/tweets_media/1732543280863224031-QJNVmE6yeAAdHfRz.mp4,178
1732017242,,,/mnt/4tb/24bit archive/twitter-2024-11-18-30a568bd05fd2a09fa880cf41984a97f8ac1c94a4df5698268261426017c9908/data/tweets_media/1602137401576620035-8cs0s9NL3VUPKkej.mp4,178
1732017257,,,/mnt/4tb/24bit archive/twitter-2024-11-18-30a568bd05fd2a09fa880cf41984a97f8ac1c94a4df5698268261426017c9908/data/direct_messages_group_media/1698277961315622970-t_9C_6eNhlHSIwDiiwhHj38sAWbYK0MFpVGGJrTNXtQ.mp4,220
1732017261,,,/mnt/4tb/24bit archive/twitter-2024-11-18-30a568bd05fd2a09fa880cf41984a97f8ac1c94a4df5698268261426017c9908/data/tweets_media/1737702217950339310-Tjj_7x_0pp5YG0nc.mp4,178
1732017274,,,/mnt/4tb/24bit archive/twitter-2024-11-18-30a568bd05fd2a09fa880cf41984a97f8ac1c94a4df5698268261426017c9908/data/tweets_media/1498792265480912904-0nkE98B7WNWIIoHx.mp4,178
1732017381,,,/mnt/4tb/24bit archive/twitter-2024-11-18-30a568bd05fd2a09fa880cf41984a97f8ac1c94a4df5698268261426017c9908/data/tweets_media/1498803493213290497-FMzR0-mWUAMtFzk.jpg,177
1732017382,,,/mnt/4tb/24bit archive/twitter-2024-11-18-30a568bd05fd2a09fa880cf41984a97f8ac1c94a4df5698268261426017c9908/data/tweets_media/1498821845449121799-FMzhW7sXMAsAXSQ.jpg,177
1732017383,,,/mnt/4tb/24bit archive/twitter-2024-11-18-30a568bd05fd2a09fa880cf41984a97f8ac1c94a4df5698268261426017c9908/data/tweets_media/1498912702894415873-dAz_tBefu6kp9xUm.mp4,178
1732017390,,,/mnt/4tb/24bit archive/twitter-2024-11-18-30a568bd05fd2a09fa880cf41984a97f8ac1c94a4df5698268261426017c9908/data/tweets_media/1791792657108226458-qcsDEh1zuld3OPCo.mp4,178
1732017395,,,/mnt/4tb/24bit archive/twitter-2024-11-18-30a568bd05fd2a09fa880cf41984a97f8ac1c94a4df5698268261426017c9908/data/direct_messages_media/1832883973808144699-s59KE1Myygd1XL0ci6uF-fWQfgFoOcMr6QE07Ekegg8.mp4,214
1732017402,,,/mnt/4tb/24bit archive/twitter-2024-11-18-30a568bd05fd2a09fa880cf41984a97f8ac1c94a4df5698268261426017c9908/data/tweets_media/1667307700953268230-Uao1DQXYny6t3q2a.mp4,178
1732017407,,,/mnt/4tb/24bit archive/twitter-2024-11-18-30a568bd05fd2a09fa880cf41984a97f8ac1c94a4df5698268261426017c9908/data/tweets_media/1678340206997512194-ADoiryCOOpLr83Qd.mp4,178
1732017416,,,/mnt/4tb/24bit archive/twitter-2024-11-18-30a568bd05fd2a09fa880cf41984a97f8ac1c94a4df5698268261426017c9908/data/tweets_media/1684445863475642369-O8xaA4udDDC9dsj4.mp4,178
1732017429,,,/mnt/4tb/24bit archive/twitter-2024-11-18-30a568bd05fd2a09fa880cf41984a97f8ac1c94a4df5698268261426017c9908/data/direct_messages_media/1682036953498415110-E67Sh1rh3dV9jl1nG1s6rB5dksEkZmk7l1FQuoWUcIE.mp4,214
1732017434,,,/mnt/4tb/24bit archive/twitter-2024-11-18-30a568bd05fd2a09fa880cf41984a97f8ac1c94a4df5698268261426017c9908/data/tweets_media/1593597766709682176-OSYeTo9N0AL0VagP.mp4,178
1732017438,,,/mnt/4tb/24bit archive/twitter-2024-11-18-30a568bd05fd2a09fa880cf41984a97f8ac1c94a4df5698268261426017c9908/data/tweets_media/1593634424305979393-q2qb_OVEIM6HHV47.mp4,178
1732017453,,,/mnt/4tb/24bit archive/twitter-2024-11-18-30a568bd05fd2a09fa880cf41984a97f8ac1c94a4df5698268261426017c9908/data/tweets_media/1509220334926540802-9yc5IMl_xqP2MvEG.mp4,178
1732017458,,,/mnt/4tb/24bit archive/twitter-2024-11-18-30a568bd05fd2a09fa880cf41984a97f8ac1c94a4df5698268261426017c9908/data/tweets_media/1512245522354032649-BEYVSWtwcqzbBIJX.mp4,178
1732017462,,,/mnt/4tb/24bit archive/twitter-2024-11-18-30a568bd05fd2a09fa880cf41984a97f8ac1c94a4df5698268261426017c9908/data/tweets_media/1827360462633140685-QoY9qdFQ7YqSqSev.mp4,178
1732017466,,,/mnt/4tb/24bit archive/twitter-2024-11-18-30a568bd05fd2a09fa880cf41984a97f8ac1c94a4df5698268261426017c9908/data/tweets_media/1648791188437172228-N1isvsYir-vKPHjr.mp4,178
1732017470,,,/mnt/4tb/24bit archive/twitter-2024-11-18-30a568bd05fd2a09fa880cf41984a97f8ac1c94a4df5698268261426017c9908/data/tweets_media/1775328250966704610-ECklBoj3Ac0TwUg1.mp4,178
1732017475,,,/mnt/4tb/24bit archive/twitter-2024-11-18-30a568bd05fd2a09fa880cf41984a97f8ac1c94a4df5698268261426017c9908/data/direct_messages_group_media/1698275066214068611-LfJPldoCEFWpw82DFHIRRuanQ5jhjFRlfsAayUauj_g.mp4,220
1732017479,,,/mnt/4tb/24bit archive/twitter-2024-11-18-30a568bd05fd2a09fa880cf41984a97f8ac1c94a4df5698268261426017c9908/data/direct_messages_media/1816780490537587175-nF7XLNB75zka8X1bshb_gGN4Qz15fUbCPtvzAEfvVbs.mp4,214
1732017489,,,/mnt/4tb/24bit archive/twitter-2024-11-18-30a568bd05fd2a09fa880cf41984a97f8ac1c94a4df5698268261426017c9908/data/direct_messages_media/1782624816710693292-UakFrG2VvpZrzRl6U_kkqm2jLlPpwPnAbeaz9uYDn8k.mp4,214
1732017534,,,/mnt/4tb/24bit archive/twitter-2024-11-18-30a568bd05fd2a09fa880cf41984a97f8ac1c94a4df5698268261426017c9908/data/tweets_media/1512245522354032649-BEYVSWtwcqzbBIJX.mp4,178
1732017539,,,/mnt/4tb/24bit archive/twitter-2024-11-18-30a568bd05fd2a09fa880cf41984a97f8ac1c94a4df5698268261426017c9908/data/tweets_media/1478058293490855936-v1hiGhd8mpmrSKHe.mp4,178
1732017543,,,/mnt/4tb/24bit archive/twitter-2024-11-18-30a568bd05fd2a09fa880cf41984a97f8ac1c94a4df5698268261426017c9908/data/tweets_media/1498792265480912904-0nkE98B7WNWIIoHx.mp4,178
1732017548,,,/mnt/4tb/24bit archive/twitter-2024-11-18-30a568bd05fd2a09fa880cf41984a97f8ac1c94a4df5698268261426017c9908/data/tweets_media/1632731032125407232-GUf8ZnHUfAdB3-_g.mp4,178
1732017552,,,/mnt/4tb/24bit archive/twitter-2024-11-18-30a568bd05fd2a09fa880cf41984a97f8ac1c94a4df5698268261426017c9908/data/tweets_media/1593634424305979393-q2qb_OVEIM6HHV47.mp4,178
1732017597,,,/mnt/4tb/24bit archive/twitter-2024-11-18-30a568bd05fd2a09fa880cf41984a97f8ac1c94a4df5698268261426017c9908/data/tweets_media/1589607601951514624-Ti1VwqRM1g5qKwvh.mp4,178
1732017602,,,/mnt/4tb/24bit archive/twitter-2024-11-18-30a568bd05fd2a09fa880cf41984a97f8ac1c94a4df5698268261426017c9908/data/tweets_media/1636576303829712897-SI0AqFxlMu9eF_Qp.mp4,178
1732017619,,,/mnt/4tb/24bit archive/twitter-2024-11-18-30a568bd05fd2a09fa880cf41984a97f8ac1c94a4df5698268261426017c9908/data/tweets_media/1534516537440227329-FczdcFYTMeWud3iE.mp4,178
1732017623,,,/mnt/4tb/24bit archive/twitter-2024-11-18-30a568bd05fd2a09fa880cf41984a97f8ac1c94a4df5698268261426017c9908/data/tweets_media/1627854357394751488-Ym6D69LTea9bjlRv.mp4,178
1732017628,,,/mnt/4tb/24bit archive/twitter-2024-11-18-30a568bd05fd2a09fa880cf41984a97f8ac1c94a4df5698268261426017c9908/data/tweets_media/1631665662509608962-RXmqruc6QCPjkn2r.mp4,178
1732017674,,,/mnt/4tb/24bit archive/twitter-2024-11-18-30a568bd05fd2a09fa880cf41984a97f8ac1c94a4df5698268261426017c9908/data/tweets_media/1629084163658719233-PiYqpSlpf1iMnQFy.mp4,178
1732017678,,,/mnt/4tb/24bit archive/twitter-2024-11-18-30a568bd05fd2a09fa880cf41984a97f8ac1c94a4df5698268261426017c9908/data/tweets_media/1629258709732929537-qw8473pDAOZUZwE_.mp4,178
1732017683,,,/mnt/4tb/24bit archive/twitter-2024-11-18-30a568bd05fd2a09fa880cf41984a97f8ac1c94a4df5698268261426017c9908/data/tweets_media/1717685870457671706-Bcm34xVV7eWdzDj-.mp4,178
1732017703,,,/mnt/4tb/24bit archive/twitter-2024-11-18-30a568bd05fd2a09fa880cf41984a97f8ac1c94a4df5698268261426017c9908/data/tweets_media/1828119214843928947-bli2vzZz_T24javy.mp4,178
1732017708,,,/mnt/4tb/24bit archive/twitter-2024-11-18-30a568bd05fd2a09fa880cf41984a97f8ac1c94a4df5698268261426017c9908/data/tweets_media/1474358864787214339-1MXlqzZRx7VzC4yT.mp4,178
1732017714,,,/mnt/4tb/24bit archive/twitter-2024-11-18-30a568bd05fd2a09fa880cf41984a97f8ac1c94a4df5698268261426017c9908/data/tweets_media/1730941369143754855-HCLmhVeeiIg0-hVU.mp4,178
1732017745,,,/mnt/4tb/24bit archive/twitter-2024-11-18-30a568bd05fd2a09fa880cf41984a97f8ac1c94a4df5698268261426017c9908/data/tweets_media/1782300915682201604-tAqhZKw-j_kUECvm.mp4,178
1732017760,,,/mnt/4tb/24bit archive/twitter-2024-11-18-30a568bd05fd2a09fa880cf41984a97f8ac1c94a4df5698268261426017c9908/data/tweets_media/1750675826746532035-Po5h0aNEviIZ9KDF.mp4,178
1732017764,,,/mnt/4tb/24bit archive/twitter-2024-11-18-30a568bd05fd2a09fa880cf41984a97f8ac1c94a4df5698268261426017c9908/data/tweets_media/1822051648685867333-ppD8iEFBmil1wUdD.mp4,178
1732017772,,,/mnt/4tb/24bit archive/twitter-2024-11-18-30a568bd05fd2a09fa880cf41984a97f8ac1c94a4df5698268261426017c9908/data/tweets_media/1658158588005691398-ase7yzJr-ab4l9xn.mp4,178
1732017777,,,/mnt/4tb/24bit archive/twitter-2024-11-18-30a568bd05fd2a09fa880cf41984a97f8ac1c94a4df5698268261426017c9908/data/tweets_media/1669287337040158720-Ar9sYRx7lXhNy3w3.mp4,178
1732017799,,,/mnt/4tb/24bit archive/twitter-2024-11-18-30a568bd05fd2a09fa880cf41984a97f8ac1c94a4df5698268261426017c9908/data/tweets_media/1593597766709682176-OSYeTo9N0AL0VagP.mp4,178
1732017804,,,/mnt/4tb/24bit archive/twitter-2024-11-18-30a568bd05fd2a09fa880cf41984a97f8ac1c94a4df5698268261426017c9908/data/tweets_media/1595250932941746176-MVhmbhM6syRV_xnA.mp4,178
1732017812,,,/mnt/4tb/24bit archive/twitter-2024-11-18-30a568bd05fd2a09fa880cf41984a97f8ac1c94a4df5698268261426017c9908/data/tweets_media/1534516537440227329-FczdcFYTMeWud3iE.mp4,178
1732017817,,,/mnt/4tb/24bit archive/twitter-2024-11-18-30a568bd05fd2a09fa880cf41984a97f8ac1c94a4df5698268261426017c9908/data/tweets_media/1545567977755533315-p3q_Rp_Jl9hIVFzm.mp4,178
1732017823,,,/mnt/4tb/24bit archive/twitter-2024-11-18-30a568bd05fd2a09fa880cf41984a97f8ac1c94a4df5698268261426017c9908/data/tweets_media/1579740158433595393-0A8pqJfiQVa4qYpk.mp4,178
1732017835,,,/mnt/4tb/24bit archive/twitter-2024-11-18-30a568bd05fd2a09fa880cf41984a97f8ac1c94a4df5698268261426017c9908/data/tweets_media/1534516537440227329-FczdcFYTMeWud3iE.mp4,178
1732017839,,,/mnt/4tb/24bit archive/twitter-2024-11-18-30a568bd05fd2a09fa880cf41984a97f8ac1c94a4df5698268261426017c9908/data/tweets_media/1629084163658719233-PiYqpSlpf1iMnQFy.mp4,178
1732017844,,,/mnt/4tb/24bit archive/twitter-2024-11-18-30a568bd05fd2a09fa880cf41984a97f8ac1c94a4df5698268261426017c9908/data/tweets_media/1717685870457671706-Bcm34xVV7eWdzDj-.mp4,178
1732017858,,,/mnt/4tb/24bit archive/twitter-2024-11-18-30a568bd05fd2a09fa880cf41984a97f8ac1c94a4df5698268261426017c9908/data/tweets_media/1717688428723118311-85scXxi39Tl9DulD.mp4,178
1732017869,,,/mnt/4tb/24bit archive/twitter-2024-11-18-30a568bd05fd2a09fa880cf41984a97f8ac1c94a4df5698268261426017c9908/data/tweets_media/1474371249224699904-eTyPCy1il3EGab_l.mp4,178
1732017874,,,/mnt/4tb/24bit archive/twitter-2024-11-18-30a568bd05fd2a09fa880cf41984a97f8ac1c94a4df5698268261426017c9908/data/tweets_media/1647582941034303489-hzwceqcVtKQ8TqzS.mp4,178
1732045466,,,/home/btw/yt-dl/Adolf Hitler - Viva La Vida (Literally Hitler Edition).mp4,87
1732195779,,,/mnt/win/Users/Root/media/mp4/sioor7-1668034887973056512-20230612_021802-vid1.mp4,94
1732195791,,,/mnt/win/Users/Root/media/mp4/bluenavycmdrman-1669299976281927681-20230615_140503-vid1.mp4,103
1732195794,,,/mnt/win/Users/Root/media/mp4/bndh (online-video-cutter.com) (1).mp4,81
1732195802,,,/mnt/win/Users/Root/media/mp4/z5MplrPsysZf2C3i.mp4,63
1732565805,,,/home/btw/Documents/REAPER Media/01-241108_1046-01.wav,67
1732826488,,,/mnt/win/Users/Root/media/mp4/0xSaudiDoomer-1515762856108638209-20220417_214321-vid1 (online-video-cutter.com).mp4,127
1732826491,,,/mnt/win/Users/Root/media/mp4/[twitter] CursedVideos—2024.02.24—1761411748081377419—GEpFpgh0rz9IgVmy.mp4,123
1732826499,,,/mnt/win/Users/Root/media/mp4/Zdcrgn3Jp-Vtt_OT (1).mp4,67
1732826503,,,/mnt/win/Users/Root/media/mp4/videoplayback (15).mp4,65
1732826504,,,/mnt/win/Users/Root/media/mp4/yt1s.com - things just went from 0 to 100_360p.mp4,93
1732826510,,,/mnt/win/Users/Root/media/mp4/redditsave.com_mindblowing-0c69fhikewx91.mp4,87
1732826517,,,/mnt/win/Users/Root/media/mp4/titBudy-1598661699053273088-20221202_155345-vid1.mp4,95
1732826522,,,/mnt/win/Users/Root/media/mp4/video0_-_2021-03-12T133851.898_3 (online-video-cutter.com) (1).mp4,109
1732826525,,,/mnt/win/Users/Root/media/mp4/s_9953-1498705338203348999-20220301_200251-vid1.mp4,94
1732826527,,,/mnt/win/Users/Root/media/mp4/titBudy-1655888952308408321-20230509_135425-vid1.mp4,95
1732826532,,,/mnt/win/Users/Root/media/mp4/video0-348 (online-video-cutter.com).mp4,83
1732826537,,,/mnt/win/Users/Root/media/mp4/DarthNawaf-1466508997251506181-20211202_234606-vid1.mp4,98
1732826540,,,/mnt/win/Users/Root/media/mp4/DASH_720 (1) (online-video-cutter.com).mp4,85
1732826597,,,/mnt/win/Users/Root/media/mp4/DASH_720 (1).mp4,59
1732826607,,,/mnt/win/Users/Root/media/mp4/yt1s.com - رياكشن ابراهيم الفريان رياكشن هذا ابو صالح يدعي (online-video-cutter.com) (2).mp4,175
1733408825,13,VDO.Ninja (1),https://vdo.ninja/?view=RCww6wa,59
1733410677,,,/home/btw/Videos/obs/2024-12-05 17-57-19.mp4,57
1733410740,,,/home/btw/Videos/obs/2024-12-05 17-57-19.mp4,57
1733410745,,,/home/btw/Videos/obs/2024-12-05 17-57-19.mp4,57
1733410753,,,/home/btw/Videos/obs/2024-12-05 17-57-19.mp4,57
1733410757,,,/home/btw/Videos/obs/2024-12-05 17-58-28.mp4,57
1733467683,,,https://001.emy.mx//Videos/238412/stream?static=true&api_key=9665f84b20b04c6187f0766b57abd144&Container=mp4,120
1733471977,25,Are you qualified to die?,https://www.youtube.com/watch?v=wP8i-KoBemw,83
1733851515,,,https://video.twimg.com/dm_video/1866526315316121600/pl/avc1/1280x720/6mPs8SlY5fPjLByMN_oGfOguR1_PqsfgXNPmqbEwrmY.m3u8,131
1733851534,,,https://video.twimg.com/dm_video/1866526315316121600/pl/mp4a/128000/nrUNpGJweDlIj05Z2r9D26K5DvPwSK6E-9eG-684hTQ.m3u8,129
1734129887,,,/mnt/win/Users/Root/media/mp4/VID-20200920-WA0146.mp4,66
1734129962,,,/mnt/win/Users/Root/media/mp4/2022-04-08 20-08-16 (online-video-cutter.com).mp4,92
1734130010,,,/mnt/win/Users/Root/media/mp4/redditsave.com_moldy_tedtalk_interruption-n7v2pwr44vr81.mp4,102
1734130047,,,/mnt/win/Users/Root/media/mp4/4vcll-1510563879755079685-20220403_132428-vid1.mp4,93
1734130078,,,/mnt/win/Users/Root/media/mp4/yt1s.com - Death Note  Death Gods Only Eat Apples_360p.mp4,101
1734130104,,,/mnt/win/Users/Root/media/mp4/لايفقه.mp4,59
1734130203,,,/mnt/win/Users/Root/media/mp4/videoplayback (25).mp4,65
1734130222,,,/mnt/win/Users/Root/media/mp4/videoplayback (18).mp4,65
1734130251,,,/mnt/win/Users/Root/media/mp4/st.co2mNUL5TkrA.mp4,62
1734130315,,,/mnt/win/Users/Root/media/mp4/v6lg_173220331_137624981647295_4850700765716317386_n.mp4,99
1734293004,17,Awakenings (1990),https://001.emy.mx//Videos/1568193/stream?static=true&api_key=9665f84b20b04c6187f0766b57abd144&Container=mp4,140
1734373836,225,الذ وصفه 🥘 - صدور دجاج بدون كريمه سهله وسريعه صدور دجاح ملعقتين طحين عصير ليمونه نص كوب ماء زيت  ملح  مسحوق الثوم فلفل بقدونس,https://x.com/elelel_9/status/1868238308540837889,290
1734525430,,,https://api.substack.com/feed/podcast/153275959/9577f703a8b91b4484280248da872bc0.mp3,97
1734644375,,,https://dai.google.com/linear/hls/pa/event/Sid4xiTQTkCT1SLu6rjUSQ/stream/937ea65c-819e-4219-ae61-92e43ffcd2a5:BRU/master.m3u8?BANDWIDTH=1689600,156
1734644406,,,https://dai.google.com/linear/hls/pa/event/Sid4xiTQTkCT1SLu6rjUSQ/stream/8b04252f-a3bd-43cc-89c7-084adee4d047:BRU/master.m3u8?BANDWIDTH=1689600,156
1734644418,,,https://dai.google.com/linear/hls/pa/event/Sid4xiTQTkCT1SLu6rjUSQ/stream/5ec98207-fb2c-4982-8717-3349f9e9869b:BRU/master.m3u8?BANDWIDTH=1689600,156
1734644432,,,https://dai.google.com/linear/hls/pa/event/Sid4xiTQTkCT1SLu6rjUSQ/stream/34c9c73a-30d4-402a-92d4-12fa0c127568:GRQ/master.m3u8?BANDWIDTH=1689600,156
1734644464,,,https://dai.google.com/linear/hls/pa/event/Sid4xiTQTkCT1SLu6rjUSQ/stream/6d50d533-fa6e-4ffe-a70c-7e744903430e:BRU/master.m3u8?BANDWIDTH=1689600,156
1734644475,,,https://dai.google.com/linear/hls/pa/event/Sid4xiTQTkCT1SLu6rjUSQ/stream/aeaa7db4-2278-4932-8bee-ecb72dd68ecf:BRU/master.m3u8?BANDWIDTH=1689600,156
1734701099,,,/mnt/4tb/twitch stuff/streams/2024-11-18 22-09-12.mkv,66
1734714110,34,Seagate reinvented the hard drive!,https://www.youtube.com/watch?v=-HyR373zkX4,92
1734714253,34,Seagate reinvented the hard drive!,https://www.youtube.com/watch?v=-HyR373zkX4,92
1734714270,34,Seagate reinvented the hard drive!,https://www.youtube.com/watch?v=-HyR373zkX4,92
1734714717,34,Seagate reinvented the hard drive!,https://www.youtube.com/watch?v=-HyR373zkX4,92
1734714974,34,Seagate reinvented the hard drive!,https://www.youtube.com/watch?v=-HyR373zkX4,92
1734715106,34,Seagate reinvented the hard drive!,https://www.youtube.com/watch?v=-HyR373zkX4,92
1734727511,34,Seagate reinvented the hard drive!,https://www.youtube.com/watch?v=-HyR373zkX4,92
1734914572,69,قصة مكتبة جرير وعائلة العقيل التجارية,https://api.hosting.thmanyah.com/episodeAudioFile/4533/file.mp3?freePart=true,161
1734914998,64,كواليس جمارك الخليج وتجربة البحرين,https://api.hosting.thmanyah.com/episodeAudioFile/4534/file.mp3?freePart=true,156
1734915030,91,عملت في وظيفة أحلامي 25 عامًا | امشِ مع فاطمة الحسين,https://api.hosting.thmanyah.com/episodeAudioFile/4504/file.mp3?freePart=true,183
1734915035,,,https://api.hosting.thmanyah.com/episodeAudioFile/4514/file.mp3?freePart=true,90
1734915053,60,من الأقوى في النصر مع خالد الرشيد,https://api.hosting.thmanyah.com/episodeAudioFile/4524/file.mp3?freePart=true,152
1734915086,,,https://api.hosting.thmanyah.com/episodeAudioFile/4555/file.mp3?freePart=true,90
1734915096,,,https://files.hosting.thmanyah.com/episodes-content-files/1734822261674-8767,89
1734915921,43,هجوم إرهابي يهز ألمانيا,https://api.hosting.thmanyah.com/episodeAudioFile/4556/file.mp3,121
1734919363,43,هجوم إرهابي يهز ألمانيا,https://api.hosting.thmanyah.com/episodeAudioFile/4556/file.mp3,121
1734930194,165,أشجع امرأة سورية في العالم: الشبيحة ضحايا مثلنا والشعب انتصر على نظام الأسد | سوريا بودكاست,https://youtu.be/fnbITEtxnKo?t=3560,216
1734988003,,,/home/btw/Mr. Robot (2015) - S03E01 - eps3.0_power-saver-mode.h-cut.mkv,84
1734988312,,,/home/btw/MrRobot-DaftPunk.mkv,43
1735071514,27,Hunter x Hunter (2011) - 49,/mnt/8tb/mediarr/media/anime/Hunter x Hunter (2011)/Hunter x Hunter (2011) - 049.mkv,126
1735076519,43,هجوم إرهابي يهز ألمانيا,https://api.hosting.thmanyah.com/episodeAudioFile/4556/file.mp3,121
1735091887,,,/home/btw/Videos/obs/2024-12-05 17-57-19.mp4,57
1735091898,,,/home/btw/Videos/obs/2024-12-05 17-57-19.mp4,57
1735091974,,,/home/btw/Videos/obs/2024-12-09 23-56-33.mp4,57
1735091985,,,/home/btw/Videos/obs/2024-12-25 02-20-25.mkv,57
1735122557,43,هجوم إرهابي يهز ألمانيا,https://api.hosting.thmanyah.com/episodeAudioFile/4556/file.mp3,121
1735559684,87,كيف امتهن الاحتلال الإسرائيلي استهداف المدنيين,https://api.hosting.thmanyah.com/episodeAudioFile/4587/file.mp3,165
1735561610,76,ليش العالم يدفع 2 تريليون دولار على الدفاع,https://api.hosting.thmanyah.com/episodeAudioFile/4550/file.mp3,154
1735562697,,,/home/btw/24bit192kHz - CEO شاورمر [1474748883347648513].mp4,79
1735562699,,,/home/btw/Adolf Hitler - Viva La Vida (Literally Hitler Edition) [LUzcayxCbwQ].mp4,95
1735562735,43,هجوم إرهابي يهز ألمانيا,https://api.hosting.thmanyah.com/episodeAudioFile/4556/file.mp3,121
1735663076,,,/home/btw/Videos/obs/2024-12-31 19-31-02.mp4,57
1735663412,,,/home/btw/Videos/obs/2024-12-31 19-42-43.mp4,57
1735663759,,,/home/btw/Videos/obs/2024-12-31 19-48-16.mp4,57
1735663847,,,/home/btw/Videos/obs/2024-12-31 19-50-28.mp4,57
1735663945,,,/home/btw/Videos/obs/2024-12-31 19-50-28.mp4,57
1735663955,,,/home/btw/Videos/obs/2024-12-31 19-52-08.mkv,57
1735663965,,,/home/btw/Videos/obs/2024-12-31 19-52-08.mp4,57
1735664011,,,/home/btw/Videos/obs/2024-12-31 19-50-28.mp4,57
1735664044,,,/home/btw/Videos/obs/2024-12-31 19-53-19.mp4,57
1739257172,,,/mnt/win/Users/Root/media/mp4/WhatsApp Video 2023-05-04 at 13.03.13.mp4,84
1739257193,,,/mnt/win/Users/Root/media/mp4/WhatsApp Video 2022-07-16 at 1.23.03 AM.mp4,86
1739257213,,,/mnt/win/Users/Root/media/mp4/WhatsApp Video 2021-04-28 at 3.24.58 AM.mp4,86
1739257222,,,/mnt/win/Users/Root/media/mp4/WhatsApp Video 2021-05-04 at 8.05.33 PM.mp4,86
1739257228,,,/mnt/win/Users/Root/media/mp4/WhatsApp Video 2021-11-26 at 2.22.46 PM.mp4,86
1739257281,,,/mnt/win/Users/Root/media/mp4/WhatsApp Video 2021-08-30 at 6.34.26 AM.mp4,86
1739257297,,,/mnt/win/Users/Root/media/mp4/WhatsApp Video 2021-08-06 at 10.02.36 PM.mp4,87
1739257303,,,/mnt/win/Users/Root/media/mp4/WhatsApp Video 2021-06-20 at 9.21.25 AM.mp4,86
1739257312,,,/mnt/win/Users/Root/media/mp4/WhatsApp Video 2021-05-26 at 8.14 (1).mp4,84
1739466114,,,/mnt/win/Users/Root/media/mp4/اسطورة الرياض اتمنى القبض.mp4,94
1739466123,,,/mnt/win/Users/Root/media/mp4/اسطورة الرياض (7).mp4,76
1739466154,,,/mnt/win/Users/Root/media/mp4/اسطورة سيارة_processed.mp4,80
1739470740,,,https://001.emy.mx//Videos/1443509/stream?static=true&api_key=9665f84b20b04c6187f0766b57abd144&Container=mp4,121
1739584643,,,/home/btw/Videos/obs/2025-02-15 04-52-51.mp4,57
1739643752,,,https://video.twimg.com/dm_video/1890827046592327681/pl/mp4a/128000/qZfHtoP1gxf0bRwHano4rg8siCkkLNJifRatoVFKL_Y.m3u8,129
1739714914,,,/home/btw/yt-dl/عبدالعزيز الشهري ههههههههههههههههههههههههههههههههههههههههههههههههههههههههههههههههههه😭😂💔.mp4,211
1739715197,27,Hunter x Hunter (2011) - 49,/mnt/8tb/mediarr/media/anime/Hunter x Hunter (2011)/Hunter x Hunter (2011) - 049.mkv,126
1739715669,27,Hunter x Hunter (2011) - 01,/mnt/8tb/mediarr/media/anime/Hunter x Hunter (2011)/Hunter x Hunter (2011) - 001.mkv,126
1739717238,27,Hunter x Hunter (2011) - 01,/mnt/8tb/mediarr/media/anime/Hunter x Hunter (2011)/Hunter x Hunter (2011) - 001.mkv,126
1739717312,27,Hunter x Hunter (2011) - 01,/mnt/8tb/mediarr/media/anime/Hunter x Hunter (2011)/Hunter x Hunter (2011) - 001.mkv,126
1739717420,27,Hunter x Hunter (2011) - 01,/mnt/8tb/mediarr/media/anime/Hunter x Hunter (2011)/Hunter x Hunter (2011) - 001.mkv,126
1739731391,,,/mnt/4tb/movies/10 Things I Hate About You (1999)/10 Things I Hate About You (1999) [imdbid-tt0147800] - [Bluray-1080p][AAC 5.1][x265]-Silence.mkv,159
1739731422,,,/mnt/4tb/movies/10 Things I Hate About You (1999)/10 Things I Hate About You (1999) [imdbid-tt0147800] - [Bluray-1080p][AAC 5.1][x265]-Silence.mkv,159
1739731440,,,/mnt/4tb/movies/10 Things I Hate About You (1999)/10 Things I Hate About You (1999) [imdbid-tt0147800] - [Bluray-1080p][AAC 5.1][x265]-Silence.mkv,159
1739749736,,,/home/btw/Videos/obs/2025-02-16_22-01-15.mp4,57
1739750455,,,/home/btw/Videos/obs/2025-02-17_02-58-47.mp4,57
1739750917,,,/home/btw/Videos/obs/2025-02-17_03-08-15.mp4,57
1739751046,,,/home/btw/Videos/obs/2025-02-17_03-08-15.mp4,57
1739791774,,,/home/btw/yt-dl/older/عبدالعزيز الشهري ههههههههههههههههههههههههههههههههههههههههههههههههههههههههههههههههههه😭😂💔.mp4,217
1739793339,,,/home/btw/Videos/obs/2025-02-17 14-52-58.mp4,57
1739866196,,,/home/btw/Videos/obs/2025-02-18 11-07-04.mp4,57
1740061216,,,https://001.emy.mx//Videos/1443509/stream?static=true&api_key=9665f84b20b04c6187f0766b57abd144&Container=mp4,121
1740061239,32,Severance (2022) S02E01 (2160p) ,https://001.emy.mx//Videos/1719396/stream?static=true&api_key=9665f84b20b04c6187f0766b57abd144&Container=mp4,155
1740078774,,,https://001.emy.mx//Videos/1722223/stream?static=true&api_key=9665f84b20b04c6187f0766b57abd144&Container=mp4,121
1740229152,,,https://001.emy.mx//Videos/1722223/stream?static=true&api_key=9665f84b20b04c6187f0766b57abd144&Container=mp4,121
1740229157,,,https://001.emy.mx//Videos/1724144/stream?static=true&api_key=9665f84b20b04c6187f0766b57abd144&Container=mp4,121
1740229439,,,https://001.emy.mx//Videos/1724144/stream?static=true&api_key=9665f84b20b04c6187f0766b57abd144&Container=mp4,121
1740229517,,,https://001.emy.mx//Videos/1724144/stream?static=true&api_key=9665f84b20b04c6187f0766b57abd144&Container=mp4,121
1740232344,,,https://001.emy.mx//Videos/1726845/stream?static=true&api_key=9665f84b20b04c6187f0766b57abd144&Container=mp4,121
1740235830,,,https://001.emy.mx//Videos/1726845/stream?static=true&api_key=9665f84b20b04c6187f0766b57abd144&Container=mp4,121
1740238834,,,https://001.emy.mx//Videos/1729551/stream?static=true&api_key=9665f84b20b04c6187f0766b57abd144&Container=mp4,121
1740245153,32,Severance (2022) S02E01 (2160p) ,https://001.emy.mx//Videos/1719396/stream?static=true&api_key=9665f84b20b04c6187f0766b57abd144&Container=mp4,155
1740245175,,,https://001.emy.mx//Videos/1731980/stream?static=true&api_key=9665f84b20b04c6187f0766b57abd144&Container=mp4,121
1740245276,,,https://001.emy.mx//Videos/1731980/stream?static=true&api_key=9665f84b20b04c6187f0766b57abd144&Container=mp4,121
1740245330,,,https://001.emy.mx//Videos/1731980/stream?static=true&api_key=9665f84b20b04c6187f0766b57abd144&Container=mp4,121
1740335707,,,/home/btw/Videos/obs/2025-02-23 21-34-52.mp4,57
1740347101,,,/home/btw/Videos/obs/2025-02-24 00-25-52.mp4,57
1740347111,,,/home/btw/Videos/obs/2025-02-24 00-43-54.mp4,57
1740347263,,,/home/btw/Videos/obs/2025-02-24 00-47-13.mp4,57
1740349818,,,/home/btw/Videos/obs/2025-02-24 01-29-39.mp4,57
1740349973,,,/home/btw/Videos/obs/2025-02-24 01-29-39.mp4,57
1740349977,,,/home/btw/Videos/obs/2025-02-24 01-32-20.mp4,57
1740350139,,,/home/btw/Videos/obs/2025-02-24 01-35-16.mp4,57
1740350921,,,/home/btw/Videos/obs/2025-02-24 01-47-33.mp4,57
1740350994,,,/home/btw/Videos/obs/2025-02-24 01-49-20.mp4,57
1740391983,,,/home/btw/Videos/obs/2025-02-24 13-08-41.mp4,57
1740392825,,,/home/btw/Videos/obs/2025-02-24 13-18-09.mp4,57
1740393047,,,/home/btw/Videos/obs/2025-02-24 13-29-50.mp4,57
1740393307,,,/home/btw/Videos/obs/2025-02-24 13-34-50.mp4,57
1740393346,,,/home/btw/Videos/obs/2025-02-24 13-35-33.mp4,57
1740393652,,,/home/btw/Videos/obs/2025-02-24 13-39-56.mp4,57
1740394379,,,/home/btw/Videos/obs/2025-02-24-13-52-15.mp4,57
1740394782,,,/home/btw/Videos/obs/2025-02-24-13-58-23.mp4,57
1740409728,,,rtmp://192.168.0.4/live/test,41
1740409904,,,rtmp://192.168.0.4:1935/live/test,46
1740416240,,,rtmp://192.168.100.225/live/test,45
1740417441,,,/home/btw/Videos/obs/2025-02-24-20-03-01.mp4,57
1740658446,,,https://001.emy.mx//Videos/789/stream?static=true&api_key=9665f84b20b04c6187f0766b57abd144&Container=mp4,117
1740662441,,,https://001.emy.mx//Videos/789/stream?static=true&api_key=9665f84b20b04c6187f0766b57abd144&Container=mp4,117
1740685540,208,𝟣𝟫𝟫𝟤 𝐋𝐚𝐭𝐞 𝐍𝐢𝐠𝐡𝐭 𝐖𝐨𝐫𝐤 // 𝙉𝙤𝙨𝙩𝙖𝙡𝙜𝙞𝙘 𝙊𝙛𝙛𝙞𝙘𝙚𝙬𝙖𝙫𝙚 ~ 𝙲𝚊𝚕𝚖 𝚅𝚊𝚙𝚘𝚛𝚠𝚊𝚟𝚎,https://youtu.be/FkFE2H2loPg,252
1740693281,,,/home/btw/Videos/obs/2025-02-28-00-54-29.mp4,57
1740693301,,,/home/btw/Videos/obs/2025-02-28-00-54-49.mp4,57
1740730885,,,/mnt/win/Users/Root/media/mp4/اسطورة جمعة.mp4,68
1740730895,,,/mnt/win/Users/Root/media/mp4/اسطورة سيارة_processed.mp4,80
1740783468,,,/mnt/nvme/media/mp4/يصلي.mp4,45
1740784107,,,/mnt/nvme/media/mp4/yt1s.com - Giancarlo Esposito_360p.mp4,71
1740784130,,,/mnt/nvme/media/mp4/yVntfTn9NrCqXChl.mp4,53
1740784148,,,/mnt/nvme/media/mp4/yoxics-1665851583387832326-20230606_014222-vid1.mp4,84
1740784152,,,/mnt/nvme/media/mp4/YpJ5Lc3OEdp8Sd6-.mp4,53
1740784154,,,/mnt/nvme/media/mp4/yt1s.com - .mp4,48
1740784175,,,/mnt/nvme/media/mp4/x3x0_88572397_490093398695508_5765705153051467157_n.mp4,88
1740784191,,,/mnt/nvme/media/mp4/w_CsUE-ivO7KXFpK.mp4,53
1740784214,,,/mnt/nvme/media/mp4/waddah224-563380514472472576-20150205_195556-vid1.mp4,86
1740784332,,,/mnt/nvme/media/mp4/morti_sad-1508505597523726338-20220328_210535-vid1.mp4,87
1740784419,,,/mnt/nvme/media/mp4/ماش.mp4,43
1740784822,,,/mnt/nvme/media/mp4/final_622464f03ee5c70093091d14_474725.mp4,74
1740784836,,,/mnt/nvme/media/mp4/Br0nzeG0ldSilv-1520926561574264834-20220502_034204-vid1.mp4,92
1740923853,,,https://001.emy.mx//Videos/1734716/stream?static=true&api_key=9665f84b20b04c6187f0766b57abd144&Container=mp4,121
1740947755,,,/home/btw/Downloads/coe/ch1/01 - Introduction_2160p.mp4,68
1740947814,,,/home/btw/Downloads/coe/ch1/01 - Introduction_2160p.mp4,68
1740947818,,,/home/btw/Downloads/coe/ch1/2 - Why binary_2160p.mp4,65
1740948219,,,/home/btw/Downloads/coe/ch1/3 - Decimal to any base conversion_2160p.mp4,85
1740948853,,,/home/btw/Downloads/coe/ch1/4 - Any base to decimal conversion_2160p.mp4,85
1740949724,,,/home/btw/Downloads/coe/ch1/4 - Any base to decimal conversion_2160p.mp4,85
1740949729,,,/home/btw/Downloads/coe/ch1/5 - Octal to binary and binary to octal conversion_2160p.mp4,101
1740949741,,,/home/btw/Downloads/coe/ch1/5 - Octal to binary and binary to octal conversion_2160p.mp4,101
1740949796,,,/home/btw/Downloads/coe/ch1/5 - Octal to binary and binary to octal conversion_2160p.mp4,101
1740949805,,,/home/btw/Downloads/coe/ch1/5 - Octal to binary and binary to octal conversion_2160p.mp4,101
1740949835,,,/home/btw/Downloads/coe/ch1/5 - Octal to binary and binary to octal conversion_2160p.mp4,101
1740952244,,,/home/btw/Downloads/coe/ch1/6 - Hexa to binary and binary to hexa conversion_2160p.mp4,99
1740952609,,,/home/btw/Downloads/coe/ch1/7 - Octal to hexa and hexa to octal conversion_2160p.mp4,97
1740953203,,,/home/btw/Downloads/coe/ch1/8 - Binary addition_2160p.mp4,70
1740954849,,,/home/btw/Downloads/coe/ch1/9 - Binary multiplication_2160p.mp4,76
1740954889,,,/home/btw/Downloads/coe/ch1/9 - Binary multiplication_2160p.mp4,76
1740954890,,,/home/btw/Downloads/coe/ch1/8 - Binary addition_2160p.mp4,70
1740955170,,,/home/btw/Downloads/coe/ch1/8 - Binary addition_2160p.mp4,70
1740955170,,,/home/btw/Downloads/coe/ch1/9 - Binary multiplication_2160p.mp4,76
1740955177,,,/home/btw/Downloads/coe/ch1/10 - Sign_Magnitude_2160p.mp4,70
1740955179,,,/home/btw/Downloads/coe/ch1/11 - Twos complement_2160p.mp4,71
1740955180,,,/home/btw/Downloads/coe/ch1/10 - Sign_Magnitude_2160p.mp4,70
1740955185,,,/home/btw/Downloads/coe/ch1/9 - Binary multiplication_2160p.mp4,76
1740955710,,,/home/btw/Downloads/coe/ch1/10 - Sign_Magnitude_2160p.mp4,70
1740956817,,,/home/btw/Downloads/coe/ch1/11 - Twos complement_2160p.mp4,71
1740958343,,,/home/btw/Downloads/coe/ch1/12 - Alphanumeric_2160p.mp4,68
1741039103,,,/home/btw/Downloads/coe/ch1/12 - Alphanumeric_2160p.mp4,68
1741039347,,,/home/btw/Downloads/coe/ch1/13 - Self read part 1_2160p.mp4,72
1741039591,,,/home/btw/Downloads/coe/ch1/14 - Self read part 2_2160p.mp4,72
1741042845,,,/home/btw/Downloads/coe/ch2/01 - Introduction_2160p .mp4,69
1741044771,,,/home/btw/Downloads/coe/ch2/02 - OR and AND gates_2160p.mp4,72
1741046355,,,/home/btw/Downloads/coe/ch2/03 - NOT gate_2160p.mp4,64
1741047173,,,/home/btw/Downloads/coe/ch2/04 - Truth Table_2160p.mp4,67
1741048004,,,/home/btw/Downloads/coe/ch2/05 - Basic logic gates_2160p.mp4,73
1741048465,,,/home/btw/Downloads/coe/ch2/06 - Logic circuit_2160p.mp4,69
1741048840,,,/home/btw/Downloads/coe/ch2/07 - Analysis_2160p.mp4,64
1741050403,,,/home/btw/Downloads/coe/ch2/08 - Synthesis_2160p.mp4,65
1741096695,,,/home/btw/Downloads/coe/ch3/01 - Introduction_2160p .mp4,69
1741097411,,,/home/btw/Downloads/coe/ch3/02 - Everyday boolean logic_2160p.mp4,78
1741097674,,,/home/btw/Downloads/coe/ch3/03 - Theorems part 1_2160p.mp4,71
1741098115,,,/home/btw/Downloads/coe/ch3/04 - Theorems part 2_2160p.mp4,71
1741099696,,,/home/btw/Downloads/coe/ch3/05 - DeMorgan’s theorem_2160p.mp4,76
1741111335,,,/home/btw/Downloads/coe/ch3/06 - SOP_2160p.mp4,59
1741111842,,,/home/btw/Downloads/coe/ch3/07 - POS_2160p.mp4,59
1741114312,,,/home/btw/Downloads/coe/ch3/08 - SOP and POS_2160p.mp4,67
1741115828,,,/home/btw/Downloads/coe/ch3/09 - NAND and NOR gates_2160p.mp4,74
1741116955,,,/home/btw/Downloads/coe/ch4/01 - Introduction_1080p.mp4,68
1741117405,,,/home/btw/Downloads/coe/ch4/02 - CAD tool_1080p.mp4,64
1741118135,,,/home/btw/Downloads/coe/ch4/03 - Concept and design entry stages_1080p.mp4,87
1741118839,,,/home/btw/Downloads/coe/ch4/04 - Synthesis and optimization stage_1080p.mp4,88
1741119896,,,/home/btw/Downloads/coe/ch4/05 - Simulation stage_1080p.mp4,72
1741120127,,,/home/btw/Downloads/coe/ch4/06 - Physical design stage_1080p.mp4,77
1741120594,,,/home/btw/Downloads/coe/ch4/07 - Introduction to Verilog_1080p.mp4,79
1741159820,,,/home/btw/Downloads/coe/Untitled video - Made with Clipchamp.mp4,77
1741197115,,,/mnt/nvme/media/mp4/[twitter] _HeroGarp—2023.06.21—1671551912238276609—CDITOIJNwxdxXL3L.mp4,110
1741259697,,,/home/btw/Downloads/Telegram Desktop/20250128-1932-18.8277702.mp4,78
1741264082,,,/home/btw/Downloads/Telegram Desktop/IMG_20250205_211307.jpg,73
1741264083,,,/home/btw/Downloads/Telegram Desktop/IMG_20250212_014107.jpg,73
1741264084,,,/home/btw/Downloads/Telegram Desktop/IMG_20250218_220801.jpg,73
1741264085,,,/home/btw/Downloads/Telegram Desktop/IMG_20250218_220804.jpg,73
1741297688,,,/home/btw/Downloads/coe/lap4.MOV,45
1741349047,,,https://001.emy.mx//Videos/1737191/stream?static=true&api_key=9665f84b20b04c6187f0766b57abd144&Container=mp4,121
1741370964,,,/home/btw/Downloads/IMG_0365.MOV,45
1741450548,86,كيف نفذت المافيا أكبر سرقة كاش في تاريخ أمريكا؟,https://youtu.be/25W57z2iWss,129
1741637459,,,/home/btw/Downloads/SQL/Lab 2_1080p (1).mp4,56
1741637477,,,/home/btw/Downloads/SQL/Lab 2_1080p.mp4,52
1741638155,,,/home/btw/Downloads/SQL/Lab 2_1080p.mp4,52
1741640071,,,/home/btw/Downloads/SQL/Lab 3_1080p.mp4,52
1741719597,,,/home/btw/Downloads/SQL/Lab 3_1080p.mp4,52
1741719600,,,/home/btw/Downloads/SQL/Lab 4_1080p.mp4,52
1741725364,,,/home/btw/Downloads/SQL/Lab 5_1080p.mp4,52
1741728652,,,/home/btw/Downloads/SQL/Lab 6_1080p.mp4,52
1741731169,,,/home/btw/Downloads/SQL/Lab 7_1080p.mp4,52
1741880481,,,https://001.emy.mx//Videos/1737191/stream?static=true&api_key=9665f84b20b04c6187f0766b57abd144&Container=mp4,121
1741903282,,,/home/btw/Downloads/math/5.mp4,43
1741955668,,,/home/btw/Downloads/math/5.mp4,43
1741955688,,,/home/btw/Downloads/math/1.mp4,43
1741974336,,,/home/btw/Downloads/math/2.mp4,43
1741978843,,,/home/btw/Downloads/math/3.mp4,43
1741989812,,,/home/btw/Downloads/math/2.mp4,43
1741989864,,,/home/btw/Downloads/math/3.mp4,43
1741989903,,,/home/btw/Downloads/math/4.mp4,43
1741994306,,,/home/btw/Downloads/math/5.mp4,43
1741995218,,,/home/btw/Downloads/math/6.mp4,43
1741995226,,,/home/btw/Downloads/math/7.mp4,43
1742046413,,,/home/btw/Downloads/math/7.mp4,43
1742065627,,,/home/btw/Downloads/math/8.mp4,43
1742070762,,,/home/btw/Downloads/math/9.mp4,43
1742158153,,,/mnt/8tb/mediarr/torrent/arch/tom-and-jerry-091-pup-on-a-picnic-1955-widescreen/164 - The Mansion Cat [2001].ia.mp4,128
1742158237,,,/mnt/8tb/mediarr/torrent/arch/tom-and-jerry-091-pup-on-a-picnic-1955-widescreen/164 - The Mansion Cat [2001].ia.mp4,128
1742158239,,,/mnt/8tb/mediarr/torrent/arch/tom-and-jerry-091-pup-on-a-picnic-1955-widescreen/166 - On A Roll [2021].ia.mp4,122
1742158241,,,/mnt/8tb/mediarr/torrent/arch/tom-and-jerry-091-pup-on-a-picnic-1955-widescreen/167 - The House That Cat Built [2021].ia.mp4,137
1742158250,,,/mnt/8tb/mediarr/torrent/arch/tom-and-jerry-091-pup-on-a-picnic-1955-widescreen/Tom and Jerry - 001 - Puss Gets the Boot [1940].mp4,144
1742158313,,,/mnt/8tb/mediarr/torrent/arch/tom-and-jerry-091-pup-on-a-picnic-1955-widescreen/Tom and Jerry - 002 - Midnight Snack [1941].mp4,140
1742208185,,,https://001.emy.mx//Videos/1739552/stream?static=true&api_key=9665f84b20b04c6187f0766b57abd144&Container=mp4,121
1742211357,,,https://001.emy.mx//Videos/1731980/stream?static=true&api_key=9665f84b20b04c6187f0766b57abd144&Container=mp4,121
1742211476,,,https://001.emy.mx//Videos/490253/stream?static=true&api_key=9665f84b20b04c6187f0766b57abd144&Container=mp4,120
1742214320,,,https://001.emy.mx//Videos/490256/stream?static=true&api_key=9665f84b20b04c6187f0766b57abd144&Container=mp4,120
1742254373,,,https://001.emy.mx//Videos/490259/stream?static=true&api_key=9665f84b20b04c6187f0766b57abd144&Container=mp4,120
1742256956,,,https://001.emy.mx//Videos/490252/stream?static=true&api_key=9665f84b20b04c6187f0766b57abd144&Container=mp4,120
1742283446,,,https://001.emy.mx//Videos/490252/stream?static=true&api_key=9665f84b20b04c6187f0766b57abd144&Container=mp4,120
1742284601,,,https://001.emy.mx//Videos/490258/stream?static=true&api_key=9665f84b20b04c6187f0766b57abd144&Container=mp4,120
1742287988,,,https://001.emy.mx//Videos/490254/stream?static=true&api_key=9665f84b20b04c6187f0766b57abd144&Container=mp4,120
1742290679,,,https://001.emy.mx//Videos/490255/stream?static=true&api_key=9665f84b20b04c6187f0766b57abd144&Container=mp4,120
1742295798,,,https://001.emy.mx//Videos/490257/stream?static=true&api_key=9665f84b20b04c6187f0766b57abd144&Container=mp4,120
1742298464,,,https://001.emy.mx//Videos/490251/stream?static=true&api_key=9665f84b20b04c6187f0766b57abd144&Container=mp4,120
1742298590,,,https://001.emy.mx//Videos/490251/stream?static=true&api_key=9665f84b20b04c6187f0766b57abd144&Container=mp4,120
1742300588,,,https://001.emy.mx//Videos/490251/stream?static=true&api_key=9665f84b20b04c6187f0766b57abd144&Container=mp4,120
1742316557,,,https://001.emy.mx//Videos/1071850/stream?static=true&api_key=9665f84b20b04c6187f0766b57abd144&Container=mp4,121
1742319910,,,https://001.emy.mx//Videos/1076254/stream?static=true&api_key=9665f84b20b04c6187f0766b57abd144&Container=mp4,121
1742322880,,,https://001.emy.mx//Videos/1085457/stream?static=true&api_key=9665f84b20b04c6187f0766b57abd144&Container=mp4,121
1742344084,,,https://001.emy.mx//Videos/1151663/stream?static=true&api_key=9665f84b20b04c6187f0766b57abd144&Container=mp4,121
1742347843,,,https://001.emy.mx//Videos/1523875/stream?static=true&api_key=9665f84b20b04c6187f0766b57abd144&Container=mp4,121
1742378632,,,https://001.emy.mx//Videos/1523875/stream?static=true&api_key=9665f84b20b04c6187f0766b57abd144&Container=mp4,121
1742378645,,,https://001.emy.mx//Videos/1523874/stream?static=true&api_key=9665f84b20b04c6187f0766b57abd144&Container=mp4,121
1742381426,,,https://001.emy.mx//Videos/1528423/stream?static=true&api_key=9665f84b20b04c6187f0766b57abd144&Container=mp4,121
1742384481,,,https://001.emy.mx//Videos/1531069/stream?static=true&api_key=9665f84b20b04c6187f0766b57abd144&Container=mp4,121
1742388065,,,https://001.emy.mx//Videos/1726400/stream?static=true&api_key=9665f84b20b04c6187f0766b57abd144&Container=mp4,121
1742391168,,,https://001.emy.mx//Videos/1726398/stream?static=true&api_key=9665f84b20b04c6187f0766b57abd144&Container=mp4,121
1742438323,,,https://001.emy.mx//Videos/1726398/stream?static=true&api_key=9665f84b20b04c6187f0766b57abd144&Container=mp4,121
1742438842,,,https://001.emy.mx//Videos/1726399/stream?static=true&api_key=9665f84b20b04c6187f0766b57abd144&Container=mp4,121
1742460754,,,/home/btw/Downloads/lap7.MOV,41
1742495173,,,https://001.emy.mx//Videos/1726399/stream?static=true&api_key=9665f84b20b04c6187f0766b57abd144&Container=mp4,121
1742499539,,,https://001.emy.mx//Videos/1729231/stream?static=true&api_key=9665f84b20b04c6187f0766b57abd144&Container=mp4,121
1742499568,,,https://001.emy.mx//Videos/1731800/stream?static=true&api_key=9665f84b20b04c6187f0766b57abd144&Container=mp4,121
1742499609,,,https://001.emy.mx//Videos/1726400/stream?static=true&api_key=9665f84b20b04c6187f0766b57abd144&Container=mp4,121
1742499614,,,https://001.emy.mx//Videos/1726398/stream?static=true&api_key=9665f84b20b04c6187f0766b57abd144&Container=mp4,121
1742499619,,,https://001.emy.mx//Videos/1726399/stream?static=true&api_key=9665f84b20b04c6187f0766b57abd144&Container=mp4,121
1742499624,,,https://001.emy.mx//Videos/1729231/stream?static=true&api_key=9665f84b20b04c6187f0766b57abd144&Container=mp4,121
1742518998,,,https://001.emy.mx//Videos/1731800/stream?static=true&api_key=9665f84b20b04c6187f0766b57abd144&Container=mp4,121
1742523687,,,https://001.emy.mx//Videos/1734491/stream?static=true&api_key=9665f84b20b04c6187f0766b57abd144&Container=mp4,121
1742526856,,,https://001.emy.mx//Videos/1736916/stream?static=true&api_key=9665f84b20b04c6187f0766b57abd144&Container=mp4,121
1742530092,,,https://001.emy.mx//Videos/1739238/stream?static=true&api_key=9665f84b20b04c6187f0766b57abd144&Container=mp4,121
1742555090,,,https://001.emy.mx//Videos/1741754/stream?static=true&api_key=9665f84b20b04c6187f0766b57abd144&Container=mp4,121
1742572936,86,Patrick.Melrose.S01E01.Bad.News.2160p.STAN.WEB-DL.x265.10bit.HDR.DTS-HD.MA.5.1-SWTYBLZ,https://001.emy.mx//Videos/1286115/stream?static=true&api_key=9665f84b20b04c6187f0766b57abd144&Container=mp4,209
1742599030,40,Serial Experiments Lain: 05 - Distortion,/mnt/8tb/mediarr/torrent/arch/Serial Experiments Lain 1998 1080p BluRay FLAC 2.0 x264-Chotab/Serial Experiments Lain E05 Distortion 1080p BluRay FLAC 2.0 x264-Chotab.mkv,224
1742599053,35,Serial Experiments Lain: 01 - Weird,/mnt/8tb/mediarr/torrent/arch/Serial Experiments Lain 1998 1080p BluRay FLAC 2.0 x264-Chotab/Serial Experiments Lain E01 Weird 1080p BluRay FLAC 2.0 x264-Chotab.mkv,214
1742601066,35,Serial Experiments Lain: 02 - Girls,/mnt/8tb/mediarr/torrent/arch/Serial Experiments Lain 1998 1080p BluRay FLAC 2.0 x264-Chotab/Serial Experiments Lain E02 Girls 1080p BluRay FLAC 2.0 x264-Chotab.mkv,214
1742602761,36,Serial Experiments Lain: 03 - Psyche,/mnt/8tb/mediarr/torrent/arch/Serial Experiments Lain 1998 1080p BluRay FLAC 2.0 x264-Chotab/Serial Experiments Lain E03 Psyche 1080p BluRay FLAC 2.0 x264-Chotab.mkv,216
1742605990,36,Serial Experiments Lain: 03 - Psyche,/mnt/8tb/mediarr/torrent/arch/Serial Experiments Lain 1998 1080p BluRay FLAC 2.0 x264-Chotab/Serial Experiments Lain E03 Psyche 1080p BluRay FLAC 2.0 x264-Chotab.mkv,216
1742605993,38,Serial Experiments Lain: 04 - Religion,/mnt/8tb/mediarr/torrent/arch/Serial Experiments Lain 1998 1080p BluRay FLAC 2.0 x264-Chotab/Serial Experiments Lain E04 Religion 1080p BluRay FLAC 2.0 x264-Chotab.mkv,220
1742607666,40,Serial Experiments Lain: 05 - Distortion,/mnt/8tb/mediarr/torrent/arch/Serial Experiments Lain 1998 1080p BluRay FLAC 2.0 x264-Chotab/Serial Experiments Lain E05 Distortion 1080p BluRay FLAC 2.0 x264-Chotab.mkv,224
1742657932,40,Serial Experiments Lain: 05 - Distortion,/mnt/8tb/mediarr/torrent/arch/Serial Experiments Lain 1998 1080p BluRay FLAC 2.0 x264-Chotab/Serial Experiments Lain E05 Distortion 1080p BluRay FLAC 2.0 x264-Chotab.mkv,224
1742657936,34,Serial Experiments Lain: 06 - Kids,/mnt/8tb/mediarr/torrent/arch/Serial Experiments Lain 1998 1080p BluRay FLAC 2.0 x264-Chotab/Serial Experiments Lain E06 Kids 1080p BluRay FLAC 2.0 x264-Chotab.mkv,212
1742697669,34,Serial Experiments Lain: 06 - Kids,/mnt/8tb/mediarr/torrent/arch/Serial Experiments Lain 1998 1080p BluRay FLAC 2.0 x264-Chotab/Serial Experiments Lain E06 Kids 1080p BluRay FLAC 2.0 x264-Chotab.mkv,212
1742698976,36,Serial Experiments Lain: 08 - Rumors,/mnt/8tb/mediarr/torrent/arch/Serial Experiments Lain 1998 1080p BluRay FLAC 2.0 x264-Chotab/Serial Experiments Lain E08 Rumors 1080p BluRay FLAC 2.0 x264-Chotab.mkv,216
1742701002,36,Serial Experiments Lain: 08 - Rumors,/mnt/8tb/mediarr/torrent/arch/Serial Experiments Lain 1998 1080p BluRay FLAC 2.0 x264-Chotab/Serial Experiments Lain E08 Rumors 1080p BluRay FLAC 2.0 x264-Chotab.mkv,216
1742701005,38,Serial Experiments Lain: 09 - Protocol,/mnt/8tb/mediarr/torrent/arch/Serial Experiments Lain 1998 1080p BluRay FLAC 2.0 x264-Chotab/Serial Experiments Lain E09 Protocol 1080p BluRay FLAC 2.0 x264-Chotab.mkv,220
1742702486,34,Serial Experiments Lain: 10 - Love,/mnt/8tb/mediarr/torrent/arch/Serial Experiments Lain 1998 1080p BluRay FLAC 2.0 x264-Chotab/Serial Experiments Lain E10 Love 1080p REPACK BluRay FLAC 2.0 x264-Chotab.mkv,219
1742747366,34,Serial Experiments Lain: 10 - Love,/mnt/8tb/mediarr/torrent/arch/Serial Experiments Lain 1998 1080p BluRay FLAC 2.0 x264-Chotab/Serial Experiments Lain E10 Love 1080p REPACK BluRay FLAC 2.0 x264-Chotab.mkv,219
1742747369,43,Serial Experiments Lain: 11 - Infornography,/mnt/8tb/mediarr/torrent/arch/Serial Experiments Lain 1998 1080p BluRay FLAC 2.0 x264-Chotab/Serial Experiments Lain E11 Infornography 1080p BluRay FLAC 2.0 x264-Chotab.mkv,230
1742748792,39,Serial Experiments Lain: 12 - Landscape,/mnt/8tb/mediarr/torrent/arch/Serial Experiments Lain 1998 1080p BluRay FLAC 2.0 x264-Chotab/Serial Experiments Lain E12 Landscape 1080p BluRay FLAC 2.0 x264-Chotab.mkv,222
1742751641,33,Serial Experiments Lain: 13 - Ego,/mnt/8tb/mediarr/torrent/arch/Serial Experiments Lain 1998 1080p BluRay FLAC 2.0 x264-Chotab/Serial Experiments Lain E13 Ego 1080p BluRay FLAC 2.0 x264-Chotab.mkv,210
1743017470,,,https://001.emy.mx//Videos/1684477/stream?static=true&api_key=9665f84b20b04c6187f0766b57abd144&Container=mp4,121
1743020456,,,https://001.emy.mx//Videos/1684479/stream?static=true&api_key=9665f84b20b04c6187f0766b57abd144&Container=mp4,121
1743023417,,,https://001.emy.mx//Videos/1443509/stream?static=true&api_key=9665f84b20b04c6187f0766b57abd144&Container=mp4,121
1743026126,,,https://001.emy.mx//Videos/1443508/stream?static=true&api_key=9665f84b20b04c6187f0766b57abd144&Container=mp4,121
1743031053,,,https://001.emy.mx//Videos/1443517/stream?static=true&api_key=9665f84b20b04c6187f0766b57abd144&Container=mp4,121
1743035797,,,https://001.emy.mx//Videos/1443522/stream?static=true&api_key=9665f84b20b04c6187f0766b57abd144&Container=mp4,121
1743035828,,,https://001.emy.mx//Videos/1443522/stream?static=true&api_key=9665f84b20b04c6187f0766b57abd144&Container=mp4,121
1743038097,,,https://001.emy.mx//Videos/1443516/stream?static=true&api_key=9665f84b20b04c6187f0766b57abd144&Container=mp4,121
1743040319,,,https://001.emy.mx//Videos/1443506/stream?static=true&api_key=9665f84b20b04c6187f0766b57abd144&Container=mp4,121
1743041946,,,https://001.emy.mx//Videos/1443504/stream?static=true&api_key=9665f84b20b04c6187f0766b57abd144&Container=mp4,121
1743043235,,,https://001.emy.mx//Videos/1443519/stream?static=true&api_key=9665f84b20b04c6187f0766b57abd144&Container=mp4,121
1743044669,,,https://001.emy.mx//Videos/1443515/stream?static=true&api_key=9665f84b20b04c6187f0766b57abd144&Container=mp4,121
1743046774,,,https://001.emy.mx//Videos/1443503/stream?static=true&api_key=9665f84b20b04c6187f0766b57abd144&Container=mp4,121
1743086600,,,https://001.emy.mx//Videos/1443503/stream?static=true&api_key=9665f84b20b04c6187f0766b57abd144&Container=mp4,121
1743086609,,,https://001.emy.mx//Videos/1443505/stream?static=true&api_key=9665f84b20b04c6187f0766b57abd144&Container=mp4,121
1743090269,,,https://001.emy.mx//Videos/1443513/stream?static=true&api_key=9665f84b20b04c6187f0766b57abd144&Container=mp4,121
1743090610,,,https://001.emy.mx//Videos/1443513/stream?static=true&api_key=9665f84b20b04c6187f0766b57abd144&Container=mp4,121
1743092099,,,https://001.emy.mx//Videos/1443502/stream?static=true&api_key=9665f84b20b04c6187f0766b57abd144&Container=mp4,121
1743094422,,,https://001.emy.mx//Videos/1443521/stream?static=true&api_key=9665f84b20b04c6187f0766b57abd144&Container=mp4,121
1743096458,,,https://001.emy.mx//Videos/1443520/stream?static=true&api_key=9665f84b20b04c6187f0766b57abd144&Container=mp4,121
1743098596,,,https://001.emy.mx//Videos/1443512/stream?static=true&api_key=9665f84b20b04c6187f0766b57abd144&Container=mp4,121
1743100091,,,https://001.emy.mx//Videos/1443511/stream?static=true&api_key=9665f84b20b04c6187f0766b57abd144&Container=mp4,121
1743101459,,,https://001.emy.mx//Videos/1443518/stream?static=true&api_key=9665f84b20b04c6187f0766b57abd144&Container=mp4,121
1743104342,,,https://001.emy.mx//Videos/1443524/stream?static=true&api_key=9665f84b20b04c6187f0766b57abd144&Container=mp4,121
1743105721,,,https://001.emy.mx//Videos/1443514/stream?static=true&api_key=9665f84b20b04c6187f0766b57abd144&Container=mp4,121
1743116471,,,https://001.emy.mx//Videos/1443507/stream?static=true&api_key=9665f84b20b04c6187f0766b57abd144&Container=mp4,121
1743117845,,,https://001.emy.mx//Videos/1443510/stream?static=true&api_key=9665f84b20b04c6187f0766b57abd144&Container=mp4,121
1743119297,,,https://001.emy.mx//Videos/1443525/stream?static=true&api_key=9665f84b20b04c6187f0766b57abd144&Container=mp4,121
1743121811,,,https://001.emy.mx//Videos/1443523/stream?static=true&api_key=9665f84b20b04c6187f0766b57abd144&Container=mp4,121
1743123470,,,https://001.emy.mx//Videos/1443531/stream?static=true&api_key=9665f84b20b04c6187f0766b57abd144&Container=mp4,121
1743125625,42,Steins;Gate - 23 β: Open the Missing Link,https://001.emy.mx//Videos/1443528/stream?static=true&api_key=9665f84b20b04c6187f0766b57abd144&Container=mp4,165
1743126574,,,https://001.emy.mx//Videos/1445402/stream?static=true&api_key=9665f84b20b04c6187f0766b57abd144&Container=mp4,121
1743126672,,,https://001.emy.mx//Videos/1410366/stream?static=true&api_key=9665f84b20b04c6187f0766b57abd144&Container=mp4,121
1743128229,,,https://001.emy.mx//Videos/1410536/stream?static=true&api_key=9665f84b20b04c6187f0766b57abd144&Container=mp4,121
1743128298,,,https://001.emy.mx//Videos/1410366/stream?static=true&api_key=9665f84b20b04c6187f0766b57abd144&Container=mp4,121
1743128451,,,https://001.emy.mx//Videos/1410366/stream?static=true&api_key=9665f84b20b04c6187f0766b57abd144&Container=mp4,121
1743129021,,,https://001.emy.mx//Videos/1410536/stream?static=true&api_key=9665f84b20b04c6187f0766b57abd144&Container=mp4,121
1743134681,42,Steins;Gate - 23 β: Open the Missing Link,https://001.emy.mx//Videos/1443528/stream?static=true&api_key=9665f84b20b04c6187f0766b57abd144&Container=mp4,165
1743135246,42,Steins;Gate - 23 β: Open the Missing Link,https://001.emy.mx//Videos/1445403/stream?static=true&api_key=9665f84b20b04c6187f0766b57abd144&Container=mp4,165
1743135404,,,https://001.emy.mx//Videos/1445418/stream?static=true&api_key=9665f84b20b04c6187f0766b57abd144&Container=mp4,121
1743162850,,,https://001.emy.mx//Videos/1445418/stream?static=true&api_key=9665f84b20b04c6187f0766b57abd144&Container=mp4,121
1743162956,,,https://001.emy.mx//Videos/1445414/stream?static=true&api_key=9665f84b20b04c6187f0766b57abd144&Container=mp4,121
1743164985,,,https://001.emy.mx//Videos/1445420/stream?static=true&api_key=9665f84b20b04c6187f0766b57abd144&Container=mp4,121
1743166867,,,https://001.emy.mx//Videos/1445412/stream?static=true&api_key=9665f84b20b04c6187f0766b57abd144&Container=mp4,121
1743184452,,,https://001.emy.mx//Videos/1445422/stream?static=true&api_key=9665f84b20b04c6187f0766b57abd144&Container=mp4,121
1743190822,,,https://001.emy.mx//Videos/1445424/stream?static=true&api_key=9665f84b20b04c6187f0766b57abd144&Container=mp4,121
1743193317,,,https://001.emy.mx//Videos/1445413/stream?static=true&api_key=9665f84b20b04c6187f0766b57abd144&Container=mp4,121
1743195372,,,https://001.emy.mx//Videos/1445411/stream?static=true&api_key=9665f84b20b04c6187f0766b57abd144&Container=mp4,121
1743197890,,,https://001.emy.mx//Videos/1445405/stream?static=true&api_key=9665f84b20b04c6187f0766b57abd144&Container=mp4,121
1743201785,,,https://001.emy.mx//Videos/1445419/stream?static=true&api_key=9665f84b20b04c6187f0766b57abd144&Container=mp4,121
1743203633,,,/mnt/nvme/media/mp4/توم يمشي.mp4,52
1743203650,,,/mnt/nvme/media/mp4/توني سبرانو اسطورة الرياض (2).mp4,88
1743218209,,,https://001.emy.mx//Videos/1445415/stream?static=true&api_key=9665f84b20b04c6187f0766b57abd144&Container=mp4,121
1743219574,,,https://001.emy.mx//Videos/1445406/stream?static=true&api_key=9665f84b20b04c6187f0766b57abd144&Container=mp4,121
1743220958,,,https://001.emy.mx//Videos/1445409/stream?static=true&api_key=9665f84b20b04c6187f0766b57abd144&Container=mp4,121
1743223474,,,https://001.emy.mx//Videos/1445425/stream?static=true&api_key=9665f84b20b04c6187f0766b57abd144&Container=mp4,121
1743292180,,,/home/btw/yt-dl/What Your Keyboard Says About You.mp4,66
1743292253,,,/home/btw/yt-dl/What Your Keyboard Says About You.mp4,66
1743292253,,,/home/btw/yt-dl/older/عبدالعزيز الشهري ههههههههههههههههههههههههههههههههههههههههههههههههههههههههههههههههههه😭😂💔.mp4,217
1743292253,,,/home/btw/yt-dl/older/مسلسل طاش ما طاش حلقة بعنوان： مافيه أحد.mp4,111
1743292253,,,/home/btw/yt-dl/What Your Keyboard Says About You.mp4,66
1743292259,,,/home/btw/yt-dl/What Your Keyboard Says About You.mp4,66
1743292259,,,/home/btw/yt-dl/older/cut.mp4,42
1743292259,,,/home/btw/yt-dl/older/Elliot Alderson Edit ｜ Mr robot season 1 #mrrobot #edit#viralvideo #elliotalderson #aftereffects #mrrobotedit #fyp .mp4,156
1743292259,,,/home/btw/yt-dl/older/full.mp4,43
1743292259,,,/home/btw/yt-dl/older/I’m gonna take them down ⧸⧸ Peak show ⧸⧸ #mrrobot #elliotalderson #season3 #edit #aestheticstyle #ae23 #fyp #viral #fy #elliotedit .mp4,180
1743292259,,,/home/btw/yt-dl/older/just a fish. (what should I name him？).mp4,79
1743292259,,,/home/btw/yt-dl/older/Khambalah： A Mustache Ideology ｜ خمبلة：  آيديولوجية شنب.mp4,118
1743292259,,,/home/btw/yt-dl/older/Little Girl's Portrait Session Produces Surprising Results ｜｜ ViralHog.mp4,113
1743292259,,,/home/btw/yt-dl/older/Mozilla lost touch with reality; how becoming rich through failure stunts mental & emotional growth.mp4,138
1743292259,,,/home/btw/yt-dl/older/output_audio.mp3,51
1743292259,,,/home/btw/yt-dl/older/Putin and Xi make pancakes ｜ VOANews.mp4,77
1743292259,,,/home/btw/yt-dl/older/Real #real #bladerunner2049 #meme #relatable #fyp #reality .mp4,98
1743292259,,,/home/btw/yt-dl/older/Thanos Ending Credits Scene of Age of Ultron 2015 1080p (Fine, I'll do it myself) w⧸subtitles.mp4,134
1743292259,,,/home/btw/yt-dl/older/The Office - Right back at you bitch.mp4,75
1743292259,,,/home/btw/yt-dl/older/What Your Keyboard Says About You.mp4,72
1743292259,,,/home/btw/yt-dl/older/Would you drink it？ This is an extremely remote ice cave in alaska and after a 10 mile kayak and 17 mile hike we found this unparalleled beauty 😍.mp4,189
1743292259,,,/home/btw/yt-dl/older/Xi and Putin make pancakes on sidelines of Eastern Economic Forum.mp4,104
1743292259,,,/home/btw/yt-dl/older/اسرع تسمم #عبودكا #بورا_بورا#ردبول .mp4,101
1743292259,,,/home/btw/yt-dl/older/الحلقه 60 ： قنابل مع هتان.mp4,83
1743292259,,,/home/btw/yt-dl/older/عبدالعزيز الشهري ههههههههههههههههههههههههههههههههههههههههههههههههههههههههههههههههههه😭😂💔.mp4,217
1743292259,,,/home/btw/yt-dl/older/مسلسل طاش ما طاش حلقة بعنوان： مافيه أحد.mp4,111
1743292259,,,/home/btw/yt-dl/What Your Keyboard Says About You.mp4,66
1743292286,,,/home/btw/Downloads/سوداني.mp4,49
1743292286,,,/home/btw/Downloads/يشرب ماء.mp4,52
1743292286,,,/home/btw/Downloads/coe/lap4.MOV,45
1743292286,,,/home/btw/Downloads/coe/lap5.MOV,45
1743292286,,,/home/btw/Downloads/coe/Untitled video - Made with Clipchamp.mp4,77
1743292286,,,/home/btw/Downloads/coe/ch1/01 - Introduction_2160p.mp4,68
1743292286,,,/home/btw/Downloads/coe/ch1/2 - Why binary_2160p.mp4,65
1743292286,,,/home/btw/Downloads/coe/ch1/3 - Decimal to any base conversion_2160p.mp4,85
1743292286,,,/home/btw/Downloads/coe/ch1/4 - Any base to decimal conversion_2160p.mp4,85
1743292286,,,/home/btw/Downloads/coe/ch1/5 - Octal to binary and binary to octal conversion_2160p.mp4,101
1743292286,,,/home/btw/Downloads/coe/ch1/6 - Hexa to binary and binary to hexa conversion_2160p.mp4,99
1743292286,,,/home/btw/Downloads/coe/ch1/7 - Octal to hexa and hexa to octal conversion_2160p.mp4,97
1743292286,,,/home/btw/Downloads/coe/ch1/8 - Binary addition_2160p.mp4,70
1743292286,,,/home/btw/Downloads/coe/ch1/9 - Binary multiplication_2160p.mp4,76
1743292287,,,/home/btw/Downloads/coe/ch1/10 - Sign_Magnitude_2160p.mp4,70
1743292287,,,/home/btw/Downloads/coe/ch1/11 - Twos complement_2160p.mp4,71
1743292287,,,/home/btw/Downloads/coe/ch1/12 - Alphanumeric_2160p.mp4,68
1743292287,,,/home/btw/Downloads/coe/ch1/13 - Self read part 1_2160p.mp4,72
1743292287,,,/home/btw/Downloads/coe/ch1/14 - Self read part 2_2160p.mp4,72
1743292287,,,/home/btw/Downloads/coe/ch2/08 - Synthesis_2160p.mp4,65
1743292287,,,/home/btw/Downloads/coe/ch3/01 - Introduction_2160p .mp4,69
1743292287,,,/home/btw/Downloads/coe/ch3/02 - Everyday boolean logic_2160p.mp4,78
1743292287,,,/home/btw/Downloads/coe/ch3/03 - Theorems part 1_2160p.mp4,71
1743292287,,,/home/btw/Downloads/coe/ch3/04 - Theorems part 2_2160p.mp4,71
1743292287,,,/home/btw/Downloads/coe/ch3/05 - DeMorgan’s theorem_2160p.mp4,76
1743292287,,,/home/btw/Downloads/coe/ch3/06 - SOP_2160p.mp4,59
1743292287,,,/home/btw/Downloads/coe/ch3/07 - POS_2160p.mp4,59
1743292287,,,/home/btw/Downloads/coe/ch3/08 - SOP and POS_2160p.mp4,67
1743292287,,,/home/btw/Downloads/coe/ch3/09 - NAND and NOR gates_2160p.mp4,74
1743292287,,,/home/btw/Downloads/coe/ch4/07 - Introduction to Verilog_1080p.mp4,79
1743292287,,,/home/btw/Downloads/coe/ch4/08 - Structural modules_1080p.mp4,74
1743292287,,,/home/btw/Downloads/coe/ch4/09 - Behavioral modules_1080p.mp4,74
1743292287,,,/home/btw/Downloads/coe/ch4/10 - Verilog operations_1080p.mp4,74
1743292287,,,/home/btw/Downloads/coe/ch4/11 - Exercises_1080p.mp4,65
1743292287,,,/home/btw/Downloads/cpp/ch1/01_ Introduction and header files_1_720p.mp4,85
1743292287,,,/home/btw/Downloads/cpp/ch1/02 _ Preprocessors_720p.mp4,68
1743292287,,,/home/btw/Downloads/cpp/ch1/03 _ inline function_720p.mp4,70
1743292287,,,/home/btw/Downloads/cpp/ch1/04 _ Reference variable_720p.mp4,73
1743292287,,,/home/btw/Downloads/cpp/ch1/05 _ const and default variable_720p.mp4,81
1743292287,,,/home/btw/Downloads/cpp/ch1/06 _ Overloading and template functions_720p.mp4,89
1743292287,,,/home/btw/Downloads/cpp/cp2/01 _ Introduction to class _ object_720p.mp4,85
1743292287,,,/home/btw/Downloads/cpp/cp2/02 _ UML diagram _ class program (Part 2)_720p.mp4,91
1743292287,,,/home/btw/Downloads/cpp/cp2/02 _ UML diagram _ class program (Part1)_720p.mp4,90
1743292287,,,/home/btw/Downloads/cpp/cp2/03 _ String class program_720p.mp4,75
1743292287,,,/home/btw/Downloads/cpp/cp2/04 _ set _ get methods (Part 1)_720p.mp4,81
1743292287,,,/home/btw/Downloads/cpp/cp2/04 _ set _ get methods (Part 2)_720p.mp4,81
1743292287,,,/home/btw/Downloads/cpp/cp2/05 _ Constructor function_720p.mp4,75
1743292287,,,/home/btw/Downloads/cpp/cp2/06 _ Separate files part 1 (Part 1)_720p.mp4,85
1743292287,,,/home/btw/Downloads/cpp/cp2/06 _ Separate files part 1 (Part 2)_720p.mp4,85
1743292287,,,/home/btw/Downloads/cpp/cp2/07 _ Separate files part 2_720p.mp4,76
1743292287,,,/home/btw/Downloads/cpp/cp2/08 _ About UML diagrams and its relationships_720p.mp4,95
1743292292,,,/home/btw/yt-dl/What Your Keyboard Says About You.mp4,66
1743292292,,,/home/btw/yt-dl/older/cut.mp4,42
1743292292,,,/home/btw/yt-dl/older/Elliot Alderson Edit ｜ Mr robot season 1 #mrrobot #edit#viralvideo #elliotalderson #aftereffects #mrrobotedit #fyp .mp4,156
1743292292,,,/home/btw/yt-dl/older/full.mp4,43
1743292292,,,/home/btw/yt-dl/older/I’m gonna take them down ⧸⧸ Peak show ⧸⧸ #mrrobot #elliotalderson #season3 #edit #aestheticstyle #ae23 #fyp #viral #fy #elliotedit .mp4,180
1743292292,,,/home/btw/yt-dl/older/just a fish. (what should I name him？).mp4,79
1743292292,,,/home/btw/yt-dl/older/Khambalah： A Mustache Ideology ｜ خمبلة：  آيديولوجية شنب.mp4,118
1743292292,,,/home/btw/yt-dl/older/Little Girl's Portrait Session Produces Surprising Results ｜｜ ViralHog.mp4,113
1743292292,,,/home/btw/yt-dl/older/Mozilla lost touch with reality; how becoming rich through failure stunts mental & emotional growth.mp4,138
1743292292,,,/home/btw/yt-dl/older/output_audio.mp3,51
1743292292,,,/home/btw/yt-dl/older/Putin and Xi make pancakes ｜ VOANews.mp4,77
1743292292,,,/home/btw/yt-dl/older/Real #real #bladerunner2049 #meme #relatable #fyp #reality .mp4,98
1743292292,,,/home/btw/yt-dl/older/Thanos Ending Credits Scene of Age of Ultron 2015 1080p (Fine, I'll do it myself) w⧸subtitles.mp4,134
1743292292,,,/home/btw/yt-dl/older/The Office - Right back at you bitch.mp4,75
1743292292,,,/home/btw/yt-dl/older/What Your Keyboard Says About You.mp4,72
1743292292,,,/home/btw/yt-dl/older/Would you drink it？ This is an extremely remote ice cave in alaska and after a 10 mile kayak and 17 mile hike we found this unparalleled beauty 😍.mp4,189
1743292292,,,/home/btw/yt-dl/older/Xi and Putin make pancakes on sidelines of Eastern Economic Forum.mp4,104
1743292292,,,/home/btw/yt-dl/older/اسرع تسمم #عبودكا #بورا_بورا#ردبول .mp4,101
1743292292,,,/home/btw/yt-dl/older/الحلقه 60 ： قنابل مع هتان.mp4,83
1743292292,,,/home/btw/yt-dl/older/عبدالعزيز الشهري ههههههههههههههههههههههههههههههههههههههههههههههههههههههههههههههههههه😭😂💔.mp4,217
1743292292,,,/home/btw/yt-dl/older/مسلسل طاش ما طاش حلقة بعنوان： مافيه أحد.mp4,111
1743292292,,,/home/btw/yt-dl/What Your Keyboard Says About You.mp4,66
1743292295,,,/home/btw/yt-dl/What Your Keyboard Says About You.mp4,66
1743292295,,,/home/btw/yt-dl/older/cut.mp4,42
1743292295,,,/home/btw/yt-dl/older/Elliot Alderson Edit ｜ Mr robot season 1 #mrrobot #edit#viralvideo #elliotalderson #aftereffects #mrrobotedit #fyp .mp4,156
1743292295,,,/home/btw/yt-dl/older/full.mp4,43
1743292295,,,/home/btw/yt-dl/older/I’m gonna take them down ⧸⧸ Peak show ⧸⧸ #mrrobot #elliotalderson #season3 #edit #aestheticstyle #ae23 #fyp #viral #fy #elliotedit .mp4,180
1743292295,,,/home/btw/yt-dl/older/just a fish. (what should I name him？).mp4,79
1743292295,,,/home/btw/yt-dl/older/Khambalah： A Mustache Ideology ｜ خمبلة：  آيديولوجية شنب.mp4,118
1743292295,,,/home/btw/yt-dl/older/Little Girl's Portrait Session Produces Surprising Results ｜｜ ViralHog.mp4,113
1743292295,,,/home/btw/yt-dl/older/Mozilla lost touch with reality; how becoming rich through failure stunts mental & emotional growth.mp4,138
1743292295,,,/home/btw/yt-dl/older/output_audio.mp3,51
1743292295,,,/home/btw/yt-dl/older/Putin and Xi make pancakes ｜ VOANews.mp4,77
1743292295,,,/home/btw/yt-dl/older/Real #real #bladerunner2049 #meme #relatable #fyp #reality .mp4,98
1743292295,,,/home/btw/yt-dl/older/Thanos Ending Credits Scene of Age of Ultron 2015 1080p (Fine, I'll do it myself) w⧸subtitles.mp4,134
1743292295,,,/home/btw/yt-dl/older/The Office - Right back at you bitch.mp4,75
1743292295,,,/home/btw/yt-dl/older/What Your Keyboard Says About You.mp4,72
1743292295,,,/home/btw/yt-dl/older/Would you drink it？ This is an extremely remote ice cave in alaska and after a 10 mile kayak and 17 mile hike we found this unparalleled beauty 😍.mp4,189
1743292295,,,/home/btw/yt-dl/older/Xi and Putin make pancakes on sidelines of Eastern Economic Forum.mp4,104
1743292295,,,/home/btw/yt-dl/older/اسرع تسمم #عبودكا #بورا_بورا#ردبول .mp4,101
1743292295,,,/home/btw/yt-dl/older/الحلقه 60 ： قنابل مع هتان.mp4,83
1743292295,,,/home/btw/yt-dl/older/عبدالعزيز الشهري ههههههههههههههههههههههههههههههههههههههههههههههههههههههههههههههههههه😭😂💔.mp4,217
1743292295,,,/home/btw/yt-dl/older/مسلسل طاش ما طاش حلقة بعنوان： مافيه أحد.mp4,111
1743292295,,,/home/btw/yt-dl/What Your Keyboard Says About You.mp4,66
1743292343,,,/home/btw/yt-dl/What Your Keyboard Says About You.mp4,66
1743440660,,,https://001.emy.mx//Videos/1445425/stream?static=true&api_key=9665f84b20b04c6187f0766b57abd144&Container=mp4,121
1743440672,,,https://001.emy.mx//Videos/1445423/stream?static=true&api_key=9665f84b20b04c6187f0766b57abd144&Container=mp4,121
1743442083,,,https://001.emy.mx//Videos/1445417/stream?static=true&api_key=9665f84b20b04c6187f0766b57abd144&Container=mp4,121
1743443486,,,https://001.emy.mx//Videos/1445421/stream?static=true&api_key=9665f84b20b04c6187f0766b57abd144&Container=mp4,121
1743444771,,,https://001.emy.mx//Videos/1445410/stream?static=true&api_key=9665f84b20b04c6187f0766b57abd144&Container=mp4,121
1743446392,,,https://001.emy.mx//Videos/1445404/stream?static=true&api_key=9665f84b20b04c6187f0766b57abd144&Container=mp4,121
1743447891,,,https://001.emy.mx//Videos/1445416/stream?static=true&api_key=9665f84b20b04c6187f0766b57abd144&Container=mp4,121
1743449344,,,https://001.emy.mx//Videos/1445426/stream?static=true&api_key=9665f84b20b04c6187f0766b57abd144&Container=mp4,121
1743451452,,,https://001.emy.mx//Videos/1445408/stream?static=true&api_key=9665f84b20b04c6187f0766b57abd144&Container=mp4,121
1743452857,,,https://001.emy.mx//Videos/1445402/stream?static=true&api_key=9665f84b20b04c6187f0766b57abd144&Container=mp4,121
1743454063,,,https://001.emy.mx//Videos/1445402/stream?static=true&api_key=9665f84b20b04c6187f0766b57abd144&Container=mp4,121
1743454757,,,https://001.emy.mx//Videos/1435304/stream?static=true&api_key=9665f84b20b04c6187f0766b57abd144&Container=mp4,121
1743456377,,,https://001.emy.mx//Videos/1435300/stream?static=true&api_key=9665f84b20b04c6187f0766b57abd144&Container=mp4,121
1743480317,,,https://001.emy.mx//Videos/1435300/stream?static=true&api_key=9665f84b20b04c6187f0766b57abd144&Container=mp4,121
1743480324,,,https://001.emy.mx//Videos/1435314/stream?static=true&api_key=9665f84b20b04c6187f0766b57abd144&Container=mp4,121
1743481883,,,https://001.emy.mx//Videos/1435318/stream?static=true&api_key=9665f84b20b04c6187f0766b57abd144&Container=mp4,121
1743483451,,,https://001.emy.mx//Videos/1435302/stream?static=true&api_key=9665f84b20b04c6187f0766b57abd144&Container=mp4,121
1743545852,,,https://001.emy.mx//Videos/1435302/stream?static=true&api_key=9665f84b20b04c6187f0766b57abd144&Container=mp4,121
1743545860,,,https://001.emy.mx//Videos/1435307/stream?static=true&api_key=9665f84b20b04c6187f0766b57abd144&Container=mp4,121
1743547167,,,https://001.emy.mx//Videos/1435306/stream?static=true&api_key=9665f84b20b04c6187f0766b57abd144&Container=mp4,121
1743549073,,,https://001.emy.mx//Videos/1435305/stream?static=true&api_key=9665f84b20b04c6187f0766b57abd144&Container=mp4,121
1743569600,,,https://001.emy.mx//Videos/1292440/stream?static=true&api_key=9665f84b20b04c6187f0766b57abd144&Container=mp4,121
1743575051,,,https://001.emy.mx//Videos/1435305/stream?static=true&api_key=9665f84b20b04c6187f0766b57abd144&Container=mp4,121
1743575057,,,https://001.emy.mx//Videos/1435315/stream?static=true&api_key=9665f84b20b04c6187f0766b57abd144&Container=mp4,121
1743576601,,,https://001.emy.mx//Videos/1435299/stream?static=true&api_key=9665f84b20b04c6187f0766b57abd144&Container=mp4,121
1743578873,,,https://001.emy.mx//Videos/1435316/stream?static=true&api_key=9665f84b20b04c6187f0766b57abd144&Container=mp4,121
1743628285,,,https://001.emy.mx//Videos/1435316/stream?static=true&api_key=9665f84b20b04c6187f0766b57abd144&Container=mp4,121
1743628292,,,https://001.emy.mx//Videos/1435303/stream?static=true&api_key=9665f84b20b04c6187f0766b57abd144&Container=mp4,121
1743633818,,,https://001.emy.mx//Videos/1435303/stream?static=true&api_key=9665f84b20b04c6187f0766b57abd144&Container=mp4,121
1743634808,,,/mnt/4tb/movies/Blade.Runner.2049.2017.2160p.UHD.BluRay.x265-TERMiNAL/blade.runner.2049.2017.2160p.uhd.bluray.x265-terminal.mkv,140
1743668230,,,/mnt/4tb/twitch stuff/streams/2024-11-12 21-58-53.mkv,66
1743668233,,,/mnt/4tb/twitch stuff/streams/2024-11-14 09-40-38.mkv,66
1743668236,,,/mnt/4tb/twitch stuff/streams/2024-11-18 22-09-12.mkv,66
1743668248,,,/mnt/4tb/twitch stuff/streams/2296248472-619087489-f546336b-ce55-49a0-933f-18092fa8fa6d.mp4,104
1743668268,,,/mnt/4tb/rec/obs/2024-06-29 21-42-02.mkv,53
1743668285,,,/mnt/4tb/rec/بثوث/2023-11-19 23-28-59.mkv,58
1743668293,,,/mnt/4tb/rec/بثوث/2023-11-20 20-48-05.mkv,58
1743670360,,,https://001.emy.mx//Videos/1435308/stream?static=true&api_key=9665f84b20b04c6187f0766b57abd144&Container=mp4,121
1743671796,,,https://001.emy.mx//Videos/1435320/stream?static=true&api_key=9665f84b20b04c6187f0766b57abd144&Container=mp4,121
1743673210,,,https://001.emy.mx//Videos/1435319/stream?static=true&api_key=9665f84b20b04c6187f0766b57abd144&Container=mp4,121
1743719368,,,https://001.emy.mx//Videos/1435319/stream?static=true&api_key=9665f84b20b04c6187f0766b57abd144&Container=mp4,121
1743719379,,,https://001.emy.mx//Videos/1435298/stream?static=true&api_key=9665f84b20b04c6187f0766b57abd144&Container=mp4,121
1743720932,,,https://001.emy.mx//Videos/1435310/stream?static=true&api_key=9665f84b20b04c6187f0766b57abd144&Container=mp4,121
1743722508,,,https://001.emy.mx//Videos/1435321/stream?static=true&api_key=9665f84b20b04c6187f0766b57abd144&Container=mp4,121
1743723876,,,https://001.emy.mx//Videos/1435311/stream?static=true&api_key=9665f84b20b04c6187f0766b57abd144&Container=mp4,121
1743741795,,,https://001.emy.mx//Videos/1435311/stream?static=true&api_key=9665f84b20b04c6187f0766b57abd144&Container=mp4,121
1743741802,,,https://001.emy.mx//Videos/1435301/stream?static=true&api_key=9665f84b20b04c6187f0766b57abd144&Container=mp4,121
1743746270,,,https://001.emy.mx//Videos/1435322/stream?static=true&api_key=9665f84b20b04c6187f0766b57abd144&Container=mp4,121
1743747886,,,https://001.emy.mx//Videos/1435313/stream?static=true&api_key=9665f84b20b04c6187f0766b57abd144&Container=mp4,121
1743749780,,,https://001.emy.mx//Videos/1435317/stream?static=true&api_key=9665f84b20b04c6187f0766b57abd144&Container=mp4,121
1743752678,,,https://001.emy.mx//Videos/1435309/stream?static=true&api_key=9665f84b20b04c6187f0766b57abd144&Container=mp4,121
1743806332,,,https://001.emy.mx//Videos/1435312/stream?static=true&api_key=9665f84b20b04c6187f0766b57abd144&Container=mp4,121
1743807685,,,https://001.emy.mx//Videos/1435304/stream?static=true&api_key=9665f84b20b04c6187f0766b57abd144&Container=mp4,121
1743807964,,,https://001.emy.mx//Videos/1435288/stream?static=true&api_key=9665f84b20b04c6187f0766b57abd144&Container=mp4,121
1743809470,,,https://001.emy.mx//Videos/1435278/stream?static=true&api_key=9665f84b20b04c6187f0766b57abd144&Container=mp4,121
1743811470,,,https://001.emy.mx//Videos/1435297/stream?static=true&api_key=9665f84b20b04c6187f0766b57abd144&Container=mp4,121
1743813623,,,https://001.emy.mx//Videos/1435276/stream?static=true&api_key=9665f84b20b04c6187f0766b57abd144&Container=mp4,121
1743835956,,,https://001.emy.mx//Videos/1435276/stream?static=true&api_key=9665f84b20b04c6187f0766b57abd144&Container=mp4,121
1743835963,,,https://001.emy.mx//Videos/1435295/stream?static=true&api_key=9665f84b20b04c6187f0766b57abd144&Container=mp4,121
1743861492,,,https://001.emy.mx//Videos/1435273/stream?static=true&api_key=9665f84b20b04c6187f0766b57abd144&Container=mp4,121
1743861778,,,https://001.emy.mx//Videos/1435288/stream?static=true&api_key=9665f84b20b04c6187f0766b57abd144&Container=mp4,121
1743861786,,,https://001.emy.mx//Videos/1435278/stream?static=true&api_key=9665f84b20b04c6187f0766b57abd144&Container=mp4,121
1743861792,,,https://001.emy.mx//Videos/1435297/stream?static=true&api_key=9665f84b20b04c6187f0766b57abd144&Container=mp4,121
1743861798,,,https://001.emy.mx//Videos/1435276/stream?static=true&api_key=9665f84b20b04c6187f0766b57abd144&Container=mp4,121
1743861804,,,https://001.emy.mx//Videos/1435295/stream?static=true&api_key=9665f84b20b04c6187f0766b57abd144&Container=mp4,121
1743863051,,,https://001.emy.mx//Videos/1435273/stream?static=true&api_key=9665f84b20b04c6187f0766b57abd144&Container=mp4,121
1743911560,,,https://001.emy.mx//Videos/1435273/stream?static=true&api_key=9665f84b20b04c6187f0766b57abd144&Container=mp4,121
1743911567,,,https://001.emy.mx//Videos/1435294/stream?static=true&api_key=9665f84b20b04c6187f0766b57abd144&Container=mp4,121
1743915486,,,https://001.emy.mx//Videos/1435274/stream?static=true&api_key=9665f84b20b04c6187f0766b57abd144&Container=mp4,121
1743917725,,,/home/btw/-,24
1743917877,,,https://001.emy.mx//Videos/1435286/stream?static=true&api_key=9665f84b20b04c6187f0766b57abd144&Container=mp4,121
1743919720,,,https://001.emy.mx//Videos/1435292/stream?static=true&api_key=9665f84b20b04c6187f0766b57abd144&Container=mp4,121
1743921337,,,https://001.emy.mx//Videos/1435281/stream?static=true&api_key=9665f84b20b04c6187f0766b57abd144&Container=mp4,121
1743925129,,,https://001.emy.mx//Videos/1435279/stream?static=true&api_key=9665f84b20b04c6187f0766b57abd144&Container=mp4,121
1743926742,,,https://001.emy.mx//Videos/1435293/stream?static=true&api_key=9665f84b20b04c6187f0766b57abd144&Container=mp4,121
1743932957,,,https://001.emy.mx//Videos/1435290/stream?static=true&api_key=9665f84b20b04c6187f0766b57abd144&Container=mp4,121
1743934464,,,https://001.emy.mx//Videos/1435275/stream?static=true&api_key=9665f84b20b04c6187f0766b57abd144&Container=mp4,121
1743938208,,,/mnt/nvme/media/mp4/يبليبلhy43arxlac681.mp4,62
1743938209,,,/mnt/nvme/media/mp4/يحدث الآن - - اندل بعد البيعة.mp4,87
1743939043,,,https://001.emy.mx//Videos/1435291/stream?static=true&api_key=9665f84b20b04c6187f0766b57abd144&Container=mp4,121
1743940110,,,/mnt/nvme/media/mp4/redditsave.com_bad_friends_loyal_friends-fynhhmwq77781 (online-video-cutter.com) (1).mp4,121
1743940111,,,/mnt/nvme/media/mp4/redditsave.com_bad_friends_loyal_friends-fynhhmwq77781 (online-video-cutter.com).mp4,117
1743940228,,,/mnt/nvme/media/mp4/PCMark 10 2021.12.28 - 15.40.17.13 (online-video-cutter.com).mp4,97
1743940231,,,/mnt/nvme/media/mp4/PCMark 10 2021.12.28 - 17.18.47.14 (online-video-cutter.com).mp4,97
1743940241,,,/mnt/nvme/media/mp4/Screenrecording_20230729_201257.mp4,68
1743940250,,,/mnt/nvme/media/mp4/Screenrecording_20230829_125515.mp4,68
1743940277,,,/mnt/nvme/media/mp4/IMG_7647.MP4,45
1743940285,,,/mnt/nvme/media/mp4/IMG_8273.MP4,45
1743940307,,,/mnt/nvme/media/mp4/44252bb83bc4fa32b98dd417f56d6767.mp4,69
1743942735,,,https://001.emy.mx//Videos/1435283/stream?static=true&api_key=9665f84b20b04c6187f0766b57abd144&Container=mp4,121
1743946560,,,https://001.emy.mx//Videos/1435277/stream?static=true&api_key=9665f84b20b04c6187f0766b57abd144&Container=mp4,121
1743948002,,,https://001.emy.mx//Videos/1435296/stream?static=true&api_key=9665f84b20b04c6187f0766b57abd144&Container=mp4,121
1743950237,,,https://001.emy.mx//Videos/1435282/stream?static=true&api_key=9665f84b20b04c6187f0766b57abd144&Container=mp4,121
1743997171,,,https://001.emy.mx//Videos/1435282/stream?static=true&api_key=9665f84b20b04c6187f0766b57abd144&Container=mp4,121
1744039353,,,https://001.emy.mx//Videos/1435284/stream?static=true&api_key=9665f84b20b04c6187f0766b57abd144&Container=mp4,121
1744041043,,,https://001.emy.mx//Videos/1435287/stream?static=true&api_key=9665f84b20b04c6187f0766b57abd144&Container=mp4,121
1744043060,,,https://001.emy.mx//Videos/1435285/stream?static=true&api_key=9665f84b20b04c6187f0766b57abd144&Container=mp4,121
1744086205,,,/home/btw/-,24
1744086315,,,/home/btw/-,24
1744091574,,,/home/btw/-,24
1744091584,,,/home/btw/-,24
1744120608,,,/home/btw/-,24
1744129000,,,/mnt/nvme/media/mp4/SadButDank-1507266662432751622-20220325_110230-vid1.mp4,88
1744129009,,,/mnt/nvme/media/mp4/sad  (1).mp4,45
1744188643,,,/mnt/8tb/mediarr/torrent/arch/Tash.Ma.Tash.1993.2011.S01.S18.720p.SHAHID.WEB-DL.AAC2.0.H264/Season 1/Tash.S01E01.720p.SHAHID.WEB-DL.AAC2.0.H.264-Turab.mkv,167
1744189303,,,/mnt/8tb/mediarr/torrent/arch/Tash.Ma.Tash.1993.2011.S01.S18.720p.SHAHID.WEB-DL.AAC2.0.H264/Season 1/Tash.S01E02.720p.SHAHID.WEB-DL.AAC2.0.H.264-Turab.mkv,167
1744189796,,,/mnt/8tb/mediarr/torrent/arch/Tash.Ma.Tash.1993.2011.S01.S18.720p.SHAHID.WEB-DL.AAC2.0.H264/Season 1/Tash.S01E02.720p.SHAHID.WEB-DL.AAC2.0.H.264-Turab.mkv,167
1744190611,,,/mnt/8tb/mediarr/torrent/arch/Tash.Ma.Tash.1993.2011.S01.S18.720p.SHAHID.WEB-DL.AAC2.0.H264/Season 1/Tash.S01E03.720p.SHAHID.WEB-DL.AAC2.0.H.264-Turab.mkv,167
1744191006,,,/mnt/8tb/mediarr/torrent/arch/Tash.Ma.Tash.1993.2011.S01.S18.720p.SHAHID.WEB-DL.AAC2.0.H264/Season 2/Tash.S02E01.720p.SHAHID.WEB-DL.AAC2.0.H.264-Turab.mkv,167
1744191196,,,/mnt/8tb/mediarr/torrent/arch/Tash.Ma.Tash.1993.2011.S01.S18.720p.SHAHID.WEB-DL.AAC2.0.H264/Season 2/Tash.S02E02.720p.SHAHID.WEB-DL.AAC2.0.H.264-Turab.mkv,167
1744191199,,,/mnt/8tb/mediarr/torrent/arch/Tash.Ma.Tash.1993.2011.S01.S18.720p.SHAHID.WEB-DL.AAC2.0.H264/Season 2/Tash.S02E03.720p.SHAHID.WEB-DL.AAC2.0.H.264-Turab.mkv,167
1744191277,,,/mnt/8tb/mediarr/torrent/arch/Tash.Ma.Tash.1993.2011.S01.S18.720p.SHAHID.WEB-DL.AAC2.0.H264/Season 3/Tash.S03E01.720p.SHAHID.WEB-DL.AAC2.0.H.264-Turab.mkv,167
1744191340,,,/mnt/8tb/mediarr/torrent/arch/Tash.Ma.Tash.1993.2011.S01.S18.720p.SHAHID.WEB-DL.AAC2.0.H264/Season 4/Tash.S04E01.720p.SHAHID.WEB-DL.AAC2.0.H.264-Turab.mkv,167
1744191376,,,/mnt/8tb/mediarr/torrent/arch/Tash.Ma.Tash.1993.2011.S01.S18.720p.SHAHID.WEB-DL.AAC2.0.H264/Season 4/Tash.S04E02.720p.SHAHID.WEB-DL.AAC2.0.H.264-Turab.mkv,167
1744192268,,,/mnt/8tb/mediarr/torrent/arch/Tash.Ma.Tash.1993.2011.S01.S18.720p.SHAHID.WEB-DL.AAC2.0.H264/Season 4/Tash.S04E03.720p.SHAHID.WEB-DL.AAC2.0.H.264-Turab.mkv,167
1744192330,,,/mnt/8tb/mediarr/torrent/arch/Tash.Ma.Tash.1993.2011.S01.S18.720p.SHAHID.WEB-DL.AAC2.0.H264/Season 5/Tash.S05E01.720p.SHAHID.WEB-DL.AAC2.0.H.264-Turab.mkv,167
1744194931,,,/mnt/8tb/mediarr/torrent/arch/Tash.Ma.Tash.1993.2011.S01.S18.720p.SHAHID.WEB-DL.AAC2.0.H264/Season 5/Tash.S05E02.720p.SHAHID.WEB-DL.AAC2.0.H.264-Turab.mkv,167
1744194954,,,/mnt/8tb/mediarr/torrent/arch/Tash.Ma.Tash.1993.2011.S01.S18.720p.SHAHID.WEB-DL.AAC2.0.H264/Season 5/Tash.S05E03.720p.SHAHID.WEB-DL.AAC2.0.H.264-Turab.mkv,167
1744195287,,,/mnt/8tb/mediarr/torrent/arch/Tash.Ma.Tash.1993.2011.S01.S18.720p.SHAHID.WEB-DL.AAC2.0.H264/Season 5/Tash.S05E04.720p.SHAHID.WEB-DL.AAC2.0.H.264-Turab.mkv,167
1744196344,,,/mnt/8tb/mediarr/torrent/arch/Tash.Ma.Tash.1993.2011.S01.S18.720p.SHAHID.WEB-DL.AAC2.0.H264/Season 5/Tash.S05E05.720p.SHAHID.WEB-DL.AAC2.0.H.264-Turab.mkv,167
1744197422,,,/mnt/8tb/mediarr/torrent/arch/Tash.Ma.Tash.1993.2011.S01.S18.720p.SHAHID.WEB-DL.AAC2.0.H264/Season 5/Tash.S05E06.720p.SHAHID.WEB-DL.AAC2.0.H.264-Turab.mkv,167
1744269589,,,/home/btw/Downloads/lap7.MOV,41
1744271081,,,/home/btw/Downloads/math.jpg,41
1744298615,,,/mnt/nvme/media/mp4/[twitter] CursedVideos—2024.01.18—1748346046617444457—ybARqP8BWfugEsJu.mp4,113
1744298629,,,/mnt/nvme/media/mp4/[twitter] CursedVideos—2024.02.24—1761411748081377419—GEpFpgh0rz9IgVmy.mp4,113
1744298639,,,/mnt/nvme/media/mp4/[twitter] Come_Oon_Man—2022.06.22—1684712505635962881—5aN-fo-ldGCXl07C.mp4,113
1744298659,,,/mnt/nvme/media/mp4/[twitter] CursedVideos—2023.12.17—1736454461579567329—rcuxmHrCRug3Q2DZ.mp4,113
1744298675,,,/mnt/nvme/media/mp4/[twitter] EverythingOOC—2023.12.26—1739925080984154576—5p_GliG6rtNtj13F.mp4,114
1744448445,,,/mnt/8tb/mediarr/torrent/arch/Tash.Ma.Tash.1993.2011.S01.S18.720p.SHAHID.WEB-DL.AAC2.0.H264/Season 5/Tash.S05E06.720p.SHAHID.WEB-DL.AAC2.0.H.264-Turab.mkv,167
1744448514,,,/mnt/8tb/mediarr/torrent/arch/Tash.Ma.Tash.1993.2011.S01.S18.720p.SHAHID.WEB-DL.AAC2.0.H264/Season 5/Tash.S05E07.720p.SHAHID.WEB-DL.AAC2.0.H.264-Turab.mkv,167
1744450058,,,/mnt/8tb/mediarr/torrent/arch/Tash.Ma.Tash.1993.2011.S01.S18.720p.SHAHID.WEB-DL.AAC2.0.H264/Season 5/Tash.S05E08.720p.SHAHID.WEB-DL.AAC2.0.H.264-Turab.mkv,167
1744450286,,,/mnt/8tb/mediarr/torrent/arch/Tash.Ma.Tash.1993.2011.S01.S18.720p.SHAHID.WEB-DL.AAC2.0.H264/Season 5/Tash.S05E09.720p.SHAHID.WEB-DL.AAC2.0.H.264-Turab.mkv,167
1744450972,,,/mnt/8tb/mediarr/torrent/arch/Tash.Ma.Tash.1993.2011.S01.S18.720p.SHAHID.WEB-DL.AAC2.0.H264/Season 5/Tash.S05E10.720p.SHAHID.WEB-DL.AAC2.0.H.264-Turab.mkv,167
1744450992,,,/mnt/8tb/mediarr/torrent/arch/Tash.Ma.Tash.1993.2011.S01.S18.720p.SHAHID.WEB-DL.AAC2.0.H264/Season 5/Tash.S05E11.720p.SHAHID.WEB-DL.AAC2.0.H.264-Turab.mkv,167
1744452969,,,/mnt/8tb/mediarr/torrent/arch/Tash.Ma.Tash.1993.2011.S01.S18.720p.SHAHID.WEB-DL.AAC2.0.H264/Season 5/Tash.S05E12.720p.SHAHID.WEB-DL.AAC2.0.H.264-Turab.mkv,167
1744453445,,,/mnt/8tb/mediarr/torrent/arch/Tash.Ma.Tash.1993.2011.S01.S18.720p.SHAHID.WEB-DL.AAC2.0.H264/Season 5/Tash.S05E13.720p.SHAHID.WEB-DL.AAC2.0.H.264-Turab.mkv,167
1744453619,,,/mnt/8tb/mediarr/torrent/arch/Tash.Ma.Tash.1993.2011.S01.S18.720p.SHAHID.WEB-DL.AAC2.0.H264/Season 5/Tash.S05E14.720p.SHAHID.WEB-DL.AAC2.0.H.264-Turab.mkv,167
1744454806,,,/mnt/8tb/mediarr/torrent/arch/Tash.Ma.Tash.1993.2011.S01.S18.720p.SHAHID.WEB-DL.AAC2.0.H264/Season 5/Tash.S05E15.720p.SHAHID.WEB-DL.AAC2.0.H.264-Turab.mkv,167
1744455320,,,/mnt/8tb/mediarr/torrent/arch/Tash.Ma.Tash.1993.2011.S01.S18.720p.SHAHID.WEB-DL.AAC2.0.H264/Season 5/Tash.S05E16.720p.SHAHID.WEB-DL.AAC2.0.H.264-Turab.mkv,167
1744459963,,,/mnt/8tb/mediarr/torrent/arch/Tash.Ma.Tash.1993.2011.S01.S18.720p.SHAHID.WEB-DL.AAC2.0.H264/Season 5/Tash.S05E16.720p.SHAHID.WEB-DL.AAC2.0.H.264-Turab.mkv,167
1744459963,,,/mnt/8tb/mediarr/torrent/arch/Tash.Ma.Tash.1993.2011.S01.S18.720p.SHAHID.WEB-DL.AAC2.0.H264/Season 5/Tash.S05E17.720p.SHAHID.WEB-DL.AAC2.0.H.264-Turab.mkv,167
1744460008,,,/mnt/8tb/mediarr/torrent/arch/Tash.Ma.Tash.1993.2011.S01.S18.720p.SHAHID.WEB-DL.AAC2.0.H264/Season 5/Tash.S05E17.720p.SHAHID.WEB-DL.AAC2.0.H.264-Turab.mkv,167
1744470419,,,/mnt/8tb/mediarr/torrent/arch/Tash.Ma.Tash.1993.2011.S01.S18.720p.SHAHID.WEB-DL.AAC2.0.H264/Season 5/Tash.S05E18.720p.SHAHID.WEB-DL.AAC2.0.H.264-Turab.mkv,167
1744472095,,,/mnt/8tb/mediarr/torrent/arch/Tash.Ma.Tash.1993.2011.S01.S18.720p.SHAHID.WEB-DL.AAC2.0.H264/Season 6/Tash.S06E01.720p.SHAHID.WEB-DL.AAC2.0.H.264-Turab.mkv,167
1744474073,,,/mnt/8tb/mediarr/torrent/arch/Tash.Ma.Tash.1993.2011.S01.S18.720p.SHAHID.WEB-DL.AAC2.0.H264/Season 6/Tash.S06E02.720p.SHAHID.WEB-DL.AAC2.0.H.264-Turab.mkv,167
1744475066,,,/mnt/8tb/mediarr/torrent/arch/Tash.Ma.Tash.1993.2011.S01.S18.720p.SHAHID.WEB-DL.AAC2.0.H264/Season 6/Tash.S06E03.720p.SHAHID.WEB-DL.AAC2.0.H.264-Turab.mkv,167
1744476014,,,/mnt/8tb/mediarr/torrent/arch/Tash.Ma.Tash.1993.2011.S01.S18.720p.SHAHID.WEB-DL.AAC2.0.H264/Season 6/Tash.S06E04.720p.SHAHID.WEB-DL.AAC2.0.H.264-Turab.mkv,167
1744478455,,,/mnt/8tb/mediarr/torrent/arch/Tash.Ma.Tash.1993.2011.S01.S18.720p.SHAHID.WEB-DL.AAC2.0.H264/Season 6/Tash.S06E05.720p.SHAHID.WEB-DL.AAC2.0.H.264-Turab.mkv,167
1744479158,,,/mnt/8tb/mediarr/torrent/arch/Tash.Ma.Tash.1993.2011.S01.S18.720p.SHAHID.WEB-DL.AAC2.0.H264/Season 6/Tash.S06E06.720p.SHAHID.WEB-DL.AAC2.0.H.264-Turab.mkv,167
1744480274,,,/mnt/8tb/mediarr/torrent/arch/Tash.Ma.Tash.1993.2011.S01.S18.720p.SHAHID.WEB-DL.AAC2.0.H264/Season 6/Tash.S06E07.720p.SHAHID.WEB-DL.AAC2.0.H.264-Turab.mkv,167
1744480931,,,/mnt/8tb/mediarr/torrent/arch/Tash.Ma.Tash.1993.2011.S01.S18.720p.SHAHID.WEB-DL.AAC2.0.H264/Season 6/Tash.S06E08.720p.SHAHID.WEB-DL.AAC2.0.H.264-Turab.mkv,167
1744481051,,,/mnt/8tb/mediarr/torrent/arch/Tash.Ma.Tash.1993.2011.S01.S18.720p.SHAHID.WEB-DL.AAC2.0.H264/Season 6/Tash.S06E09.720p.SHAHID.WEB-DL.AAC2.0.H.264-Turab.mkv,167
1744481558,,,/mnt/8tb/mediarr/torrent/arch/Tash.Ma.Tash.1993.2011.S01.S18.720p.SHAHID.WEB-DL.AAC2.0.H264/Season 6/Tash.S06E09.720p.SHAHID.WEB-DL.AAC2.0.H.264-Turab.mkv,167
1744481590,,,/mnt/8tb/mediarr/torrent/arch/Tash.Ma.Tash.1993.2011.S01.S18.720p.SHAHID.WEB-DL.AAC2.0.H264/Season 6/Tash.S06E09.720p.SHAHID.WEB-DL.AAC2.0.H.264-Turab.mkv,167
1744481666,,,/mnt/8tb/mediarr/torrent/arch/Tash.Ma.Tash.1993.2011.S01.S18.720p.SHAHID.WEB-DL.AAC2.0.H264/Season 6/Tash.S06E09.720p.SHAHID.WEB-DL.AAC2.0.H.264-Turab.mkv,167
1744488076,,,/mnt/8tb/mediarr/torrent/arch/Tash.Ma.Tash.1993.2011.S01.S18.720p.SHAHID.WEB-DL.AAC2.0.H264/Season 6/Tash.S06E10.720p.SHAHID.WEB-DL.AAC2.0.H.264-Turab.mkv,167
1744488089,,,/mnt/8tb/mediarr/torrent/arch/Tash.Ma.Tash.1993.2011.S01.S18.720p.SHAHID.WEB-DL.AAC2.0.H264/Season 6/Tash.S06E10.720p.SHAHID.WEB-DL.AAC2.0.H.264-Turab.mkv,167
1744488114,,,/mnt/8tb/mediarr/torrent/arch/Tash.Ma.Tash.1993.2011.S01.S18.720p.SHAHID.WEB-DL.AAC2.0.H264/Season 6/Tash.S06E09.720p.SHAHID.WEB-DL.AAC2.0.H.264-Turab.mkv,167
1744488120,,,/mnt/8tb/mediarr/torrent/arch/Tash.Ma.Tash.1993.2011.S01.S18.720p.SHAHID.WEB-DL.AAC2.0.H264/Season 6/Tash.S06E08.720p.SHAHID.WEB-DL.AAC2.0.H.264-Turab.mkv,167
1744488122,,,/mnt/8tb/mediarr/torrent/arch/Tash.Ma.Tash.1993.2011.S01.S18.720p.SHAHID.WEB-DL.AAC2.0.H264/Season 6/Tash.S06E07.720p.SHAHID.WEB-DL.AAC2.0.H.264-Turab.mkv,167
1744488126,,,/mnt/8tb/mediarr/torrent/arch/Tash.Ma.Tash.1993.2011.S01.S18.720p.SHAHID.WEB-DL.AAC2.0.H264/Season 6/Tash.S06E08.720p.SHAHID.WEB-DL.AAC2.0.H.264-Turab.mkv,167
1744488127,,,/mnt/8tb/mediarr/torrent/arch/Tash.Ma.Tash.1993.2011.S01.S18.720p.SHAHID.WEB-DL.AAC2.0.H264/Season 6/Tash.S06E09.720p.SHAHID.WEB-DL.AAC2.0.H.264-Turab.mkv,167
1744488132,,,/mnt/8tb/mediarr/torrent/arch/Tash.Ma.Tash.1993.2011.S01.S18.720p.SHAHID.WEB-DL.AAC2.0.H264/Season 6/Tash.S06E10.720p.SHAHID.WEB-DL.AAC2.0.H.264-Turab.mkv,167
1744521135,,,/mnt/8tb/mediarr/torrent/arch/Tash.Ma.Tash.1993.2011.S01.S18.720p.SHAHID.WEB-DL.AAC2.0.H264/Season 6/Tash.S06E10.720p.SHAHID.WEB-DL.AAC2.0.H.264-Turab.mkv,167
1744522521,,,/mnt/8tb/mediarr/torrent/arch/Tash.Ma.Tash.1993.2011.S01.S18.720p.SHAHID.WEB-DL.AAC2.0.H264/Season 6/Tash.S06E11.720p.SHAHID.WEB-DL.AAC2.0.H.264-Turab.mkv,167
1744523565,,,/mnt/8tb/mediarr/torrent/arch/Tash.Ma.Tash.1993.2011.S01.S18.720p.SHAHID.WEB-DL.AAC2.0.H264/Season 6/Tash.S06E12.720p.SHAHID.WEB-DL.AAC2.0.H.264-Turab.mkv,167
1744523939,,,/mnt/8tb/mediarr/torrent/arch/Tash.Ma.Tash.1993.2011.S01.S18.720p.SHAHID.WEB-DL.AAC2.0.H264/Season 6/Tash.S06E13.720p.SHAHID.WEB-DL.AAC2.0.H.264-Turab.mkv,167
1744525245,,,/mnt/8tb/mediarr/torrent/arch/Tash.Ma.Tash.1993.2011.S01.S18.720p.SHAHID.WEB-DL.AAC2.0.H264/Season 6/Tash.S06E14.720p.SHAHID.WEB-DL.AAC2.0.H.264-Turab.mkv,167
1744528651,,,/mnt/8tb/mediarr/torrent/arch/Tash.Ma.Tash.1993.2011.S01.S18.720p.SHAHID.WEB-DL.AAC2.0.H264/Season 6/Tash.S06E14.720p.SHAHID.WEB-DL.AAC2.0.H.264-Turab.mkv,167
1744528661,,,/mnt/8tb/mediarr/torrent/arch/Tash.Ma.Tash.1993.2011.S01.S18.720p.SHAHID.WEB-DL.AAC2.0.H264/Season 6/Tash.S06E15.720p.SHAHID.WEB-DL.AAC2.0.H.264-Turab.mkv,167
1744531939,,,/mnt/8tb/mediarr/torrent/arch/Tash.Ma.Tash.1993.2011.S01.S18.720p.SHAHID.WEB-DL.AAC2.0.H264/Season 6/Tash.S06E16.720p.SHAHID.WEB-DL.AAC2.0.H.264-Turab.mkv,167
1744532843,,,/mnt/8tb/mediarr/torrent/arch/Tash.Ma.Tash.1993.2011.S01.S18.720p.SHAHID.WEB-DL.AAC2.0.H264/Season 6/Tash.S06E17.720p.SHAHID.WEB-DL.AAC2.0.H.264-Turab.mkv,167
1744533019,,,/mnt/8tb/mediarr/torrent/arch/Tash.Ma.Tash.1993.2011.S01.S18.720p.SHAHID.WEB-DL.AAC2.0.H264/Season 6/Tash.S06E18.720p.SHAHID.WEB-DL.AAC2.0.H.264-Turab.mkv,167
1744534829,,,/mnt/8tb/mediarr/torrent/arch/Tash.Ma.Tash.1993.2011.S01.S18.720p.SHAHID.WEB-DL.AAC2.0.H264/Season 6/Tash.S06E19.720p.SHAHID.WEB-DL.AAC2.0.H.264-Turab.mkv,167
1744545229,,,/mnt/8tb/mediarr/torrent/arch/Tash.Ma.Tash.1993.2011.S01.S18.720p.SHAHID.WEB-DL.AAC2.0.H264/Season 6/Tash.S06E20.720p.SHAHID.WEB-DL.AAC2.0.H.264-Turab.mkv,167
1744547258,,,/mnt/8tb/mediarr/torrent/arch/Tash.Ma.Tash.1993.2011.S01.S18.720p.SHAHID.WEB-DL.AAC2.0.H264/Season 7/Tash.S07E01.720p.SHAHID.WEB-DL.AAC2.0.H.264-Turab.mkv,167
1744549610,,,/mnt/8tb/mediarr/torrent/arch/Tash.Ma.Tash.1993.2011.S01.S18.720p.SHAHID.WEB-DL.AAC2.0.H264/Season 7/Tash.S07E02.720p.SHAHID.WEB-DL.AAC2.0.H.264-Turab.mkv,167
1744550145,,,/mnt/8tb/mediarr/torrent/arch/Tash.Ma.Tash.1993.2011.S01.S18.720p.SHAHID.WEB-DL.AAC2.0.H264/Season 7/Tash.S07E03.720p.SHAHID.WEB-DL.AAC2.0.H.264-Turab.mkv,167
1744550621,,,/mnt/8tb/mediarr/torrent/arch/Tash.Ma.Tash.1993.2011.S01.S18.720p.SHAHID.WEB-DL.AAC2.0.H264/Season 7/Tash.S07E04.720p.SHAHID.WEB-DL.AAC2.0.H.264-Turab.mkv,167
1744554325,,,/mnt/8tb/mediarr/torrent/arch/Tash.Ma.Tash.1993.2011.S01.S18.720p.SHAHID.WEB-DL.AAC2.0.H264/Season 7/Tash.S07E04.720p.SHAHID.WEB-DL.AAC2.0.H.264-Turab.mkv,167
1744554342,,,/mnt/8tb/mediarr/torrent/arch/Tash.Ma.Tash.1993.2011.S01.S18.720p.SHAHID.WEB-DL.AAC2.0.H264/Season 7/Tash.S07E05.720p.SHAHID.WEB-DL.AAC2.0.H.264-Turab.mkv,167
1744568543,,,/mnt/8tb/mediarr/torrent/arch/Tash.Ma.Tash.1993.2011.S01.S18.720p.SHAHID.WEB-DL.AAC2.0.H264/Season 7/Tash.S07E06.720p.SHAHID.WEB-DL.AAC2.0.H.264-Turab.mkv,167
1744569389,,,/mnt/8tb/mediarr/torrent/arch/Tash.Ma.Tash.1993.2011.S01.S18.720p.SHAHID.WEB-DL.AAC2.0.H264/Season 7/Tash.S07E07.720p.SHAHID.WEB-DL.AAC2.0.H.264-Turab.mkv,167
1744570689,,,/mnt/8tb/mediarr/torrent/arch/Tash.Ma.Tash.1993.2011.S01.S18.720p.SHAHID.WEB-DL.AAC2.0.H264/Season 7/Tash.S07E08.720p.SHAHID.WEB-DL.AAC2.0.H.264-Turab.mkv,167
1744571861,,,/mnt/8tb/mediarr/torrent/arch/Tash.Ma.Tash.1993.2011.S01.S18.720p.SHAHID.WEB-DL.AAC2.0.H264/Season 7/Tash.S07E09.720p.SHAHID.WEB-DL.AAC2.0.H.264-Turab.mkv,167
1744615519,,,/mnt/8tb/mediarr/torrent/arch/Tash.Ma.Tash.1993.2011.S01.S18.720p.SHAHID.WEB-DL.AAC2.0.H264/Season 7/Tash.S07E09.720p.SHAHID.WEB-DL.AAC2.0.H.264-Turab.mkv,167
1744615522,,,/mnt/8tb/mediarr/torrent/arch/Tash.Ma.Tash.1993.2011.S01.S18.720p.SHAHID.WEB-DL.AAC2.0.H264/Season 7/Tash.S07E10.720p.SHAHID.WEB-DL.AAC2.0.H.264-Turab.mkv,167
1744616897,,,/mnt/8tb/mediarr/torrent/arch/Tash.Ma.Tash.1993.2011.S01.S18.720p.SHAHID.WEB-DL.AAC2.0.H264/Season 7/Tash.S07E11.720p.SHAHID.WEB-DL.AAC2.0.H.264-Turab.mkv,167
1744622156,,,/mnt/8tb/mediarr/torrent/arch/Tash.Ma.Tash.1993.2011.S01.S18.720p.SHAHID.WEB-DL.AAC2.0.H264/Season 7/Tash.S07E12.720p.SHAHID.WEB-DL.AAC2.0.H.264-Turab.mkv,167
1744623153,,,/mnt/8tb/mediarr/torrent/arch/Tash.Ma.Tash.1993.2011.S01.S18.720p.SHAHID.WEB-DL.AAC2.0.H264/Season 7/Tash.S07E13.720p.SHAHID.WEB-DL.AAC2.0.H.264-Turab.mkv,167
1744629726,,,/mnt/8tb/mediarr/torrent/arch/Tash.Ma.Tash.1993.2011.S01.S18.720p.SHAHID.WEB-DL.AAC2.0.H264/Season 7/Tash.S07E14.720p.SHAHID.WEB-DL.AAC2.0.H.264-Turab.mkv,167
1744631834,,,/mnt/8tb/mediarr/torrent/arch/Tash.Ma.Tash.1993.2011.S01.S18.720p.SHAHID.WEB-DL.AAC2.0.H264/Season 7/Tash.S07E15.720p.SHAHID.WEB-DL.AAC2.0.H.264-Turab.mkv,167
1744631943,,,/mnt/8tb/mediarr/torrent/arch/Tash.Ma.Tash.1993.2011.S01.S18.720p.SHAHID.WEB-DL.AAC2.0.H264/Season 7/Tash.S07E17.720p.SHAHID.WEB-DL.AAC2.0.H.264-Turab.mkv,167
1744632025,,,/mnt/8tb/mediarr/torrent/arch/Tash.Ma.Tash.1993.2011.S01.S18.720p.SHAHID.WEB-DL.AAC2.0.H264/Season 7/Tash.S07E18.720p.SHAHID.WEB-DL.AAC2.0.H.264-Turab.mkv,167
1744632172,,,/mnt/8tb/mediarr/torrent/arch/Tash.Ma.Tash.1993.2011.S01.S18.720p.SHAHID.WEB-DL.AAC2.0.H264/Season 7/Tash.S07E19.720p.SHAHID.WEB-DL.AAC2.0.H.264-Turab.mkv,167
1744633233,,,/mnt/8tb/mediarr/torrent/arch/Tash.Ma.Tash.1993.2011.S01.S18.720p.SHAHID.WEB-DL.AAC2.0.H264/Season 7/Tash.S07E20.720p.SHAHID.WEB-DL.AAC2.0.H.264-Turab.mkv,167
1744635773,,,/mnt/8tb/mediarr/torrent/arch/Tash.Ma.Tash.1993.2011.S01.S18.720p.SHAHID.WEB-DL.AAC2.0.H264/Season 7/Tash.S07E21.720p.SHAHID.WEB-DL.AAC2.0.H.264-Turab.mkv,167
1744636147,,,/mnt/8tb/mediarr/torrent/arch/Tash.Ma.Tash.1993.2011.S01.S18.720p.SHAHID.WEB-DL.AAC2.0.H264/Season 8/Tash.S08E01.720p.SHAHID.WEB-DL.AAC2.0.H.264-Turab.mkv,167
1744637177,,,/mnt/8tb/mediarr/torrent/arch/Tash.Ma.Tash.1993.2011.S01.S18.720p.SHAHID.WEB-DL.AAC2.0.H264/Season 8/Tash.S08E02.720p.SHAHID.WEB-DL.AAC2.0.H.264-Turab.mkv,167
1744637685,,,/mnt/8tb/mediarr/torrent/arch/Tash.Ma.Tash.1993.2011.S01.S18.720p.SHAHID.WEB-DL.AAC2.0.H264/Season 8/Tash.S08E03.720p.SHAHID.WEB-DL.AAC2.0.H.264-Turab.mkv,167
1744638503,,,/mnt/8tb/mediarr/torrent/arch/Tash.Ma.Tash.1993.2011.S01.S18.720p.SHAHID.WEB-DL.AAC2.0.H264/Season 8/Tash.S08E04.720p.SHAHID.WEB-DL.AAC2.0.H.264-Turab.mkv,167
1744638524,,,/mnt/8tb/mediarr/torrent/arch/Tash.Ma.Tash.1993.2011.S01.S18.720p.SHAHID.WEB-DL.AAC2.0.H264/Season 8/Tash.S08E05.720p.SHAHID.WEB-DL.AAC2.0.H.264-Turab.mkv,167
1744641355,,,/mnt/8tb/mediarr/torrent/arch/Tash.Ma.Tash.1993.2011.S01.S18.720p.SHAHID.WEB-DL.AAC2.0.H264/Season 8/Tash.S08E06.720p.SHAHID.WEB-DL.AAC2.0.H.264-Turab.mkv,167
1744641557,,,/mnt/8tb/mediarr/torrent/arch/Tash.Ma.Tash.1993.2011.S01.S18.720p.SHAHID.WEB-DL.AAC2.0.H264/Season 8/Tash.S08E07.720p.SHAHID.WEB-DL.AAC2.0.H.264-Turab.mkv,167
1744641571,,,/mnt/8tb/mediarr/torrent/arch/Tash.Ma.Tash.1993.2011.S01.S18.720p.SHAHID.WEB-DL.AAC2.0.H264/Season 8/Tash.S08E08.720p.SHAHID.WEB-DL.AAC2.0.H.264-Turab.mkv,167
1744641634,,,/mnt/8tb/mediarr/torrent/arch/Tash.Ma.Tash.1993.2011.S01.S18.720p.SHAHID.WEB-DL.AAC2.0.H264/Season 8/Tash.S08E09.720p.SHAHID.WEB-DL.AAC2.0.H.264-Turab.mkv,167
1744641704,,,/mnt/8tb/mediarr/torrent/arch/Tash.Ma.Tash.1993.2011.S01.S18.720p.SHAHID.WEB-DL.AAC2.0.H264/Season 8/Tash.S08E10.720p.SHAHID.WEB-DL.AAC2.0.H.264-Turab.mkv,167
1744641782,,,/mnt/8tb/mediarr/torrent/arch/Tash.Ma.Tash.1993.2011.S01.S18.720p.SHAHID.WEB-DL.AAC2.0.H264/Season 8/Tash.S08E11.720p.SHAHID.WEB-DL.AAC2.0.H.264-Turab.mkv,167
1744641923,,,/mnt/8tb/mediarr/torrent/arch/Tash.Ma.Tash.1993.2011.S01.S18.720p.SHAHID.WEB-DL.AAC2.0.H264/Season 8/Tash.S08E12.720p.SHAHID.WEB-DL.AAC2.0.H.264-Turab.mkv,167
1744641981,,,/mnt/8tb/mediarr/torrent/arch/Tash.Ma.Tash.1993.2011.S01.S18.720p.SHAHID.WEB-DL.AAC2.0.H264/Season 8/Tash.S08E13.720p.SHAHID.WEB-DL.AAC2.0.H.264-Turab.mkv,167
1744706541,,,/mnt/8tb/mediarr/torrent/arch/Tash.Ma.Tash.1993.2011.S01.S18.720p.SHAHID.WEB-DL.AAC2.0.H264/Season 8/Tash.S08E13.720p.SHAHID.WEB-DL.AAC2.0.H.264-Turab.mkv,167
1744708305,,,/mnt/8tb/mediarr/torrent/arch/Tash.Ma.Tash.1993.2011.S01.S18.720p.SHAHID.WEB-DL.AAC2.0.H264/Season 8/Tash.S08E14.720p.SHAHID.WEB-DL.AAC2.0.H.264-Turab.mkv,167
1744708311,,,/mnt/8tb/mediarr/torrent/arch/Tash.Ma.Tash.1993.2011.S01.S18.720p.SHAHID.WEB-DL.AAC2.0.H264/Season 8/Tash.S08E15.720p.SHAHID.WEB-DL.AAC2.0.H.264-Turab.mkv,167
1744709626,,,/mnt/8tb/mediarr/torrent/arch/Tash.Ma.Tash.1993.2011.S01.S18.720p.SHAHID.WEB-DL.AAC2.0.H264/Season 8/Tash.S08E16.720p.SHAHID.WEB-DL.AAC2.0.H.264-Turab.mkv,167
1744720565,,,/mnt/8tb/mediarr/torrent/arch/Tash.Ma.Tash.1993.2011.S01.S18.720p.SHAHID.WEB-DL.AAC2.0.H264/Season 8/Tash.S08E17.720p.SHAHID.WEB-DL.AAC2.0.H.264-Turab.mkv,167
1744722461,,,/mnt/8tb/mediarr/torrent/arch/Tash.Ma.Tash.1993.2011.S01.S18.720p.SHAHID.WEB-DL.AAC2.0.H264/Season 8/Tash.S08E18.720p.SHAHID.WEB-DL.AAC2.0.H.264-Turab.mkv,167
1744722906,,,/mnt/8tb/mediarr/torrent/arch/Tash.Ma.Tash.1993.2011.S01.S18.720p.SHAHID.WEB-DL.AAC2.0.H264/Season 8/Tash.S08E19.720p.SHAHID.WEB-DL.AAC2.0.H.264-Turab.mkv,167
1744722918,,,/mnt/8tb/mediarr/torrent/arch/Tash.Ma.Tash.1993.2011.S01.S18.720p.SHAHID.WEB-DL.AAC2.0.H264/Season 8/Tash.S08E20.720p.SHAHID.WEB-DL.AAC2.0.H.264-Turab.mkv,167
1744723540,,,/mnt/8tb/mediarr/torrent/arch/Tash.Ma.Tash.1993.2011.S01.S18.720p.SHAHID.WEB-DL.AAC2.0.H264/Season 9/Tash.S09E01.720p.SHAHID.WEB-DL.AAC2.0.H.264-Turab.mkv,167
1744723567,,,/mnt/8tb/mediarr/torrent/arch/Tash.Ma.Tash.1993.2011.S01.S18.720p.SHAHID.WEB-DL.AAC2.0.H264/Season 9/Tash.S09E02.720p.SHAHID.WEB-DL.AAC2.0.H.264-Turab.mkv,167
1744723872,,,/mnt/8tb/mediarr/torrent/arch/Tash.Ma.Tash.1993.2011.S01.S18.720p.SHAHID.WEB-DL.AAC2.0.H264/Season 9/Tash.S09E03.720p.SHAHID.WEB-DL.AAC2.0.H.264-Turab.mkv,167
1744795820,,,/mnt/nvme/media/mp4/[twitter] azzom101—2023.08.18—1692610140003090520—Tf9ztMaTX5VXXt4U.mp4,109
1744795836,,,/mnt/nvme/media/mp4/[twitter] alFallsDown—2023.09.09—1700522790586118578—brAjER_5LkjGH8SO.mp4,112
1744795973,,,/mnt/nvme/media/mp4/zSU0SQNqwVveEQ05.mp4,53
1744795979,,,/mnt/nvme/media/mp4/zWA_JjGUFOG3DjOu.mp4,53
1744795984,,,/mnt/nvme/media/mp4/ZWl-rdA-9k4Atmwo.mp4,53
1744802555,,,/mnt/8tb/mediarr/torrent/arch/Tash.Ma.Tash.1993.2011.S01.S18.720p.SHAHID.WEB-DL.AAC2.0.H264/Season 9/Tash.S09E03.720p.SHAHID.WEB-DL.AAC2.0.H.264-Turab.mkv,167
1744803329,,,/mnt/8tb/mediarr/torrent/arch/Tash.Ma.Tash.1993.2011.S01.S18.720p.SHAHID.WEB-DL.AAC2.0.H264/Season 9/Tash.S09E04.720p.SHAHID.WEB-DL.AAC2.0.H.264-Turab.mkv,167
1744803338,,,/mnt/8tb/mediarr/torrent/arch/Tash.Ma.Tash.1993.2011.S01.S18.720p.SHAHID.WEB-DL.AAC2.0.H264/Season 9/Tash.S09E05.720p.SHAHID.WEB-DL.AAC2.0.H.264-Turab.mkv,167
1744804600,,,/mnt/8tb/mediarr/torrent/arch/Tash.Ma.Tash.1993.2011.S01.S18.720p.SHAHID.WEB-DL.AAC2.0.H264/Season 9/Tash.S09E06.720p.SHAHID.WEB-DL.AAC2.0.H.264-Turab.mkv,167
1744808185,,,/mnt/8tb/mediarr/torrent/arch/Tash.Ma.Tash.1993.2011.S01.S18.720p.SHAHID.WEB-DL.AAC2.0.H264/Season 9/Tash.S09E07.720p.SHAHID.WEB-DL.AAC2.0.H.264-Turab.mkv,167
1744891175,,,/mnt/8tb/mediarr/torrent/arch/Tash.Ma.Tash.1993.2011.S01.S18.720p.SHAHID.WEB-DL.AAC2.0.H264/Season 9/Tash.S09E07.720p.SHAHID.WEB-DL.AAC2.0.H.264-Turab.mkv,167
1744891179,,,/mnt/8tb/mediarr/torrent/arch/Tash.Ma.Tash.1993.2011.S01.S18.720p.SHAHID.WEB-DL.AAC2.0.H264/Season 9/Tash.S09E08.720p.SHAHID.WEB-DL.AAC2.0.H.264-Turab.mkv,167
1744893783,,,/mnt/8tb/mediarr/torrent/arch/Tash.Ma.Tash.1993.2011.S01.S18.720p.SHAHID.WEB-DL.AAC2.0.H264/Season 9/Tash.S09E09.720p.SHAHID.WEB-DL.AAC2.0.H.264-Turab.mkv,167
1744903065,,,/mnt/8tb/mediarr/torrent/arch/Tash.Ma.Tash.1993.2011.S01.S18.720p.SHAHID.WEB-DL.AAC2.0.H264/Season 9/Tash.S09E10.720p.SHAHID.WEB-DL.AAC2.0.H.264-Turab.mkv,167
1744904164,,,/mnt/8tb/mediarr/torrent/arch/Tash.Ma.Tash.1993.2011.S01.S18.720p.SHAHID.WEB-DL.AAC2.0.H264/Season 9/Tash.S09E11.720p.SHAHID.WEB-DL.AAC2.0.H.264-Turab.mkv,167
1744907148,,,/mnt/8tb/mediarr/torrent/arch/Tash.Ma.Tash.1993.2011.S01.S18.720p.SHAHID.WEB-DL.AAC2.0.H264/Season 9/Tash.S09E12.720p.SHAHID.WEB-DL.AAC2.0.H.264-Turab.mkv,167
1744907188,,,/mnt/8tb/mediarr/torrent/arch/Tash.Ma.Tash.1993.2011.S01.S18.720p.SHAHID.WEB-DL.AAC2.0.H264/Season 9/Tash.S09E13.720p.SHAHID.WEB-DL.AAC2.0.H.264-Turab.mkv,167
1744907556,,,/mnt/8tb/mediarr/torrent/arch/Tash.Ma.Tash.1993.2011.S01.S18.720p.SHAHID.WEB-DL.AAC2.0.H264/Season 9/Tash.S09E14.720p.SHAHID.WEB-DL.AAC2.0.H.264-Turab.mkv,167
1744978987,,,/home/btw/-,24
1744979856,,,/home/btw/-,24
1744979876,,,/home/btw/-,24
1744980398,,,/home/btw/-,24
1745049734,,,/mnt/8tb/mediarr/torrent/arch/Tash.Ma.Tash.1993.2011.S01.S18.720p.SHAHID.WEB-DL.AAC2.0.H264/Season 9/Tash.S09E14.720p.SHAHID.WEB-DL.AAC2.0.H.264-Turab.mkv,167
1745049772,,,/mnt/8tb/mediarr/torrent/arch/Tash.Ma.Tash.1993.2011.S01.S18.720p.SHAHID.WEB-DL.AAC2.0.H264/Season 9/Tash.S09E15.720p.SHAHID.WEB-DL.AAC2.0.H.264-Turab.mkv,167
1745051030,,,/mnt/8tb/mediarr/torrent/arch/Tash.Ma.Tash.1993.2011.S01.S18.720p.SHAHID.WEB-DL.AAC2.0.H264/Season 9/Tash.S09E16.720p.SHAHID.WEB-DL.AAC2.0.H.264-Turab.mkv,167
1745059674,,,/mnt/nvme/media/mp4/سواليف شيبان.mp4,60
1745059689,,,/mnt/nvme/media/mp4/روجر (2).mp4,49
1745061765,,,/home/btw/pad/DCIM/100APPLE/IMG_0027.MP4,53
1745061770,,,/home/btw/pad/DCIM/100APPLE/IMG_0226.MP4,53
1745070956,,,/mnt/8tb/mediarr/torrent/arch/Tash.Ma.Tash.1993.2011.S01.S18.720p.SHAHID.WEB-DL.AAC2.0.H264/Season 9/Tash.S09E17.720p.SHAHID.WEB-DL.AAC2.0.H.264-Turab.mkv,167
1745154163,,,/mnt/nvme/media/mp4/كاتم-30fps.mp4,51
1745154171,,,/mnt/nvme/media/mp4/كاتم.mp4,45
1745154181,,,/mnt/nvme/media/mp4/كاتم (2)-30fps.mp4,55
1745170713,,,/mnt/nvme/media/mp4/مستر روبوت (4).mp4,60
1745170717,,,/mnt/nvme/media/mp4/مستر روبوت.mp4,56
1745170759,,,/mnt/nvme/media/mp4/_That's No Way To Treat A Caddy!_ _ Mr. Robot.mp4,82
1745170766,,,/mnt/nvme/media/mp4/The Wipe Scenes Of Mr Robot _ Mr. Robot.mp4,76
1745170777,,,/mnt/nvme/media/mp4/Mr Robot Decryption Scene.mp4,62
1745174960,,,/home/btw/-,24
1745175268,,,/home/btw/-,24
1745175407,,,/home/btw/-,24
1745175425,,,/home/btw/-,24
1745234519,,,/mnt/8tb/mediarr/torrent/arch/Tash.Ma.Tash.1993.2011.S01.S18.720p.SHAHID.WEB-DL.AAC2.0.H264/Season 9/Tash.S09E17.720p.SHAHID.WEB-DL.AAC2.0.H.264-Turab.mkv,167
1745234603,,,/mnt/8tb/mediarr/torrent/arch/Tash.Ma.Tash.1993.2011.S01.S18.720p.SHAHID.WEB-DL.AAC2.0.H264/Season 9/Tash.S09E18.720p.SHAHID.WEB-DL.AAC2.0.H.264-Turab.mkv,167
1745237107,,,/mnt/8tb/mediarr/torrent/arch/Tash.Ma.Tash.1993.2011.S01.S18.720p.SHAHID.WEB-DL.AAC2.0.H264/Season 9/Tash.S09E19.720p.SHAHID.WEB-DL.AAC2.0.H.264-Turab.mkv,167
1745238155,,,/mnt/8tb/mediarr/torrent/arch/Tash.Ma.Tash.1993.2011.S01.S18.720p.SHAHID.WEB-DL.AAC2.0.H264/Season 9/Tash.S09E20.720p.SHAHID.WEB-DL.AAC2.0.H.264-Turab.mkv,167
1745238232,,,/mnt/8tb/mediarr/torrent/arch/Tash.Ma.Tash.1993.2011.S01.S18.720p.SHAHID.WEB-DL.AAC2.0.H264/Season 10/Tash.S10E01.720p.SHAHID.WEB-DL.AAC2.0.H.264-Turab.mkv,168
1745238853,,,/mnt/8tb/mediarr/torrent/arch/Tash.Ma.Tash.1993.2011.S01.S18.720p.SHAHID.WEB-DL.AAC2.0.H264/Season 10/Tash.S10E02.720p.SHAHID.WEB-DL.AAC2.0.H.264-Turab.mkv,168
1745239056,,,/mnt/8tb/mediarr/torrent/arch/Tash.Ma.Tash.1993.2011.S01.S18.720p.SHAHID.WEB-DL.AAC2.0.H264/Season 10/Tash.S10E03.720p.SHAHID.WEB-DL.AAC2.0.H.264-Turab.mkv,168
1745307649,,,/mnt/8tb/mediarr/torrent/arch/Tash.Ma.Tash.1993.2011.S01.S18.720p.SHAHID.WEB-DL.AAC2.0.H264/Season 10/Tash.S10E03.720p.SHAHID.WEB-DL.AAC2.0.H.264-Turab.mkv,168
1745307654,,,/mnt/8tb/mediarr/torrent/arch/Tash.Ma.Tash.1993.2011.S01.S18.720p.SHAHID.WEB-DL.AAC2.0.H264/Season 10/Tash.S10E04.720p.SHAHID.WEB-DL.AAC2.0.H.264-Turab.mkv,168
1745307692,,,/mnt/8tb/mediarr/torrent/arch/Tash.Ma.Tash.1993.2011.S01.S18.720p.SHAHID.WEB-DL.AAC2.0.H264/Season 10/Tash.S10E05.720p.SHAHID.WEB-DL.AAC2.0.H.264-Turab.mkv,168
1745307825,,,/mnt/8tb/mediarr/torrent/arch/Tash.Ma.Tash.1993.2011.S01.S18.720p.SHAHID.WEB-DL.AAC2.0.H264/Season 10/Tash.S10E06.720p.SHAHID.WEB-DL.AAC2.0.H.264-Turab.mkv,168
1745307836,,,/mnt/8tb/mediarr/torrent/arch/Tash.Ma.Tash.1993.2011.S01.S18.720p.SHAHID.WEB-DL.AAC2.0.H264/Season 10/Tash.S10E07.720p.SHAHID.WEB-DL.AAC2.0.H.264-Turab.mkv,168
1745307859,,,/mnt/8tb/mediarr/torrent/arch/Tash.Ma.Tash.1993.2011.S01.S18.720p.SHAHID.WEB-DL.AAC2.0.H264/Season 10/Tash.S10E07.720p.SHAHID.WEB-DL.AAC2.0.H.264-Turab.mkv,168
1745308878,,,/mnt/8tb/mediarr/torrent/arch/Tash.Ma.Tash.1993.2011.S01.S18.720p.SHAHID.WEB-DL.AAC2.0.H264/Season 10/Tash.S10E08.720p.SHAHID.WEB-DL.AAC2.0.H.264-Turab.mkv,168
1745310448,,,/mnt/8tb/mediarr/torrent/arch/Tash.Ma.Tash.1993.2011.S01.S18.720p.SHAHID.WEB-DL.AAC2.0.H264/Season 10/Tash.S10E09.720p.SHAHID.WEB-DL.AAC2.0.H.264-Turab.mkv,168
1745310513,,,/mnt/8tb/mediarr/torrent/arch/Tash.Ma.Tash.1993.2011.S01.S18.720p.SHAHID.WEB-DL.AAC2.0.H264/Season 10/Tash.S10E10.720p.SHAHID.WEB-DL.AAC2.0.H.264-Turab.mkv,168
1745310650,,,/mnt/8tb/mediarr/torrent/arch/Tash.Ma.Tash.1993.2011.S01.S18.720p.SHAHID.WEB-DL.AAC2.0.H264/Season 10/Tash.S10E11.720p.SHAHID.WEB-DL.AAC2.0.H.264-Turab.mkv,168
1745310701,,,/mnt/8tb/mediarr/torrent/arch/Tash.Ma.Tash.1993.2011.S01.S18.720p.SHAHID.WEB-DL.AAC2.0.H264/Season 10/Tash.S10E12.720p.SHAHID.WEB-DL.AAC2.0.H.264-Turab.mkv,168
1745328388,,,/home/btw/-,24
1745381146,,,/home/btw/-,24
1745403512,,,/home/btw/-,24
1745408380,,,/home/btw/-,24
1745408541,,,/home/btw/-,24
1745429401,,,/mnt/nvme/media/mp4/yt1s.com - HOW SMART CHARACTERS BE ACTING IN ANIME.mp4,87
1745473414,,,/mnt/nvme/media/mp4/لا تلبس شورت.mp4,59
1745473437,,,/mnt/nvme/media/mp4/لا شغل ولا مشغلة.mp4,66
1745473449,,,/mnt/nvme/media/mp4/قوت.mp4,43
1745517052,,,/home/btw/Downloads/presentation-1.mp4,51
1745517100,,,/home/btw/Downloads/presentation-2.mp4,51
1745517160,,,/home/btw/Downloads/screenshot-2025-03-02-13-13-22.png,67
1745517166,,,/home/btw/Downloads/presentation-2.mp4,51
1745517171,,,/home/btw/Downloads/screenshot-2025-03-02-13-13-22.png,67
1745517174,,,/home/btw/Downloads/presentation-2.mp4,51
1745517206,,,/home/btw/Downloads/screenshot-2025-03-02-13-13-22.png,67
1745517244,,,/home/btw/Downloads/presentation-2.mp4,51
1745517312,,,/home/btw/-,24
1745517473,,,/home/btw/-,24
1745517641,,,/home/btw/-,24
1745518602,,,/home/btw/Videos/obs/2025-04-24-21-07-48.mp4,57
1745518682,,,/home/btw/-,24
1745518794,,,/home/btw/output.mp4,33
1745519101,,,/home/btw/output.mp4,33
1745519102,,,/home/btw/output.mp4,33
1745519502,,,/home/btw/output.mp4,33
1745519597,,,/home/btw/-,24
1745565342,,,/home/btw/Videos/shit.mp4,38
1745566032,,,/home/btw/Videos/shit.mp4,38
1745566522,,,/home/btw/Videos/shit.mp4,38
1745566917,,,/home/btw/Videos/shit.mp4,38
1745567331,,,/home/btw/Videos/shit.mp4,38
1745567345,,,/home/btw/Videos/shit.mp4,38
1745567346,,,/home/btw/Videos/shit.mp4,38
1745567798,,,/home/btw/Videos/shit.mp4,38
1745567950,,,/home/btw/Videos/shit.mp4,38
1745567975,,,/home/btw/Videos/obs/2025-04-24-21-33-30.mkv,57
1745578196,,,/home/btw/-,24
1745578314,,,/home/btw/-,24
1745581413,,,/home/btw/-,24
1745582370,,,/home/btw/Videos/obs/2025-04-25-14-58-36.mkv,57
1745582545,,,/home/btw/Videos/obs/2025-04-25-15-01-44.mkv,57
1745582899,,,/home/btw/Videos/obs/2025-04-25-15-08-06.mkv,57
1745582908,,,/home/btw/Videos/obs/2025-04-25-15-08-06.mp4,57
1745582917,,,/home/btw/Videos/obs/2025-04-25-15-08-06.mkv,57
1745582989,,,/home/btw/Videos/obs/2025-04-25-15-08-43.mkv,57
1745583049,,,/home/btw/Videos/obs/2025-04-25-15-08-43.mp4,57
1745583411,,,/home/btw/Videos/obs/2025-04-25-15-15-45.mkv,57
1745589935,,,/home/btw/-,24
1745597256,,,/home/btw/-,24
1745670921,,,/mnt/8tb/mediarr/torrent/arch/Tash.Ma.Tash.1993.2011.S01.S18.720p.SHAHID.WEB-DL.AAC2.0.H264/Season 10/Tash.S10E12.720p.SHAHID.WEB-DL.AAC2.0.H.264-Turab.mkv,168
1745670924,,,/mnt/8tb/mediarr/torrent/arch/Tash.Ma.Tash.1993.2011.S01.S18.720p.SHAHID.WEB-DL.AAC2.0.H264/Season 10/Tash.S10E13.720p.SHAHID.WEB-DL.AAC2.0.H.264-Turab.mkv,168
1745671405,,,/mnt/8tb/mediarr/torrent/arch/Tash.Ma.Tash.1993.2011.S01.S18.720p.SHAHID.WEB-DL.AAC2.0.H264/Season 10/Tash.S10E14.720p.SHAHID.WEB-DL.AAC2.0.H.264-Turab.mkv,168
1745671417,,,/mnt/8tb/mediarr/torrent/arch/Tash.Ma.Tash.1993.2011.S01.S18.720p.SHAHID.WEB-DL.AAC2.0.H264/Season 10/Tash.S10E15.720p.SHAHID.WEB-DL.AAC2.0.H.264-Turab.mkv,168
1745671820,,,/mnt/8tb/mediarr/torrent/arch/Tash.Ma.Tash.1993.2011.S01.S18.720p.SHAHID.WEB-DL.AAC2.0.H264/Season 10/Tash.S10E16.720p.SHAHID.WEB-DL.AAC2.0.H.264-Turab.mkv,168
1745672031,,,/mnt/8tb/mediarr/torrent/arch/Tash.Ma.Tash.1993.2011.S01.S18.720p.SHAHID.WEB-DL.AAC2.0.H264/Season 10/Tash.S10E17.720p.SHAHID.WEB-DL.AAC2.0.H.264-Turab.mkv,168
1745672035,,,/mnt/8tb/mediarr/torrent/arch/Tash.Ma.Tash.1993.2011.S01.S18.720p.SHAHID.WEB-DL.AAC2.0.H264/Season 10/Tash.S10E18.720p.SHAHID.WEB-DL.AAC2.0.H.264-Turab.mkv,168
1745672348,,,/mnt/8tb/mediarr/torrent/arch/Tash.Ma.Tash.1993.2011.S01.S18.720p.SHAHID.WEB-DL.AAC2.0.H264/Season 10/Tash.S10E19.720p.SHAHID.WEB-DL.AAC2.0.H.264-Turab.mkv,168
1745673113,,,/mnt/8tb/mediarr/torrent/arch/Tash.Ma.Tash.1993.2011.S01.S18.720p.SHAHID.WEB-DL.AAC2.0.H264/Season 10/Tash.S10E20.720p.SHAHID.WEB-DL.AAC2.0.H.264-Turab.mkv,168
1745673290,,,/mnt/8tb/mediarr/torrent/arch/Tash.Ma.Tash.1993.2011.S01.S18.720p.SHAHID.WEB-DL.AAC2.0.H264/Season 10/Tash.S10E21.720p.SHAHID.WEB-DL.AAC2.0.H.264-Turab.mkv,168
1745673414,,,/mnt/8tb/mediarr/torrent/arch/Tash.Ma.Tash.1993.2011.S01.S18.720p.SHAHID.WEB-DL.AAC2.0.H264/Season 11/Tash.S11E01.720p.SHAHID.WEB-DL.AAC2.0.H.264-Turab.mkv,168
1745673562,,,/mnt/8tb/mediarr/torrent/arch/Tash.Ma.Tash.1993.2011.S01.S18.720p.SHAHID.WEB-DL.AAC2.0.H264/Season 11/Tash.S11E02.720p.SHAHID.WEB-DL.AAC2.0.H.264-Turab.mkv,168
1745673644,,,/mnt/8tb/mediarr/torrent/arch/Tash.Ma.Tash.1993.2011.S01.S18.720p.SHAHID.WEB-DL.AAC2.0.H264/Season 11/Tash.S11E03.720p.SHAHID.WEB-DL.AAC2.0.H.264-Turab.mkv,168
1745674717,,,/mnt/8tb/mediarr/torrent/arch/Tash.Ma.Tash.1993.2011.S01.S18.720p.SHAHID.WEB-DL.AAC2.0.H264/Season 11/Tash.S11E04.720p.SHAHID.WEB-DL.AAC2.0.H.264-Turab.mkv,168
1745675042,,,/mnt/8tb/mediarr/torrent/arch/Tash.Ma.Tash.1993.2011.S01.S18.720p.SHAHID.WEB-DL.AAC2.0.H264/Season 11/Tash.S11E05.720p.SHAHID.WEB-DL.AAC2.0.H.264-Turab.mkv,168
1745675128,,,/mnt/8tb/mediarr/torrent/arch/Tash.Ma.Tash.1993.2011.S01.S18.720p.SHAHID.WEB-DL.AAC2.0.H264/Season 11/Tash.S11E06.720p.SHAHID.WEB-DL.AAC2.0.H.264-Turab.mkv,168
1745675133,,,/mnt/8tb/mediarr/torrent/arch/Tash.Ma.Tash.1993.2011.S01.S18.720p.SHAHID.WEB-DL.AAC2.0.H264/Season 11/Tash.S11E07.720p.SHAHID.WEB-DL.AAC2.0.H.264-Turab.mkv,168
1745675464,,,/mnt/8tb/mediarr/torrent/arch/Tash.Ma.Tash.1993.2011.S01.S18.720p.SHAHID.WEB-DL.AAC2.0.H264/Season 11/Tash.S11E08.720p.SHAHID.WEB-DL.AAC2.0.H.264-Turab.mkv,168
1745675783,,,/mnt/8tb/mediarr/torrent/arch/Tash.Ma.Tash.1993.2011.S01.S18.720p.SHAHID.WEB-DL.AAC2.0.H264/Season 11/Tash.S11E09.720p.SHAHID.WEB-DL.AAC2.0.H.264-Turab.mkv,168
1745676040,,,/mnt/8tb/mediarr/torrent/arch/Tash.Ma.Tash.1993.2011.S01.S18.720p.SHAHID.WEB-DL.AAC2.0.H264/Season 11/Tash.S11E10.720p.SHAHID.WEB-DL.AAC2.0.H.264-Turab.mkv,168
1745676050,,,/mnt/8tb/mediarr/torrent/arch/Tash.Ma.Tash.1993.2011.S01.S18.720p.SHAHID.WEB-DL.AAC2.0.H264/Season 11/Tash.S11E11.720p.SHAHID.WEB-DL.AAC2.0.H.264-Turab.mkv,168
1745676051,,,/mnt/8tb/mediarr/torrent/arch/Tash.Ma.Tash.1993.2011.S01.S18.720p.SHAHID.WEB-DL.AAC2.0.H264/Season 11/Tash.S11E12.720p.SHAHID.WEB-DL.AAC2.0.H.264-Turab.mkv,168
1745676539,,,/mnt/8tb/mediarr/torrent/arch/Tash.Ma.Tash.1993.2011.S01.S18.720p.SHAHID.WEB-DL.AAC2.0.H264/Season 11/Tash.S11E13.720p.SHAHID.WEB-DL.AAC2.0.H.264-Turab.mkv,168
1745676624,,,/mnt/8tb/mediarr/torrent/arch/Tash.Ma.Tash.1993.2011.S01.S18.720p.SHAHID.WEB-DL.AAC2.0.H264/Season 11/Tash.S11E14.720p.SHAHID.WEB-DL.AAC2.0.H.264-Turab.mkv,168
1745860360,,,/home/btw/-,24
1745860467,,,/home/btw/-,24
1745868534,,,/home/btw/-,24
1745868913,,,/home/btw/-,24
1745869347,,,/home/btw/-,24
1745869758,,,/home/btw/-,24
1746652383,57,Binary Addition and Subtraction Explained (with Examples),https://www.youtube.com/watch?v=AE-27BSbkJ4,115
1746764311,53,Exploring JerryRigEverything's Massive YouTube Empire,https://youtu.be/sCH_r6sLzNs,96
1746766249,,,/home/btw/-,24
1746766345,,,/home/btw/-,24
1746766707,,,/home/btw/-,24
1746769975,,,/home/btw/-,24
1747067185,11,NEXT TO YOU,https://youtu.be/ejbazkKQhRk,54
1747070887,11,NEXT TO YOU,https://youtu.be/ejbazkKQhRk,54
1747074906,,,/home/btw/-,24
1747075068,,,/home/btw/-,24
1747395942,,,/mnt/nvme/media/mp4/1st-of-the-month.mp4,53
1747510569,,,/home/btw/-,24
1747565828,,,https://001.emy.mx//Videos/7574/stream?static=true&api_key=4496115353b1404a97cd21b0d0c3241f&Container=mp4,118
1747654043,,,/tmp/spotifyout.png,32
1747760093,,,/home/btw/-,24
1747762282,,,/home/btw/-,24
1747762349,,,/home/btw/-,24
1747763021,,,/home/btw/-,24
1747767391,,,/home/btw/-,24
1747856313,,,/home/btw/-,24
1747856863,,,/home/btw/-,24
1747938462,,,/home/btw/-,24
1747938568,,,/home/btw/-,24
1747938653,,,/home/btw/-,24
1747938917,,,/home/btw/-,24
1748005171,,,/home/btw/-,24
1748083511,,,/home/btw/Downloads/math/final/20.mp4,50
1748083515,,,/home/btw/Downloads/math/final/19.mp4,50
1748083520,,,/home/btw/Downloads/math/final/20.mp4,50
1748083524,,,/home/btw/Downloads/math/final/19.mp4,50
1748083527,,,/home/btw/Downloads/math/final/20.mp4,50
1748083529,,,/home/btw/Downloads/math/final/19.mp4,50
1748083531,,,/home/btw/Downloads/math/final/20.mp4,50
1748083534,,,/home/btw/Downloads/math/final/20.mp4,50
1748083536,,,/home/btw/Downloads/math/final/22.mp4,50
1748083537,,,/home/btw/Downloads/math/final/20.mp4,50
1748083538,,,/home/btw/Downloads/math/final/20.mp4,50
1748083539,,,/home/btw/Downloads/math/final/20.mp4,50
1748083540,,,/home/btw/Downloads/math/final/20.mp4,50
1748083541,,,/home/btw/Downloads/math/final/20.mp4,50
1748083543,,,/home/btw/Downloads/math/final/20.mp4,50
1748083556,,,/home/btw/Downloads/math/final/20.mp4,50
1748083562,,,/home/btw/Downloads/math/final/22.mp4,50
1748083564,,,/home/btw/Downloads/math/final/23.mp4,50
1748083565,,,/home/btw/Downloads/math/final/22.mp4,50
1748083567,,,/home/btw/Downloads/math/final/23.mp4,50
1748083568,,,/home/btw/Downloads/math/final/22.mp4,50
1748083576,,,/home/btw/Downloads/math/final/20.mp4,50
1748083579,,,/home/btw/Downloads/math/final/22.mp4,50
1748083592,,,/home/btw/Downloads/math/final/23.mp4,50
1748083601,,,/home/btw/Downloads/math/final/22.mp4,50
1748083603,,,/home/btw/Downloads/math/final/20.mp4,50
1748083606,,,/home/btw/Downloads/math/final/22.mp4,50
1748083620,,,/home/btw/Downloads/math/final/20.mp4,50
1748083625,,,/home/btw/Downloads/math/final/22.mp4,50
1748083696,,,/home/btw/yt-dl/MATH116  11.1 & 11.2.mp4,53
1748083899,,,/home/btw/Downloads/math/final/22.mp4,50
1748083978,,,/home/btw/Downloads/math/final/20.mp4,50
1748083980,,,/home/btw/Downloads/math/final/22.mp4,50
1748083981,,,/home/btw/Downloads/math/final/23.mp4,50
1748083997,,,/home/btw/Downloads/math/final/23.mp4,50
1748083997,,,/home/btw/Downloads/math/final/24.mp4,50
1748084024,,,/home/btw/Downloads/math/final/23.mp4,50
1748084025,,,/home/btw/Downloads/math/final/22.mp4,50
1748084026,,,/home/btw/Downloads/math/final/20.mp4,50
1748084030,,,/home/btw/Downloads/math/final/19.mp4,50
1748084030,,,/home/btw/Downloads/math/final/20.mp4,50
1748084031,,,/home/btw/Downloads/math/final/22.mp4,50
1748084037,,,/home/btw/Downloads/math/final/20.mp4,50
1748084288,,,/home/btw/Downloads/math/final/20.mp4,50
1748084298,,,/home/btw/Downloads/math/final/9-11.mp4,52
1748084301,,,/home/btw/Downloads/math/final/12-14.mp4,53
1748084305,,,/home/btw/Downloads/math/final/15-17.mp4,53
1748084307,,,/home/btw/Downloads/math/final/18.mp4,50
1748084308,,,/home/btw/Downloads/math/final/19.mp4,50
1748084349,,,/home/btw/Downloads/math/final/22.mp4,50
1748084363,,,/home/btw/Downloads/math/final/9-11.mp4,52
1748093470,,,/home/btw/Downloads/math/final/9-11.mp4,52
1748093483,,,/home/btw/Downloads/math/final/12-14.mp4,53
1748093485,,,/home/btw/Downloads/math/final/9-11.mp4,52
1748095583,,,/home/btw/-,24
1748101222,,,/home/btw/Downloads/math/final/12-14.mp4,53
1748117311,,,/home/btw/Downloads/math/final/12-14.mp4,53
1748122378,,,/home/btw/Downloads/math/final/15-17.mp4,53
1748127624,,,/home/btw/Downloads/math/final/18.mp4,50
1748148631,,,/home/btw/Downloads/math/final/18.mp4,50
1748149976,,,/home/btw/Downloads/math/final/19.mp4,50
1748501002,,,/home/btw/-,24
1748833664,,,/mnt/8tb/mediarr/media/anime/one outs (2008)/[VOLTZ] One Outs - 01 v2 [20658685].mkv,97
1748841492,,,/mnt/8tb/mediarr/media/anime/one outs (2008)/[VOLTZ] One Outs - 02 [CE1D358F].mkv,94
1748842305,58,Falling | Terror in Resonance / Zankyou no Terror - S01E01,/mnt/8tb/mediarr/torrent/arch/[Arid] Terror in Resonance [Dual-Audio][BDRip 1920x1080 Hi10 FLAC]/[Arid] Terror in Resonance - S01E01 (BDRip 1920x1080 Hi10 FLAC) [4719F17A].mkv,248
1748842674,58,Falling | Terror in Resonance / Zankyou no Terror - S01E01,/mnt/8tb/mediarr/torrent/arch/[Arid] Terror in Resonance [Dual-Audio][BDRip 1920x1080 Hi10 FLAC]/[Arid] Terror in Resonance - S01E01 (BDRip 1920x1080 Hi10 FLAC) [4719F17A].mkv,248
1748869370,66,Call & Response | Terror in Resonance / Zankyou no Terror - S01E02,/mnt/8tb/mediarr/torrent/arch/[Arid] Terror in Resonance [Dual-Audio][BDRip 1920x1080 Hi10 FLAC]/[Arid] Terror in Resonance - S01E02 (BDRip 1920x1080 Hi10 FLAC) [2948987B].mkv,256
1748944764,,,/home/btw/-,24
1749113767,,,/home/btw/-,24
1749121715,,,/home/btw/-,24
1749562335,66,Call & Response | Terror in Resonance / Zankyou no Terror - S01E02,/mnt/8tb/mediarr/torrent/arch/[Arid] Terror in Resonance [Dual-Audio][BDRip 1920x1080 Hi10 FLAC]/[Arid] Terror in Resonance - S01E02 (BDRip 1920x1080 Hi10 FLAC) [2948987B].mkv,256
1749576890,66,Call & Response | Terror in Resonance / Zankyou no Terror - S01E02,/mnt/8tb/mediarr/torrent/arch/[Arid] Terror in Resonance [Dual-Audio][BDRip 1920x1080 Hi10 FLAC]/[Arid] Terror in Resonance - S01E02 (BDRip 1920x1080 Hi10 FLAC) [2948987B].mkv,256
1749576894,67,Search & Destroy | Terror in Resonance / Zankyou no Terror - S01E03,/mnt/8tb/mediarr/torrent/arch/[Arid] Terror in Resonance [Dual-Audio][BDRip 1920x1080 Hi10 FLAC]/[Arid] Terror in Resonance - S01E03 (BDRip 1920x1080 Hi10 FLAC) [3F7264A4].mkv,257
1749598277,64,Break Through | Terror in Resonance / Zankyou no Terror - S01E04,/mnt/8tb/mediarr/torrent/arch/[Arid] Terror in Resonance [Dual-Audio][BDRip 1920x1080 Hi10 FLAC]/[Arid] Terror in Resonance - S01E04 (BDRip 1920x1080 Hi10 FLAC) [3F539C02].mkv,254
1749601272,62,Hide & Seek | Terror in Resonance / Zankyou no Terror - S01E05,/mnt/8tb/mediarr/torrent/arch/[Arid] Terror in Resonance [Dual-Audio][BDRip 1920x1080 Hi10 FLAC]/[Arid] Terror in Resonance - S01E05 (BDRip 1920x1080 Hi10 FLAC) [4B6EB2F6].mkv,252
1749635545,62,Hide & Seek | Terror in Resonance / Zankyou no Terror - S01E05,/mnt/8tb/mediarr/torrent/arch/[Arid] Terror in Resonance [Dual-Audio][BDRip 1920x1080 Hi10 FLAC]/[Arid] Terror in Resonance - S01E05 (BDRip 1920x1080 Hi10 FLAC) [4B6EB2F6].mkv,252
1749635551,63,Ready or Not | Terror in Resonance / Zankyou no Terror - S01E06,/mnt/8tb/mediarr/torrent/arch/[Arid] Terror in Resonance [Dual-Audio][BDRip 1920x1080 Hi10 FLAC]/[Arid] Terror in Resonance - S01E06 (BDRip 1920x1080 Hi10 FLAC) [0FE3E2A2].mkv,253
1749638100,56,Deuce | Terror in Resonance / Zankyou no Terror - S01E07,/mnt/8tb/mediarr/torrent/arch/[Arid] Terror in Resonance [Dual-Audio][BDRip 1920x1080 Hi10 FLAC]/[Arid] Terror in Resonance - S01E07 (BDRip 1920x1080 Hi10 FLAC) [6D0F5ACE].mkv,246
1749646956,63,My Fair Lady | Terror in Resonance / Zankyou no Terror - S01E08,/mnt/8tb/mediarr/torrent/arch/[Arid] Terror in Resonance [Dual-Audio][BDRip 1920x1080 Hi10 FLAC]/[Arid] Terror in Resonance - S01E08 (BDRip 1920x1080 Hi10 FLAC) [36D7C504].mkv,253
1749648338,63,Highs & Lows | Terror in Resonance / Zankyou no Terror - S01E09,/mnt/8tb/mediarr/torrent/arch/[Arid] Terror in Resonance [Dual-Audio][BDRip 1920x1080 Hi10 FLAC]/[Arid] Terror in Resonance - S01E09 (BDRip 1920x1080 Hi10 FLAC) [D501FFD2].mkv,253
1749650807,65,Helter Skelter | Terror in Resonance / Zankyou no Terror - S01E10,/mnt/8tb/mediarr/torrent/arch/[Arid] Terror in Resonance [Dual-Audio][BDRip 1920x1080 Hi10 FLAC]/[Arid] Terror in Resonance - S01E10 (BDRip 1920x1080 Hi10 FLAC) [03F486F5].mkv,255
1749653463,54,VON | Terror in Resonance / Zankyou no Terror - S01E11,/mnt/8tb/mediarr/torrent/arch/[Arid] Terror in Resonance [Dual-Audio][BDRip 1920x1080 Hi10 FLAC]/[Arid] Terror in Resonance - S01E11 (BDRip 1920x1080 Hi10 FLAC) [E1BCD4B3].mkv,244
1749680820,,,/mnt/8tb/mediarr/torrent/arch/[Anime Time] Black Lagoon (Complete Series) (Season 01+02+03+OST) [BD] [Dual Audio] [1080p][HEVC 10bit x265][AAC][Eng Sub]/Season 1/[Anime Time] Black Lagoon  -011 - Lockn Load Revolution.mkv,234
1749680826,,,/mnt/8tb/mediarr/torrent/arch/[Anime Time] Black Lagoon (Complete Series) (Season 01+02+03+OST) [BD] [Dual Audio] [1080p][HEVC 10bit x265][AAC][Eng Sub]/Season 1/[Anime Time] Black Lagoon  -011 - Lockn Load Revolution.mkv,234
1749680845,,,/mnt/8tb/mediarr/torrent/arch/[Anime Time] Black Lagoon (Complete Series) (Season 01+02+03+OST) [BD] [Dual Audio] [1080p][HEVC 10bit x265][AAC][Eng Sub]/Season 1/[Anime Time] Black Lagoon  -011 - Lockn Load Revolution.mkv,234
1749680934,,,/mnt/8tb/mediarr/torrent/arch/[Anime Time] Black Lagoon (Complete Series) (Season 01+02+03+OST) [BD] [Dual Audio] [1080p][HEVC 10bit x265][AAC][Eng Sub]/Season 1/[Anime Time] Black Lagoon  -011 - Lockn Load Revolution.mkv,234
1749681007,,,/mnt/8tb/mediarr/torrent/arch/[Anime Time] Black Lagoon (Complete Series) (Season 01+02+03+OST) [BD] [Dual Audio] [1080p][HEVC 10bit x265][AAC][Eng Sub]/Season 1/[Anime Time] Black Lagoon  -011 - Lockn Load Revolution.mkv,234
1749681034,,,/mnt/8tb/mediarr/torrent/arch/[Anime Time] Black Lagoon (Complete Series) (Season 01+02+03+OST) [BD] [Dual Audio] [1080p][HEVC 10bit x265][AAC][Eng Sub]/Season 1/[Anime Time] Black Lagoon  -011 - Lockn Load Revolution.mkv,234
1749681064,,,/mnt/8tb/mediarr/torrent/arch/[Anime Time] Black Lagoon (Complete Series) (Season 01+02+03+OST) [BD] [Dual Audio] [1080p][HEVC 10bit x265][AAC][Eng Sub]/Season 1/[Anime Time] Black Lagoon  -011 - Lockn Load Revolution.mkv,234
1749681066,,,/mnt/8tb/mediarr/torrent/arch/[Anime Time] Black Lagoon (Complete Series) (Season 01+02+03+OST) [BD] [Dual Audio] [1080p][HEVC 10bit x265][AAC][Eng Sub]/Season 1/[Anime Time] Black Lagoon - 012 - Guerrillas In The Jungle.mkv,237
1749681067,,,/mnt/8tb/mediarr/torrent/arch/[Anime Time] Black Lagoon (Complete Series) (Season 01+02+03+OST) [BD] [Dual Audio] [1080p][HEVC 10bit x265][AAC][Eng Sub]/Season 1/[Anime Time] Black Lagoon  -011 - Lockn Load Revolution.mkv,234
1749681068,,,/mnt/8tb/mediarr/torrent/arch/[Anime Time] Black Lagoon (Complete Series) (Season 01+02+03+OST) [BD] [Dual Audio] [1080p][HEVC 10bit x265][AAC][Eng Sub]/Season 1/[Anime Time] Black Lagoon - 010 - The Unstoppable Chambermaid.mkv,240
1749681068,,,/mnt/8tb/mediarr/torrent/arch/[Anime Time] Black Lagoon (Complete Series) (Season 01+02+03+OST) [BD] [Dual Audio] [1080p][HEVC 10bit x265][AAC][Eng Sub]/Season 1/[Anime Time] Black Lagoon - 009 - Maid To Kill.mkv,225
1749681068,,,/mnt/8tb/mediarr/torrent/arch/[Anime Time] Black Lagoon (Complete Series) (Season 01+02+03+OST) [BD] [Dual Audio] [1080p][HEVC 10bit x265][AAC][Eng Sub]/Season 1/[Anime Time] Black Lagoon - 008 - Rasta Blasta.mkv,225
1749681068,,,/mnt/8tb/mediarr/torrent/arch/[Anime Time] Black Lagoon (Complete Series) (Season 01+02+03+OST) [BD] [Dual Audio] [1080p][HEVC 10bit x265][AAC][Eng Sub]/Season 1/[Anime Time] Black Lagoon - 007 - Calm Down Two Men.mkv,230
1749681069,,,/mnt/8tb/mediarr/torrent/arch/[Anime Time] Black Lagoon (Complete Series) (Season 01+02+03+OST) [BD] [Dual Audio] [1080p][HEVC 10bit x265][AAC][Eng Sub]/Season 1/[Anime Time] Black Lagoon - 006 - Moonlit Hunting Grounds.mkv,236
1749681069,,,/mnt/8tb/mediarr/torrent/arch/[Anime Time] Black Lagoon (Complete Series) (Season 01+02+03+OST) [BD] [Dual Audio] [1080p][HEVC 10bit x265][AAC][Eng Sub]/Season 1/[Anime Time] Black Lagoon - 005 - Eagle Hunting And Hunting Eagles.mkv,245
1749681069,,,/mnt/8tb/mediarr/torrent/arch/[Anime Time] Black Lagoon (Complete Series) (Season 01+02+03+OST) [BD] [Dual Audio] [1080p][HEVC 10bit x265][AAC][Eng Sub]/Season 1/[Anime Time] Black Lagoon - 004 - Die Ruckkehr Des Adlers.mkv,236
1749681069,,,/mnt/8tb/mediarr/torrent/arch/[Anime Time] Black Lagoon (Complete Series) (Season 01+02+03+OST) [BD] [Dual Audio] [1080p][HEVC 10bit x265][AAC][Eng Sub]/Season 1/[Anime Time] Black Lagoon - 003 - Ring-Ding Ship Chase.mkv,233
1749681069,,,/mnt/8tb/mediarr/torrent/arch/[Anime Time] Black Lagoon (Complete Series) (Season 01+02+03+OST) [BD] [Dual Audio] [1080p][HEVC 10bit x265][AAC][Eng Sub]/Season 1/[Anime Time] Black Lagoon - 002 - Mangrove Heaven.mkv,228
1749681070,,,/mnt/8tb/mediarr/torrent/arch/[Anime Time] Black Lagoon (Complete Series) (Season 01+02+03+OST) [BD] [Dual Audio] [1080p][HEVC 10bit x265][AAC][Eng Sub]/Season 1/[Anime Time] Black Lagoon - 001 - The Black Lagoon.mkv,229
1749681083,,,/mnt/8tb/mediarr/torrent/arch/[Anime Time] Black Lagoon (Complete Series) (Season 01+02+03+OST) [BD] [Dual Audio] [1080p][HEVC 10bit x265][AAC][Eng Sub]/Season 1/[Anime Time] Black Lagoon - 001 - The Black Lagoon.mkv,229
1749681267,,,/mnt/8tb/mediarr/torrent/arch/[Anime Time] Black Lagoon (Complete Series) (Season 01+02+03+OST) [BD] [Dual Audio] [1080p][HEVC 10bit x265][AAC][Eng Sub]/Season 1/[Anime Time] Black Lagoon - 001 - The Black Lagoon.mkv,229
1749796124,,,/mnt/8tb/mediarr/torrent/arch/[Anime Time] Black Lagoon (Complete Series) (Season 01+02+03+OST) [BD] [Dual Audio] [1080p][HEVC 10bit x265][AAC][Eng Sub]/Season 1/[Anime Time] Black Lagoon - 001 - The Black Lagoon.mkv,229
1749797702,,,/mnt/8tb/mediarr/torrent/arch/[Anime Time] Black Lagoon (Complete Series) (Season 01+02+03+OST) [BD] [Dual Audio] [1080p][HEVC 10bit x265][AAC][Eng Sub]/Season 1/[Anime Time] Black Lagoon - 002 - Mangrove Heaven.mkv,228
1749799381,,,/mnt/8tb/mediarr/torrent/arch/[Anime Time] Black Lagoon (Complete Series) (Season 01+02+03+OST) [BD] [Dual Audio] [1080p][HEVC 10bit x265][AAC][Eng Sub]/Season 1/[Anime Time] Black Lagoon - 003 - Ring-Ding Ship Chase.mkv,233
1750182576,,,/mnt/8tb/mediarr/torrent/arch/[Anime Time] Black Lagoon (Complete Series) (Season 01+02+03+OST) [BD] [Dual Audio] [1080p][HEVC 10bit x265][AAC][Eng Sub]/Season 1/[Anime Time] Black Lagoon - 003 - Ring-Ding Ship Chase.mkv,233
1750182663,,,/mnt/8tb/mediarr/torrent/arch/[Anime Time] Black Lagoon (Complete Series) (Season 01+02+03+OST) [BD] [Dual Audio] [1080p][HEVC 10bit x265][AAC][Eng Sub]/Season 1/[Anime Time] Black Lagoon - 004 - Die Ruckkehr Des Adlers.mkv,236
1750567645,,,/home/btw/-,24
1750598788,,,/mnt/nvme/media/mp4/شاهي (3)_vid846.mp4,56
1750681714,,,https://video.twimg.com/dm_video/1936955549158895616/pl/mp4a/128000/hhV4pkqP0kZVuSKBcCCpSZvC-rl5yQjagwvHh6PSDsc.m3u8,129
1751373748,,,/home/btw/Downloads/VideosFolder-1925793821469671701-video1.mp4,76
1751373751,,,/mnt/nvme/media/mp4/your son.mp4,45
1751373753,,,/mnt/nvme/media/mp4/rust جداوي.mp4,52
1751373757,,,/home/btw/Downloads/LocalBateman-1932483145686974889-video1.mp4,76
1751373760,,,/mnt/nvme/media/mp4/شاومي.mp4,47
1751373765,,,/home/btw/Downloads/LocalBateman-1929402848808497448-video1.mp4,76
1751373767,,,/home/btw/Downloads/VideosFolder-1918697061194600481-video1.mp4,76
1751373770,,,/home/btw/Downloads/maaaaz21-1927007533098528861-video1.mp4,72
1751386438,,,/mnt/8tb/mediarr/torrent/arch/[Anime Time] Black Lagoon (Complete Series) (Season 01+02+03+OST) [BD] [Dual Audio] [1080p][HEVC 10bit x265][AAC][Eng Sub]/Season 1/[Anime Time] Black Lagoon - 004 - Die Ruckkehr Des Adlers.mkv,236
1751387387,,,/home/btw/Downloads/presentation-20001-60fps.mp4,61
1751448031,,,/mnt/8tb/mediarr/torrent/arch/Capturing.The.Friedmans.2003.1080p.WEB.H264-CBFM/capturing.the.friedmans.2003.1080p.web.h264-cbfm.mkv,144
1751575493,,,/home/btw/-,24
1751625754,,,/mnt/8tb/mediarr/torrent/arch/Capturing.The.Friedmans.2003.1080p.WEB.H264-CBFM/capturing.the.friedmans.2003.1080p.web.h264-cbfm.mkv,144
1751626378,,,/mnt/8tb/mediarr/torrent/arch/Capturing.The.Friedmans.2003.1080p.WEB.H264-CBFM/capturing.the.friedmans.2003.1080p.web.h264-cbfm.mkv,144
1751626414,,,/mnt/8tb/mediarr/torrent/arch/Capturing.The.Friedmans.2003.1080p.WEB.H264-CBFM/capturing.the.friedmans.2003.1080p.web.h264-cbfm.mkv,144
1751646392,,,/mnt/8tb/mediarr/torrent/arch/Capturing.The.Friedmans.2003.1080p.WEB.H264-CBFM/capturing.the.friedmans.2003.1080p.web.h264-cbfm.mkv,144
1751752388,5,POWER,/mnt/8tb/mediarr/torrent/arch/Hobal.2024.2160p.SHAHID.WEB-DL.AAC2.0.H.265-POWER.mkv,102
1751759687,13,Primer (2004),/mnt/8tb/mediarr/torrent/arch/Primer.2004.BluRay.1080p.FLAC.2.0.AVC.REMUX-FraMeSToR.mkv,115
1752015950,,,/mnt/nvme/media/mp4/مورينهو (3).mp4,55
1752015957,,,/mnt/nvme/media/mp4/مورينهو (2).mp4,55
1752015970,,,/mnt/nvme/media/mp4/مورينهو (3).mp4,55
1752065621,,,/mnt/nvme/media/mp4/Snaptik_7157869131847568682_cnkr.mp4,69
1752065629,,,/mnt/nvme/media/mp4/Snaptik.app_7309302869533003051.mp4,68
1752065636,,,/mnt/nvme/media/mp4/Snaptik.app_7316006772605472001.mp4,68
1752065654,,,/mnt/nvme/media/mp4/Snaptik.app_7079547156062915846_processed.mp4,78
1752065667,,,/mnt/nvme/media/mp4/Snaptik.app_7083850959004142850 (1).mp4,72
1752343447,,,/mnt/nvme/media/mp4/وش دخلك_processed.mp4,60
1752343452,,,/mnt/nvme/media/mp4/وش ذا.mp4,46
1752360779,,,/home/btw/Videos/obs/2025-07-13-01-52-36.mkv,57
1752360785,,,/home/btw/Videos/obs/2025-07-13-01-52-36.mp4,57
1752370997,,,/mnt/nvme/media/mp4/جراح الهبيدة يمشي (online-video-cutter.com) (3).mp4,99
1752371008,,,/mnt/nvme/media/mp4/جراح الهبيدة يمشي.mp4,69
1752371044,,,/mnt/nvme/media/mp4/جراح الهبيدة يمشي (online-video-cutter.com) (3).mp4,99
1752371044,,,/mnt/nvme/media/mp4/جراح الهبيدة يمشي.mp4,69
1752371050,,,/mnt/nvme/media/mp4/جراح does anyone يمشي.mp4,66
1752587259,21,Rick.and.Morty.S08E01,/mnt/8tb/mediarr/torrent/arch/Rick.and.Morty.S08E01.1080p.x265-ELiTE/Rick.and.Morty.S08E01.1080p.x265-ELiTE.mkv,147
1752588594,,,/mnt/8tb/mediarr/torrent/arch/Rick.and.Morty.S08E01.1080p.x265-ELiTE/Screens/Rick.and.Morty.S08E01.1080p.x265-ELiTE.Screen0001.png,143
1752588599,,,/mnt/8tb/mediarr/torrent/arch/Rick.and.Morty.S08E01.1080p.x265-ELiTE/Screens/Rick.and.Morty.S08E01.1080p.x265-ELiTE.Screen0002.png,143
1752588599,,,/mnt/8tb/mediarr/torrent/arch/Rick.and.Morty.S08E01.1080p.x265-ELiTE/Screens/Rick.and.Morty.S08E01.1080p.x265-ELiTE.Screen0003.png,143
1752588601,,,/mnt/8tb/mediarr/torrent/arch/Rick.and.Morty.S08E01.1080p.x265-ELiTE/Screens/Rick.and.Morty.S08E01.1080p.x265-ELiTE.Screen0004.png,143
1752588601,21,Rick.and.Morty.S08E02,/mnt/8tb/mediarr/torrent/arch/Rick.and.Morty.S08E02.1080p.x265-ELiTE/Rick.and.Morty.S08E02.1080p.x265-ELiTE.mkv,147
1752589835,,,/mnt/8tb/mediarr/torrent/arch/Rick.and.Morty.S08E02.1080p.x265-ELiTE/Screens/Rick.and.Morty.S08E02.1080p.x265-ELiTE.Screen0001.png,143
1752589835,,,/mnt/8tb/mediarr/torrent/arch/Rick.and.Morty.S08E02.1080p.x265-ELiTE/Screens/Rick.and.Morty.S08E02.1080p.x265-ELiTE.Screen0002.png,143
1752589836,,,/mnt/8tb/mediarr/torrent/arch/Rick.and.Morty.S08E02.1080p.x265-ELiTE/Screens/Rick.and.Morty.S08E02.1080p.x265-ELiTE.Screen0003.png,143
1752589836,,,/mnt/8tb/mediarr/torrent/arch/Rick.and.Morty.S08E02.1080p.x265-ELiTE/Screens/Rick.and.Morty.S08E02.1080p.x265-ELiTE.Screen0004.png,143
1752589837,21,Rick.and.Morty.S08E03,/mnt/8tb/mediarr/torrent/arch/Rick.and.Morty.S08E03.1080p.x265-ELiTE/Rick.and.Morty.S08E03.1080p.x265-ELiTE.mkv,147
1752591660,,,/mnt/8tb/mediarr/torrent/arch/Rick.and.Morty.S08E03.1080p.x265-ELiTE/Screens/Rick.and.Morty.S08E03.1080p.x265-ELiTE.Screen0001.png,143
1752591661,,,/mnt/8tb/mediarr/torrent/arch/Rick.and.Morty.S08E03.1080p.x265-ELiTE/Screens/Rick.and.Morty.S08E03.1080p.x265-ELiTE.Screen0002.png,143
1752591661,,,/mnt/8tb/mediarr/torrent/arch/Rick.and.Morty.S08E03.1080p.x265-ELiTE/Screens/Rick.and.Morty.S08E03.1080p.x265-ELiTE.Screen0003.png,143
1752591661,,,/mnt/8tb/mediarr/torrent/arch/Rick.and.Morty.S08E03.1080p.x265-ELiTE/Screens/Rick.and.Morty.S08E03.1080p.x265-ELiTE.Screen0004.png,143
1752591662,21,Rick.and.Morty.S08E04,/mnt/8tb/mediarr/torrent/arch/Rick.and.Morty.S08E04.1080p.x265-ELiTE/Rick.and.Morty.S08E04.1080p.x265-ELiTE.mkv,147
1752591663,,,/mnt/8tb/mediarr/torrent/arch/Rick.and.Morty.S08E04.1080p.x265-ELiTE/Screens/Rick.and.Morty.S08E04.1080p.x265-ELiTE.Screen0001.png,143
1752591668,,,/mnt/8tb/mediarr/torrent/arch/Rick.and.Morty.S08E04.1080p.x265-ELiTE/Screens/Rick.and.Morty.S08E04.1080p.x265-ELiTE.Screen0002.png,143
1752591670,,,/mnt/8tb/mediarr/torrent/arch/Rick.and.Morty.S08E04.1080p.x265-ELiTE/Screens/Rick.and.Morty.S08E04.1080p.x265-ELiTE.Screen0001.png,143
1752591671,21,Rick.and.Morty.S08E04,/mnt/8tb/mediarr/torrent/arch/Rick.and.Morty.S08E04.1080p.x265-ELiTE/Rick.and.Morty.S08E04.1080p.x265-ELiTE.mkv,147
1752593124,,,/mnt/8tb/mediarr/torrent/arch/Rick.and.Morty.S08E04.1080p.x265-ELiTE/Screens/Rick.and.Morty.S08E04.1080p.x265-ELiTE.Screen0001.png,143
1752593125,,,/mnt/8tb/mediarr/torrent/arch/Rick.and.Morty.S08E04.1080p.x265-ELiTE/Screens/Rick.and.Morty.S08E04.1080p.x265-ELiTE.Screen0002.png,143
1752593126,,,/mnt/8tb/mediarr/torrent/arch/Rick.and.Morty.S08E04.1080p.x265-ELiTE/Screens/Rick.and.Morty.S08E04.1080p.x265-ELiTE.Screen0003.png,143
1752593126,,,/mnt/8tb/mediarr/torrent/arch/Rick.and.Morty.S08E04.1080p.x265-ELiTE/Screens/Rick.and.Morty.S08E04.1080p.x265-ELiTE.Screen0004.png,143
1752593127,21,Rick.and.Morty.S08E05,/mnt/8tb/mediarr/torrent/arch/Rick.and.Morty.S08E05.1080p.x265-ELiTE/Rick.and.Morty.S08E05.1080p.x265-ELiTE.mkv,147
1752595468,,,/mnt/nvme/media/mp4/زقمبي كيوت 🫡#shorts #السعودية.mp4,86
1752677656,21,Rick.and.Morty.S08E05,/mnt/8tb/mediarr/torrent/arch/Rick.and.Morty.S08E05.1080p.x265-ELiTE/Rick.and.Morty.S08E05.1080p.x265-ELiTE.mkv,147
1752677955,,,/mnt/8tb/mediarr/torrent/arch/Rick.and.Morty.S08E05.1080p.x265-ELiTE/Screens/Rick.and.Morty.S08E05.1080p.x265-ELiTE.Screen0001.png,143
1752677956,,,/mnt/8tb/mediarr/torrent/arch/Rick.and.Morty.S08E05.1080p.x265-ELiTE/Screens/Rick.and.Morty.S08E05.1080p.x265-ELiTE.Screen0002.png,143
1752677956,,,/mnt/8tb/mediarr/torrent/arch/Rick.and.Morty.S08E05.1080p.x265-ELiTE/Screens/Rick.and.Morty.S08E05.1080p.x265-ELiTE.Screen0003.png,143
1752677957,,,/mnt/8tb/mediarr/torrent/arch/Rick.and.Morty.S08E05.1080p.x265-ELiTE/Screens/Rick.and.Morty.S08E05.1080p.x265-ELiTE.Screen0004.png,143
1752677958,21,Rick.and.Morty.S08E06,/mnt/8tb/mediarr/torrent/arch/Rick.and.Morty.S08E06.1080p.x265-ELiTE/Rick.and.Morty.S08E06.1080p.x265-ELiTE.mkv,147
1752753538,5,Games,/home/btw/testt/aac/06 - Games.m4a,53
1752753556,12,Machu Picchu,/home/btw/testt/opus/01 - Machu Picchu.opus,70
1752753574,23,Under Cover of Darkness,/home/btw/testt/opus/02 - Under Cover of Darkness.opus,92
1752753602,23,Under Cover of Darkness,/home/btw/testt/The Strokes - 2011 - Angles [24-96 Vinyl]/02 - Under Cover of Darkness.flac,129
1752836854,40,I Turned an Old TV into an Epic Aquarium,https://youtu.be/qNGOxR7eTdE?t=634,89
1753009527,21,Rick.and.Morty.S08E06,/mnt/8tb/mediarr/torrent/arch/Rick.and.Morty.S08E06.1080p.x265-ELiTE/Rick.and.Morty.S08E06.1080p.x265-ELiTE.mkv,147
1753009535,,,/mnt/8tb/mediarr/torrent/arch/Rick.and.Morty.S08E06.1080p.x265-ELiTE/Screens/Rick.and.Morty.S08E06.1080p.x265-ELiTE.Screen0001.png,143
1753009541,,,/mnt/8tb/mediarr/torrent/arch/Rick.and.Morty.S08E06.1080p.x265-ELiTE/Screens/Rick.and.Morty.S08E06.1080p.x265-ELiTE.Screen0002.png,143
1753009546,,,/mnt/8tb/mediarr/torrent/arch/Rick.and.Morty.S08E06.1080p.x265-ELiTE/Screens/Rick.and.Morty.S08E06.1080p.x265-ELiTE.Screen0003.png,143
1753009547,,,/mnt/8tb/mediarr/torrent/arch/Rick.and.Morty.S08E06.1080p.x265-ELiTE/Screens/Rick.and.Morty.S08E06.1080p.x265-ELiTE.Screen0004.png,143
1753009547,21,Rick.and.Morty.S08E07,/mnt/8tb/mediarr/torrent/arch/Rick.and.Morty.S08E07.1080p.x265-ELiTE/Rick.and.Morty.S08E07.1080p.x265-ELiTE.mkv,147
1753017069,21,Rick.and.Morty.S08E07,/mnt/8tb/mediarr/torrent/arch/Rick.and.Morty.S08E07.1080p.x265-ELiTE/Rick.and.Morty.S08E07.1080p.x265-ELiTE.mkv,147
1753017212,,,/mnt/8tb/mediarr/torrent/arch/Rick.and.Morty.S08E07.1080p.x265-ELiTE/Screens/Rick.and.Morty.S08E07.1080p.x265-ELiTE.Screen0001.png,143
1753017213,,,/mnt/8tb/mediarr/torrent/arch/Rick.and.Morty.S08E07.1080p.x265-ELiTE/Screens/Rick.and.Morty.S08E07.1080p.x265-ELiTE.Screen0002.png,143
1753017214,,,/mnt/8tb/mediarr/torrent/arch/Rick.and.Morty.S08E07.1080p.x265-ELiTE/Screens/Rick.and.Morty.S08E07.1080p.x265-ELiTE.Screen0001.png,143
1753017217,,,/mnt/8tb/mediarr/torrent/arch/Rick.and.Morty.S08E07.1080p.x265-ELiTE/Screens/Rick.and.Morty.S08E07.1080p.x265-ELiTE.Screen0002.png,143
1753017217,,,/mnt/8tb/mediarr/torrent/arch/Rick.and.Morty.S08E07.1080p.x265-ELiTE/Screens/Rick.and.Morty.S08E07.1080p.x265-ELiTE.Screen0003.png,143
1753017218,,,/mnt/8tb/mediarr/torrent/arch/Rick.and.Morty.S08E07.1080p.x265-ELiTE/Screens/Rick.and.Morty.S08E07.1080p.x265-ELiTE.Screen0004.png,143
1753017219,21,Rick.and.Morty.S08E08,/mnt/8tb/mediarr/torrent/arch/Rick.and.Morty.S08E08.1080p.x265-ELiTE/Rick.and.Morty.S08E08.1080p.x265-ELiTE.mkv,147
1753041184,60,القصة الكاملة لقضية جيفري إبستين,https://api.hosting.thmanyah.com/episodeAudioFile/6225/file.mp3,138
1753042203,127,Gaming on Linux | مشروع أسطوري لإحياء هذه التحفة وبأعلى جودة – أصلي على لينكس,https://www.youtube.com/watch?v=EBt7gWU6Cdw,186
1753043367,21,Rick.and.Morty.S08E08,/mnt/8tb/mediarr/torrent/arch/Rick.and.Morty.S08E08.1080p.x265-ELiTE/Rick.and.Morty.S08E08.1080p.x265-ELiTE.mkv,147
1753043368,,,/mnt/8tb/mediarr/torrent/arch/Rick.and.Morty.S08E08.1080p.x265-ELiTE/Screens/Rick.and.Morty.S08E08.1080p.x265-ELiTE.Screen0001.png,143
1753043369,,,/mnt/8tb/mediarr/torrent/arch/Rick.and.Morty.S08E08.1080p.x265-ELiTE/Screens/Rick.and.Morty.S08E08.1080p.x265-ELiTE.Screen0002.png,143
1753043370,,,/mnt/8tb/mediarr/torrent/arch/Rick.and.Morty.S08E08.1080p.x265-ELiTE/Screens/Rick.and.Morty.S08E08.1080p.x265-ELiTE.Screen0003.png,143
1753043370,,,/mnt/8tb/mediarr/torrent/arch/Rick.and.Morty.S08E08.1080p.x265-ELiTE/Screens/Rick.and.Morty.S08E08.1080p.x265-ELiTE.Screen0004.png,143
1753045925,,,https://cdn.shashavod.com/CMAF/543552756637615/1752155806402/USA01_270.cmfv,88
1753046034,,,https://cdn.shashavod.com/CMAF/543552756637615/1752155806402/USA01_720.cmfv,88
1753089457,21,Rick.and.Morty.S08E01,/mnt/8tb/mediarr/torrent/arch/Rick.and.Morty.S08E01.1080p.x265-ELiTE/Rick.and.Morty.S08E01.1080p.x265-ELiTE.mkv,147
1753089512,21,Rick.and.Morty.S08E01,/mnt/8tb/mediarr/torrent/arch/Rick.and.Morty.S08E01.1080p.x265-ELiTE/Rick.and.Morty.S08E01.1080p.x265-ELiTE.mkv,147
1753089541,21,Rick.and.Morty.S08E09,/mnt/8tb/mediarr/torrent/arch/Rick.and.Morty.S08E09.1080p.x265-ELiTE/Rick.and.Morty.S08E09.1080p.x265-ELiTE.mkv,147
1753270477,,,/mnt/nvme/media/mp4/صدمة ناني.mp4,54
1753270495,,,/mnt/nvme/media/mp4/what the.mp4,45
1753722856,,,/mnt/nvme/media/mp4/chad.mp4,41
1753722872,,,/mnt/nvme/media/mp4/chad0001-0227.mp4,50
1753873798,,,/mnt/nvme/media/mp4/يكتب.mp4,45
1753876883,21,Rick.and.Morty.S08E09,/mnt/8tb/mediarr/torrent/arch/Rick.and.Morty.S08E09.1080p.x265-ELiTE/Rick.and.Morty.S08E09.1080p.x265-ELiTE.mkv,147
1753876887,21,Rick.and.Morty.S08E08,/mnt/8tb/mediarr/torrent/arch/Rick.and.Morty.S08E08.1080p.x265-ELiTE/Rick.and.Morty.S08E08.1080p.x265-ELiTE.mkv,147
1753876888,21,Rick.and.Morty.S08E09,/mnt/8tb/mediarr/torrent/arch/Rick.and.Morty.S08E09.1080p.x265-ELiTE/Rick.and.Morty.S08E09.1080p.x265-ELiTE.mkv,147
1753876890,21,Rick.and.Morty.S08E08,/mnt/8tb/mediarr/torrent/arch/Rick.and.Morty.S08E08.1080p.x265-ELiTE/Rick.and.Morty.S08E08.1080p.x265-ELiTE.mkv,147
1753876891,21,Rick.and.Morty.S08E09,/mnt/8tb/mediarr/torrent/arch/Rick.and.Morty.S08E09.1080p.x265-ELiTE/Rick.and.Morty.S08E09.1080p.x265-ELiTE.mkv,147
1753876897,21,Rick.and.Morty.S08E09,/mnt/8tb/mediarr/torrent/arch/Rick.and.Morty.S08E09.1080p.x265-ELiTE/Rick.and.Morty.S08E09.1080p.x265-ELiTE.mkv,147
1753876898,21,Rick.and.Morty.S08E10,/mnt/8tb/mediarr/torrent/arch/Rick.and.Morty.S08E10.1080p.x265-ELiTE/Rick.and.Morty.S08E10.1080p.x265-ELiTE.mkv,147
1753876903,21,Rick.and.Morty.S08E09,/mnt/8tb/mediarr/torrent/arch/Rick.and.Morty.S08E09.1080p.x265-ELiTE/Rick.and.Morty.S08E09.1080p.x265-ELiTE.mkv,147
1753876904,21,Rick.and.Morty.S08E10,/mnt/8tb/mediarr/torrent/arch/Rick.and.Morty.S08E10.1080p.x265-ELiTE/Rick.and.Morty.S08E10.1080p.x265-ELiTE.mkv,147
1753876905,21,Rick.and.Morty.S08E09,/mnt/8tb/mediarr/torrent/arch/Rick.and.Morty.S08E09.1080p.x265-ELiTE/Rick.and.Morty.S08E09.1080p.x265-ELiTE.mkv,147
1753876905,21,Rick.and.Morty.S08E10,/mnt/8tb/mediarr/torrent/arch/Rick.and.Morty.S08E10.1080p.x265-ELiTE/Rick.and.Morty.S08E10.1080p.x265-ELiTE.mkv,147
1754269080,46,Serbuan Maut a.k.a The Raid: Redemption (2011),/mnt/8tb/mediarr/torrent/arch/Serbuan Maut a.k.a The Raid Redemption 2011 2160p UHD Blu-ray Remux DoVi HDR HEVC TrueHD 7.1 Atmos.mkv,193
1754269081,46,Serbuan Maut a.k.a The Raid: Redemption (2011),/mnt/8tb/mediarr/torrent/arch/Serbuan Maut a.k.a The Raid Redemption 2011 2160p UHD Blu-ray Remux DoVi HDR HEVC TrueHD 7.1 Atmos.mkv,193
1754344660,49,لماذا اعترفت فرنسا بفلسطين,https://api.hosting.thmanyah.com/episodeAudioFile/6286/file.mp3,127
1755306328,,,/home/btw/Videos/obs/2025-07-13-01-56-20.mkv,57
1755318276,,,/home/btw/Videos/obs/2025-07-13-01-56-20.mkv,57
1755318294,,,/home/btw/Downloads/LocalBateman-1929402848808497448-video1.mp4,76
1755318309,,,/home/btw/Downloads/LocalBateman-1929402848808497448-video1.mp4,76
1755318316,,,/home/btw/Downloads/LocalBateman-1929402848808497448-video1.mp4,76
1755318319,,,/home/btw/Downloads/LocalBateman-1929402848808497448-video1.mp4,76
1755319357,,,/home/btw/Downloads/LocalBateman-1929402848808497448-video1.mp4,76
1755319389,48,Manhunt.Unabomber.S01E01.1080p.BluRay.x265-RARBG,/mnt/8tb/mediarr/media/tv/Manhunt (2017)/Season 1/Manhunt (2017) - S01E01 - UNABOM [Bluray-1080p][AAC 5.1][x265]-RARBG.mp4,185
1755327458,48,Manhunt.Unabomber.S01E01.1080p.BluRay.x265-RARBG,/mnt/8tb/mediarr/media/tv/Manhunt (2017)/Season 1/Manhunt (2017) - S01E01 - UNABOM [Bluray-1080p][AAC 5.1][x265]-RARBG.mp4,185
1755327459,48,Manhunt.Unabomber.S01E02.1080p.BluRay.x265-RARBG,/mnt/8tb/mediarr/media/tv/Manhunt (2017)/Season 1/Manhunt (2017) - S01E02 - Pure Wudder [Bluray-1080p][AAC 5.1][x265]-RARBG.mp4,190
1755380095,48,Manhunt.Unabomber.S01E02.1080p.BluRay.x265-RARBG,/mnt/8tb/mediarr/media/tv/Manhunt (2017)/Season 1/Manhunt (2017) - S01E02 - Pure Wudder [Bluray-1080p][AAC 5.1][x265]-RARBG.mp4,190
1755380096,48,Manhunt.Unabomber.S01E03.1080p.BluRay.x265-RARBG,/mnt/8tb/mediarr/media/tv/Manhunt (2017)/Season 1/Manhunt (2017) - S01E03 - Fruit of the Poisonous Tree [Bluray-1080p][AAC 5.1][x265]-RARBG.mp4,206
1755465118,48,Manhunt.Unabomber.S01E03.1080p.BluRay.x265-RARBG,/mnt/8tb/mediarr/media/tv/Manhunt (2017)/Season 1/Manhunt (2017) - S01E03 - Fruit of the Poisonous Tree [Bluray-1080p][AAC 5.1][x265]-RARBG.mp4,206
1755465119,48,Manhunt.Unabomber.S01E04.1080p.BluRay.x265-RARBG,/mnt/8tb/mediarr/media/tv/Manhunt (2017)/Season 1/Manhunt (2017) - S01E04 - Publish or Perish [Bluray-1080p][AAC 5.1][x265]-RARBG.mp4,196
1755465120,48,Manhunt.Unabomber.S01E05.1080p.BluRay.x265-RARBG,/mnt/8tb/mediarr/media/tv/Manhunt (2017)/Season 1/Manhunt (2017) - S01E05 - Abri [Bluray-1080p][AAC 5.1][x265]-RARBG.mp4,183
1755465120,48,Manhunt.Unabomber.S01E06.1080p.BluRay.x265-RARBG,/mnt/8tb/mediarr/media/tv/Manhunt (2017)/Season 1/Manhunt (2017) - S01E06 - Ted [Bluray-1080p][AAC 5.1][x265]-RARBG.mp4,182
1755465120,48,Manhunt.Unabomber.S01E07.1080p.BluRay.x265-RARBG,/mnt/8tb/mediarr/media/tv/Manhunt (2017)/Season 1/Manhunt (2017) - S01E07 - Lincoln [Bluray-1080p][AAC 5.1][x265]-RARBG.mp4,186
1755465138,48,Manhunt.Unabomber.S01E08.1080p.BluRay.x265-RARBG,/mnt/8tb/mediarr/media/tv/Manhunt (2017)/Season 1/Manhunt (2017) - S01E08 - USA vs Theodore J. Kaczynski [Bluray-1080p][AAC 5.1][x265]-RARBG.mp4,207
1755467619,,,/mnt/8tb/mediarr/media/tv/Manhunt (2017)/Season 2/Manhunt (2017) - S02E01 - Centbom [WEBRip-1080p][EAC3 5.1][x265].mkv,131
1755710135,,,/mnt/8tb/mediarr/torrent/arch/[ASW] Dandadan - 13 [1080p HEVC][9417038A].mkv,89
1755734624,,,/mnt/8tb/mediarr/torrent/arch/RevolutionOS-2001/Revolution OS (2001).mkv,85
1755734717,,,/mnt/8tb/mediarr/torrent/arch/RevolutionOS-2001/Revolution OS (2001).mp4,85
1755734884,,,/mnt/8tb/mediarr/torrent/arch/RevolutionOS-2001/Revolution OS (2001).mkv,85
1755783201,,,/mnt/8tb/mediarr/torrent/arch/[ASW] Dandadan - 13 [1080p HEVC][9417038A].mkv,89
1755783203,,,/mnt/8tb/mediarr/torrent/arch/[ASW] Dandadan - 14 [1080p HEVC][ACB8EF78].mkv,89
1755784663,,,/mnt/8tb/mediarr/torrent/arch/[ASW] Dandadan - 15 [1080p HEVC][A1A2497C].mkv,89
1755785939,,,/mnt/8tb/mediarr/torrent/arch/[ASW] Dandadan - 16 [1080p HEVC][0D7482AB].mkv,89
1755798411,,,/mnt/8tb/mediarr/torrent/arch/[ASW] Dandadan - 17 [1080p HEVC][9263DB93].mkv,89
1755800184,,,/mnt/8tb/mediarr/torrent/arch/[ASW] Dandadan - 18 [1080p HEVC][0B9ED491].mkv,89
1755811270,,,/mnt/8tb/mediarr/torrent/arch/[ASW] Dandadan - 19 [1080p HEVC][E705D225].mkv,89
1755878730,,,/mnt/nvme/media/mp4/redditsave.com__-uc3fu47oiju81.mp4,67
1755878765,,,/mnt/nvme/media/mp4/peettywap-1592199994031108096-20221114_195714-vid1 (online-video-cutter.com).mp4,113
1755878802,,,/mnt/nvme/media/mp4/mf doom.mp4,44
1755878841,,,/mnt/nvme/media/mp4/iNWF91-1574713308501917698-20220927_135124-vid1.mp4,84
1755878859,,,/mnt/nvme/media/mp4/iOnlyBvz-1529172568489578498-20220524_214845-vid1.mp4,86
1755962017,,,/mnt/8tb/mediarr/torrent/arch/[ASW] Dandadan - 19 [1080p HEVC][E705D225].mkv,89
1755962019,,,/mnt/8tb/mediarr/torrent/arch/[ASW] Dandadan - 20 [1080p HEVC][589D53BF].mkv,89
1756111832,,,/mnt/8tb/mediarr/torrent/arch/The.Penguin.S01.2160p.MAX.WEB-DL.DDP5.1.Atmos.DV.HDR.H.265-FLUX/The.Penguin.S01E01.After.Hours.2160p.MAX.WEB-DL.DDP5.1.Atmos.DV.HDR.H.265-FLUX.mkv,189
1756112393,,,/mnt/nvme/media/mp4/LocalBateman-1591048045222928384-20221111_153948-vid1.mp4,90
1756112459,,,/mnt/nvme/media/mp4/OuckFf-1598372090041622528-20221201_204257-vid1.mp4,84
1756112472,,,/mnt/nvme/media/mp4/OuckFf-1606234262306361344-20221223_132425-vid1.mp4,84
1756112531,,,/mnt/nvme/media/mp4/Snaptik.app_7236421288624000274.mp4,68
1756112545,,,/mnt/nvme/media/mp4/Snaptik.app_7237779024385199368_twitter.mp4,76
1756112561,,,/mnt/nvme/media/mp4/Snaptik.app_7278789579371679022_processed.mp4,78
1756112602,,,/mnt/nvme/media/mp4/Snaptik_7097878174519790849_sajed-atef.mp4,75
1756112622,,,/mnt/nvme/media/mp4/T2mbel-1593265505170821122-20221117_183112-vid1.mp4,84
1756112654,,,/mnt/nvme/media/mp4/Suave_young50-1508136418350092301-20220327_203836-vid1.mp4,91
1756112679,,,/mnt/nvme/media/mp4/Ts6QRTMLs7LhW6oZ.mp4,53
1756624388,,,/mnt/8tb/mediarr/torrent/arch/[ASW] Dandadan - 20 [1080p HEVC][589D53BF].mkv,89
1756624403,,,/mnt/8tb/mediarr/torrent/arch/[ASW] Dandadan - 21 [1080p HEVC][63891274].mkv,89
1756731670,52,Hannibal.S01E01.Aperitif.WEBRip.1080p.DD5.1.H265-d3g,/mnt/8tb/mediarr/torrent/arch/Hannibal S01-03 web hevc-d3g/Hannibal S01/Hannibal.S01E01.Aperitif.WEBRip.1080p.DD5.1.H265-d3g.mkv,195
1756731937,52,Hannibal.S01E01.Aperitif.WEBRip.1080p.DD5.1.H265-d3g,/mnt/8tb/mediarr/torrent/arch/Hannibal S01-03 web hevc-d3g/Hannibal S01/Hannibal.S01E01.Aperitif.WEBRip.1080p.DD5.1.H265-d3g.mkv,195
1756733720,,,/mnt/8tb/mediarr/torrent/arch/Hannibal.S01.2160p.Upscale.WEBRip.DDP5.1.DV.HDR.H.265-R&H/Hannibal.S01.E01.Apéritif.2160p.Upscale.WEBRip.DDP5.1.DV.HDR.H.265-R&H.mkv,176
1756733973,,,/mnt/8tb/mediarr/torrent/arch/Hannibal.S01.2160p.Upscale.WEBRip.DDP5.1.DV.HDR.H.265-R&H/Hannibal.S01.E01.Apéritif.2160p.Upscale.WEBRip.DDP5.1.DV.HDR.H.265-R&H.mkv,176
1756733994,,,/mnt/8tb/mediarr/torrent/arch/Hannibal.S01.2160p.Upscale.WEBRip.DDP5.1.DV.HDR.H.265-R&H/Hannibal.S01.E01.Apéritif.2160p.Upscale.WEBRip.DDP5.1.DV.HDR.H.265-R&H.mkv,176
1756737029,56,Hannibal.S01E02.Amuse-Bouche.WEBRip.1080p.DD5.1.H265-d3g,/mnt/8tb/mediarr/torrent/arch/Hannibal S01-03 web hevc-d3g/Hannibal S01/Hannibal.S01E02.Amuse-Bouche.WEBRip.1080p.DD5.1.H265-d3g.mkv,203
1756740293,50,Hannibal.S01E03.Potage.WEBRip.1080p.DD5.1.H265-d3g,/mnt/8tb/mediarr/torrent/arch/Hannibal S01-03 web hevc-d3g/Hannibal S01/Hannibal.S01E03.Potage.WEBRip.1080p.DD5.1.H265-d3g.mkv,191
1756743115,48,Hannibal.S01E04.OEuf.WEBRip.1080p.DD5.1.H265-d3g,/mnt/8tb/mediarr/torrent/arch/Hannibal S01-03 web hevc-d3g/Hannibal S01/Hannibal.S01E04.OEuf.WEBRip.1080p.DD5.1.H265-d3g.mkv,187
1756763169,53,Hannibal.S01E05.Coquilles.WEBRip.1080p.DD5.1.H265-d3g,/mnt/8tb/mediarr/torrent/arch/Hannibal S01-03 web hevc-d3g/Hannibal S01/Hannibal.S01E05.Coquilles.WEBRip.1080p.DD5.1.H265-d3g.mkv,197
1756805448,53,Hannibal.S01E05.Coquilles.WEBRip.1080p.DD5.1.H265-d3g,/mnt/8tb/mediarr/torrent/arch/Hannibal S01-03 web hevc-d3g/Hannibal S01/Hannibal.S01E05.Coquilles.WEBRip.1080p.DD5.1.H265-d3g.mkv,197
1756805450,50,Hannibal.S01E06.Entree.WEBRip.1080p.DD5.1.H265-d3g,/mnt/8tb/mediarr/torrent/arch/Hannibal S01-03 web hevc-d3g/Hannibal S01/Hannibal.S01E06.Entree.WEBRip.1080p.DD5.1.H265-d3g.mkv,191
1756808104,50,Hannibal.S01E07.Sorbet.WEBRip.1080p.DD5.1.H265-d3g,/mnt/8tb/mediarr/torrent/arch/Hannibal S01-03 web hevc-d3g/Hannibal S01/Hannibal.S01E07.Sorbet.WEBRip.1080p.DD5.1.H265-d3g.mkv,191
1756808134,51,movieddl.me_Hannibal.S01E01.1080p.Bluray.x265-HiQVE,/mnt/8tb/mediarr/torrent/arch/Hannibal.S01-S03.COMPLETE.SERIES.1080p.Bluray.x265-HiQVE/Hannibal.S01.1080p.Bluray.x265-HiQVE/Hannibal.S01E01.1080p.Bluray.x265-HiQVE.mkv,233
1756808274,42,Hannibal.S01E01.1080p.BluRay.x265-KONTRAST,/mnt/8tb/mediarr/torrent/arch/Hannibal.S01-S03.1080p.BluRay.x265-KONTRAST/Hannibal.S01.1080p.BluRay.x265-KONTRAST/Hannibal.S01E01.1080p.BluRay.x265-KONTRAST.mkv,217
1756808326,,,/mnt/8tb/mediarr/torrent/arch/Hannibal.S01.2160p.Upscale.WEBRip.DDP5.1.DV.HDR.H.265-R&H/Hannibal.S01.E01.Apéritif.2160p.Upscale.WEBRip.DDP5.1.DV.HDR.H.265-R&H.mkv,176
1756811132,51,Hannibal.S01E08.Fromage.WEBRip.1080p.DD5.1.H265-d3g,/mnt/8tb/mediarr/torrent/arch/Hannibal S01-03 web hevc-d3g/Hannibal S01/Hannibal.S01E08.Fromage.WEBRip.1080p.DD5.1.H265-d3g.mkv,193
1756813728,,,/mnt/nvme/media/mp4/ابو ناصر reaction.mp4,61
1756813744,,,/mnt/nvme/media/mp4/wewe_u1-1664250885424160771-20230601_154146-vid1.mp4,85
1756813778,,,/mnt/nvme/media/mp4/videoplayback (65).mp4,55
1756813898,,,/mnt/nvme/media/mp4/videoplayback (66).mp4,55
1756813955,,,/mnt/nvme/media/mp4/trim.F4B5570B-61DA-4267-AE79-2E7CA28F26FE.mp4,78
1756813975,,,/mnt/nvme/media/mp4/trim.388F8C05-2ED5-4DC5-9E10-6953A2B888F8.mp4,78
1756813980,,,/mnt/nvme/media/mp4/trim.5DDF9B9D-A690-433F-A48F-EC0B2F497831.mp4,78
1756813985,,,/mnt/nvme/media/mp4/trim.9F36F414-26DD-4F81-A095-DC1DC5B0CEFE.mp4,78
1756814020,,,/mnt/nvme/media/mp4/thighseater123-1504789092353126547-20220318_145731-vid1 (online-video-cutter.com).mp4,118
1756814049,,,/mnt/nvme/media/mp4/st.coViBQGfUXDT.mp4,52
1756814051,,,/mnt/nvme/media/mp4/st.coxAPQYyoy1R (online-video-cutter.com).mp4,78
1756820471,56,Hannibal.S01E09.Trou.Normand.WEBRip.1080p.DD5.1.H265-d3g,/mnt/8tb/mediarr/torrent/arch/Hannibal S01-03 web hevc-d3g/Hannibal S01/Hannibal.S01E09.Trou.Normand.WEBRip.1080p.DD5.1.H265-d3g.mkv,203
1756826388,,,/mnt/nvme/media/mp4/WAIT WHAT (Minecraft) #3.mp4,61
1756835029,,,/mnt/nvme/media/mp4/مورينهو (3).mp4,55
1756835049,,,/mnt/nvme/media/mp4/sad (8).mp4_1_1d43g.mp4,56
1756835057,,,/mnt/nvme/media/mp4/sad (9).mp4,44
1756838773,56,Hannibal.S01E10.Buffet.Froid.WEBRip.1080p.DD5.1.H265-d3g,/mnt/8tb/mediarr/torrent/arch/Hannibal S01-03 web hevc-d3g/Hannibal S01/Hannibal.S01E10.Buffet.Froid.WEBRip.1080p.DD5.1.H265-d3g.mkv,203
1756895206,56,Hannibal.S01E10.Buffet.Froid.WEBRip.1080p.DD5.1.H265-d3g,/mnt/8tb/mediarr/torrent/arch/Hannibal S01-03 web hevc-d3g/Hannibal S01/Hannibal.S01E10.Buffet.Froid.WEBRip.1080p.DD5.1.H265-d3g.mkv,203
1756895207,48,Hannibal.S01E11.Roti.WEBRip.1080p.DD5.1.H265-d3g,/mnt/8tb/mediarr/torrent/arch/Hannibal S01-03 web hevc-d3g/Hannibal S01/Hannibal.S01E11.Roti.WEBRip.1080p.DD5.1.H265-d3g.mkv,187
1756896387,51,Hannibal.S01E12.Releves.WEBRip.1080p.DD5.1.H265-d3g,/mnt/8tb/mediarr/torrent/arch/Hannibal S01-03 web hevc-d3g/Hannibal S01/Hannibal.S01E12.Releves.WEBRip.1080p.DD5.1.H265-d3g.mkv,193
1756900735,53,Hannibal.S01E13.Savoureux.WEBRip.1080p.DD5.1.H265-d3g,/mnt/8tb/mediarr/torrent/arch/Hannibal S01-03 web hevc-d3g/Hannibal S01/Hannibal.S01E13.Savoureux.WEBRip.1080p.DD5.1.H265-d3g.mkv,197
1756909412,51,Hannibal.S02E01.Kaiseki.WEBRip.1080p.DD5.1.H265-d3g,/mnt/8tb/mediarr/torrent/arch/Hannibal S01-03 web hevc-d3g/Hannibal S02/Hannibal.S02E01.Kaiseki.WEBRip.1080p.DD5.1.H265-d3g.mkv,193
1756909486,51,Hannibal.S02E01.Kaiseki.WEBRip.1080p.DD5.1.H265-d3g,/mnt/8tb/mediarr/torrent/arch/Hannibal S01-03 web hevc-d3g/Hannibal S02/Hannibal.S02E01.Kaiseki.WEBRip.1080p.DD5.1.H265-d3g.mkv,193
1756971868,,,/mnt/nvme/media/mp4/[twitter] ExtremeBlitz__—2024.01.14—1746555863832150314—rjpEhFC1aoDE3UrF.mp4,115
1756971901,,,/mnt/nvme/media/mp4/2022-04-16 04-39-10 (online-video-cutter.com).mp4,82
1756971916,,,/mnt/nvme/media/mp4/2022-04-17 04-25-34 (online-video-cutter.com).mp4,82
1756972078,51,Hannibal.S02E01.Kaiseki.WEBRip.1080p.DD5.1.H265-d3g,/mnt/8tb/mediarr/torrent/arch/Hannibal S01-03 web hevc-d3g/Hannibal S02/Hannibal.S02E01.Kaiseki.WEBRip.1080p.DD5.1.H265-d3g.mkv,193
1756973253,,,/mnt/nvme/media/mp4/yt1s.com - Photosynthesis in Real Time (online-video-cutter.com).mp4,101
1756973262,,,/mnt/nvme/media/mp4/yt1s.com - Photosynthesis in Real Time.mp4,75
1756973268,,,/mnt/nvme/media/mp4/yt1s.com - PewDiePie Hmming (online-video-cutter.com).mp4,90
1756973303,,,/mnt/nvme/media/mp4/y2mate.is - التاسعة إلا ربع 14 ليست نهاية الدنيا YouTube-APD_xVnLnSU-480pp-1690023496 (online-video-cutter.com).mp4,176
1756973351,,,/mnt/nvme/media/mp4/v09044g40000c8jm4nrc77u6cjjhhg4g (online-video-cutter.com) (1).mp4,99
1756973356,,,/mnt/nvme/media/mp4/uD9f_tqWftkalpqr (online-video-cutter.com).mp4,79
1756973389,,,/mnt/nvme/media/mp4/redditsave.com_oh_how_the_times_change-9a43d3c372e81 (online-video-cutter.com).mp4,115
1756973395,,,/mnt/nvme/media/mp4/redditsave.com_og-wothm3qvmuy71 (1) (online-video-cutter.com).mp4,98
1756973404,,,/mnt/nvme/media/mp4/redditsave.com_i_wish_i_were_in_alabama-nlqab2afcg581 (online-video-cutter.com).mp4,116
1756973437,,,/mnt/nvme/media/mp4/odaaa (online-video-cutter.com).mp4,68
1756973445,,,/mnt/nvme/media/mp4/msiq21CP6Ssq6g-6M0 (online-video-cutter.com).mp4,81
1756973462,,,/mnt/nvme/media/mp4/inffected_576x576 (online-video-cutter.com).mp4,80
1756973473,,,/mnt/nvme/media/mp4/inffected_576x576.mp4,54
1756973480,,,/mnt/nvme/media/mp4/interr (online-video-cutter.com).mp4,69
1756973494,,,/mnt/nvme/media/mp4/habdalbum11-1547160998557138945-20220713_130821-vid1 (online-video-cutter.com).mp4,115
1756975356,52,Hannibal.S02E02.Sakizuke.WEBRip.1080p.DD5.1.H265-d3g,/mnt/8tb/mediarr/torrent/arch/Hannibal S01-03 web hevc-d3g/Hannibal S02/Hannibal.S02E02.Sakizuke.WEBRip.1080p.DD5.1.H265-d3g.mkv,195
1756979260,50,Hannibal.S02E03.Hassun.WEBRip.1080p.DD5.1.H265-d3g,/mnt/8tb/mediarr/torrent/arch/Hannibal S01-03 web hevc-d3g/Hannibal S02/Hannibal.S02E03.Hassun.WEBRip.1080p.DD5.1.H265-d3g.mkv,191
1756994274,53,Hannibal.S02E04.Takiawase.WEBRip.1080p.DD5.1.H265-d3g,/mnt/8tb/mediarr/torrent/arch/Hannibal S01-03 web hevc-d3g/Hannibal S02/Hannibal.S02E04.Takiawase.WEBRip.1080p.DD5.1.H265-d3g.mkv,197
1756997106,,,/mnt/nvme/media/mp4/امير فلافل.mp4,56
1756997607,,,/mnt/nvme/media/mp4/s_9953-1534631285896921093-20220608_231945-vid1.mp4,84
1756999834,52,Hannibal.S02E05.Mukozuke.WEBRip.1080p.DD5.1.H265-d3g,/mnt/8tb/mediarr/torrent/arch/Hannibal S01-03 web hevc-d3g/Hannibal S02/Hannibal.S02E05.Mukozuke.WEBRip.1080p.DD5.1.H265-d3g.mkv,195
1757007104,52,Hannibal.S02E06.Futamono.WEBRip.1080p.DD5.1.H265-d3g,/mnt/8tb/mediarr/torrent/arch/Hannibal S01-03 web hevc-d3g/Hannibal S02/Hannibal.S02E06.Futamono.WEBRip.1080p.DD5.1.H265-d3g.mkv,195
1757009833,,,/mnt/nvme/media/mp4/مورينهو (3).mp4,55
1757009841,,,/mnt/nvme/media/mp4/مورينهو (2).mp4,55
1757009844,,,/mnt/nvme/media/mp4/ولت ساطي مورينهو.mp4,67
1757010592,52,Hannibal.S02E07.Yakimono.WEBRip.1080p.DD5.1.H265-d3g,/mnt/8tb/mediarr/torrent/arch/Hannibal S01-03 web hevc-d3g/Hannibal S02/Hannibal.S02E07.Yakimono.WEBRip.1080p.DD5.1.H265-d3g.mkv,195
1757015172,,,/mnt/4tb/twitch stuff/streams/2024-11-18 22-09-12.mkv,66
1757015176,,,/mnt/4tb/twitch stuff/streams/2296248472-619087489-f546336b-ce55-49a0-933f-18092fa8fa6d.mp4,104
1757015183,,,/mnt/4tb/twitch stuff/streams/snes-smw-saul-3hr-stream.mp4,71
1757015185,,,/mnt/4tb/twitch stuff/streams/2024-11-14 09-40-38.mkv,66
1757015189,,,/mnt/4tb/twitch stuff/streams/2024-11-12 21-58-53.mkv,66
1757015236,,,/mnt/4tb/rec/بثوث/2023-11-20 20-48-05.mkv,58
1757019305,53,Hannibal.S02E08.Su-zakana.WEBRip.1080p.DD5.1.H265-d3g,/mnt/8tb/mediarr/torrent/arch/Hannibal S01-03 web hevc-d3g/Hannibal S02/Hannibal.S02E08.Su-zakana.WEBRip.1080p.DD5.1.H265-d3g.mkv,197
1757080101,53,Hannibal.S02E08.Su-zakana.WEBRip.1080p.DD5.1.H265-d3g,/mnt/8tb/mediarr/torrent/arch/Hannibal S01-03 web hevc-d3g/Hannibal S02/Hannibal.S02E08.Su-zakana.WEBRip.1080p.DD5.1.H265-d3g.mkv,197
1757080103,54,Hannibal.S02E09.Shiizakana.WEBRip.1080p.DD5.1.H265-d3g,/mnt/8tb/mediarr/torrent/arch/Hannibal S01-03 web hevc-d3g/Hannibal S02/Hannibal.S02E09.Shiizakana.WEBRip.1080p.DD5.1.H265-d3g.mkv,199
1757080295,54,Hannibal.S02E09.Shiizakana.WEBRip.1080p.DD5.1.H265-d3g,/mnt/8tb/mediarr/torrent/arch/Hannibal S01-03 web hevc-d3g/Hannibal S02/Hannibal.S02E09.Shiizakana.WEBRip.1080p.DD5.1.H265-d3g.mkv,199
1757080298,54,Hannibal.S02E09.Shiizakana.WEBRip.1080p.DD5.1.H265-d3g,/mnt/8tb/mediarr/torrent/arch/Hannibal S01-03 web hevc-d3g/Hannibal S02/Hannibal.S02E09.Shiizakana.WEBRip.1080p.DD5.1.H265-d3g.mkv,199
1757080722,54,Hannibal.S02E09.Shiizakana.WEBRip.1080p.DD5.1.H265-d3g,/mnt/8tb/mediarr/torrent/arch/Hannibal S01-03 web hevc-d3g/Hannibal S02/Hannibal.S02E09.Shiizakana.WEBRip.1080p.DD5.1.H265-d3g.mkv,199
1757080813,54,Hannibal.S02E09.Shiizakana.WEBRip.1080p.DD5.1.H265-d3g,/mnt/8tb/mediarr/torrent/arch/Hannibal S01-03 web hevc-d3g/Hannibal S02/Hannibal.S02E09.Shiizakana.WEBRip.1080p.DD5.1.H265-d3g.mkv,199
1757081049,54,Hannibal.S02E09.Shiizakana.WEBRip.1080p.DD5.1.H265-d3g,/mnt/8tb/mediarr/torrent/arch/Hannibal S01-03 web hevc-d3g/Hannibal S02/Hannibal.S02E09.Shiizakana.WEBRip.1080p.DD5.1.H265-d3g.mkv,199
1757081088,52,Hannibal.S01E01.Aperitif.WEBRip.1080p.DD5.1.H265-d3g,/mnt/8tb/mediarr/torrent/arch/Hannibal S01-03 web hevc-d3g/Hannibal S01/Hannibal.S01E01.Aperitif.WEBRip.1080p.DD5.1.H265-d3g.mkv,195
1757081119,53,Hannibal.S01E13.Savoureux.WEBRip.1080p.DD5.1.H265-d3g,/mnt/8tb/mediarr/torrent/arch/Hannibal S01-03 web hevc-d3g/Hannibal S01/Hannibal.S01E13.Savoureux.WEBRip.1080p.DD5.1.H265-d3g.mkv,197
1757081122,53,Hannibal.S01E13.Savoureux.WEBRip.1080p.DD5.1.H265-d3g,/mnt/8tb/mediarr/torrent/arch/Hannibal S01-03 web hevc-d3g/Hannibal S01/Hannibal.S01E13.Savoureux.WEBRip.1080p.DD5.1.H265-d3g.mkv,197
1757081136,54,Hannibal.S02E09.Shiizakana.WEBRip.1080p.DD5.1.H265-d3g,/mnt/8tb/mediarr/torrent/arch/Hannibal S01-03 web hevc-d3g/Hannibal S02/Hannibal.S02E09.Shiizakana.WEBRip.1080p.DD5.1.H265-d3g.mkv,199
1757081146,54,Hannibal.S02E09.Shiizakana.WEBRip.1080p.DD5.1.H265-d3g,/mnt/8tb/mediarr/torrent/arch/Hannibal S01-03 web hevc-d3g/Hannibal S02/Hannibal.S02E09.Shiizakana.WEBRip.1080p.DD5.1.H265-d3g.mkv,199
1757081230,54,Hannibal.S02E09.Shiizakana.WEBRip.1080p.DD5.1.H265-d3g,/mnt/8tb/mediarr/torrent/arch/Hannibal S01-03 web hevc-d3g/Hannibal S02/Hannibal.S02E09.Shiizakana.WEBRip.1080p.DD5.1.H265-d3g.mkv,199
1757081285,54,Hannibal.S02E09.Shiizakana.WEBRip.1080p.DD5.1.H265-d3g,/mnt/8tb/mediarr/torrent/arch/Hannibal S01-03 web hevc-d3g/Hannibal S02/Hannibal.S02E09.Shiizakana.WEBRip.1080p.DD5.1.H265-d3g.mkv,199
1757081418,54,Hannibal.S02E09.Shiizakana.WEBRip.1080p.DD5.1.H265-d3g,/mnt/8tb/mediarr/torrent/arch/Hannibal S01-03 web hevc-d3g/Hannibal S02/Hannibal.S02E09.Shiizakana.WEBRip.1080p.DD5.1.H265-d3g.mkv,199
1757081556,52,Hannibal.S01E01.Aperitif.WEBRip.1080p.DD5.1.H265-d3g,/mnt/8tb/mediarr/torrent/arch/Hannibal S01-03 web hevc-d3g/Hannibal S01/Hannibal.S01E01.Aperitif.WEBRip.1080p.DD5.1.H265-d3g.mkv,195
1757081564,52,Hannibal.S01E01.Aperitif.WEBRip.1080p.DD5.1.H265-d3g,/mnt/8tb/mediarr/torrent/arch/Hannibal S01-03 web hevc-d3g/Hannibal S01/Hannibal.S01E01.Aperitif.WEBRip.1080p.DD5.1.H265-d3g.mkv,195
1757081631,52,Hannibal.S01E01.Aperitif.WEBRip.1080p.DD5.1.H265-d3g,/mnt/8tb/mediarr/torrent/arch/Hannibal S01-03 web hevc-d3g/Hannibal S01/Hannibal.S01E01.Aperitif.WEBRip.1080p.DD5.1.H265-d3g.mkv,195
1757081779,52,Hannibal.S01E01.Aperitif.WEBRip.1080p.DD5.1.H265-d3g,/mnt/8tb/mediarr/torrent/arch/Hannibal S01-03 web hevc-d3g/Hannibal S01/Hannibal.S01E01.Aperitif.WEBRip.1080p.DD5.1.H265-d3g.mkv,195
1757081796,52,Hannibal.S01E01.Aperitif.WEBRip.1080p.DD5.1.H265-d3g,/mnt/8tb/mediarr/torrent/arch/Hannibal S01-03 web hevc-d3g/Hannibal S01/Hannibal.S01E01.Aperitif.WEBRip.1080p.DD5.1.H265-d3g.mkv,195
1757081861,52,Hannibal.S01E01.Aperitif.WEBRip.1080p.DD5.1.H265-d3g,/mnt/8tb/mediarr/torrent/arch/Hannibal S01-03 web hevc-d3g/Hannibal S01/Hannibal.S01E01.Aperitif.WEBRip.1080p.DD5.1.H265-d3g.mkv,195
1757081883,52,Hannibal.S01E01.Aperitif.WEBRip.1080p.DD5.1.H265-d3g,/mnt/8tb/mediarr/torrent/arch/Hannibal S01-03 web hevc-d3g/Hannibal S01/Hannibal.S01E01.Aperitif.WEBRip.1080p.DD5.1.H265-d3g.mkv,195
1757081884,56,Hannibal.S01E02.Amuse-Bouche.WEBRip.1080p.DD5.1.H265-d3g,/mnt/8tb/mediarr/torrent/arch/Hannibal S01-03 web hevc-d3g/Hannibal S01/Hannibal.S01E02.Amuse-Bouche.WEBRip.1080p.DD5.1.H265-d3g.mkv,203
1757081968,50,Hannibal.S01E03.Potage.WEBRip.1080p.DD5.1.H265-d3g,/mnt/8tb/mediarr/torrent/arch/Hannibal S01-03 web hevc-d3g/Hannibal S01/Hannibal.S01E03.Potage.WEBRip.1080p.DD5.1.H265-d3g.mkv,191
1757081981,50,Hannibal.S01E07.Sorbet.WEBRip.1080p.DD5.1.H265-d3g,/mnt/8tb/mediarr/torrent/arch/Hannibal S01-03 web hevc-d3g/Hannibal S01/Hannibal.S01E07.Sorbet.WEBRip.1080p.DD5.1.H265-d3g.mkv,191
1757082005,52,Hannibal.S01E01.Aperitif.WEBRip.1080p.DD5.1.H265-d3g,/mnt/8tb/mediarr/torrent/arch/Hannibal S01-03 web hevc-d3g/Hannibal S01/Hannibal.S01E01.Aperitif.WEBRip.1080p.DD5.1.H265-d3g.mkv,195
1757082010,56,Hannibal.S01E02.Amuse-Bouche.WEBRip.1080p.DD5.1.H265-d3g,/mnt/8tb/mediarr/torrent/arch/Hannibal S01-03 web hevc-d3g/Hannibal S01/Hannibal.S01E02.Amuse-Bouche.WEBRip.1080p.DD5.1.H265-d3g.mkv,203
1757082010,50,Hannibal.S01E03.Potage.WEBRip.1080p.DD5.1.H265-d3g,/mnt/8tb/mediarr/torrent/arch/Hannibal S01-03 web hevc-d3g/Hannibal S01/Hannibal.S01E03.Potage.WEBRip.1080p.DD5.1.H265-d3g.mkv,191
1757082012,48,Hannibal.S01E04.OEuf.WEBRip.1080p.DD5.1.H265-d3g,/mnt/8tb/mediarr/torrent/arch/Hannibal S01-03 web hevc-d3g/Hannibal S01/Hannibal.S01E04.OEuf.WEBRip.1080p.DD5.1.H265-d3g.mkv,187
1757082012,53,Hannibal.S01E05.Coquilles.WEBRip.1080p.DD5.1.H265-d3g,/mnt/8tb/mediarr/torrent/arch/Hannibal S01-03 web hevc-d3g/Hannibal S01/Hannibal.S01E05.Coquilles.WEBRip.1080p.DD5.1.H265-d3g.mkv,197
1757082012,50,Hannibal.S01E06.Entree.WEBRip.1080p.DD5.1.H265-d3g,/mnt/8tb/mediarr/torrent/arch/Hannibal S01-03 web hevc-d3g/Hannibal S01/Hannibal.S01E06.Entree.WEBRip.1080p.DD5.1.H265-d3g.mkv,191
1757082012,50,Hannibal.S01E07.Sorbet.WEBRip.1080p.DD5.1.H265-d3g,/mnt/8tb/mediarr/torrent/arch/Hannibal S01-03 web hevc-d3g/Hannibal S01/Hannibal.S01E07.Sorbet.WEBRip.1080p.DD5.1.H265-d3g.mkv,191
1757082012,51,Hannibal.S01E08.Fromage.WEBRip.1080p.DD5.1.H265-d3g,/mnt/8tb/mediarr/torrent/arch/Hannibal S01-03 web hevc-d3g/Hannibal S01/Hannibal.S01E08.Fromage.WEBRip.1080p.DD5.1.H265-d3g.mkv,193
1757082012,56,Hannibal.S01E09.Trou.Normand.WEBRip.1080p.DD5.1.H265-d3g,/mnt/8tb/mediarr/torrent/arch/Hannibal S01-03 web hevc-d3g/Hannibal S01/Hannibal.S01E09.Trou.Normand.WEBRip.1080p.DD5.1.H265-d3g.mkv,203
1757082013,56,Hannibal.S01E10.Buffet.Froid.WEBRip.1080p.DD5.1.H265-d3g,/mnt/8tb/mediarr/torrent/arch/Hannibal S01-03 web hevc-d3g/Hannibal S01/Hannibal.S01E10.Buffet.Froid.WEBRip.1080p.DD5.1.H265-d3g.mkv,203
1757082013,48,Hannibal.S01E11.Roti.WEBRip.1080p.DD5.1.H265-d3g,/mnt/8tb/mediarr/torrent/arch/Hannibal S01-03 web hevc-d3g/Hannibal S01/Hannibal.S01E11.Roti.WEBRip.1080p.DD5.1.H265-d3g.mkv,187
1757082013,51,Hannibal.S01E12.Releves.WEBRip.1080p.DD5.1.H265-d3g,/mnt/8tb/mediarr/torrent/arch/Hannibal S01-03 web hevc-d3g/Hannibal S01/Hannibal.S01E12.Releves.WEBRip.1080p.DD5.1.H265-d3g.mkv,193
1757082013,53,Hannibal.S01E13.Savoureux.WEBRip.1080p.DD5.1.H265-d3g,/mnt/8tb/mediarr/torrent/arch/Hannibal S01-03 web hevc-d3g/Hannibal S01/Hannibal.S01E13.Savoureux.WEBRip.1080p.DD5.1.H265-d3g.mkv,197
1757082014,53,Hannibal.S02E08.Su-zakana.WEBRip.1080p.DD5.1.H265-d3g,/mnt/8tb/mediarr/torrent/arch/Hannibal S01-03 web hevc-d3g/Hannibal S02/Hannibal.S02E08.Su-zakana.WEBRip.1080p.DD5.1.H265-d3g.mkv,197
1757082014,54,Hannibal.S02E09.Shiizakana.WEBRip.1080p.DD5.1.H265-d3g,/mnt/8tb/mediarr/torrent/arch/Hannibal S01-03 web hevc-d3g/Hannibal S02/Hannibal.S02E09.Shiizakana.WEBRip.1080p.DD5.1.H265-d3g.mkv,199
1757082014,54,Hannibal.S02E10.Naka-Choko.WEBRip.1080p.DD5.1.H265-d3g,/mnt/8tb/mediarr/torrent/arch/Hannibal S01-03 web hevc-d3g/Hannibal S02/Hannibal.S02E10.Naka-Choko.WEBRip.1080p.DD5.1.H265-d3g.mkv,199
1757082015,54,Hannibal.S02E09.Shiizakana.WEBRip.1080p.DD5.1.H265-d3g,/mnt/8tb/mediarr/torrent/arch/Hannibal S01-03 web hevc-d3g/Hannibal S02/Hannibal.S02E09.Shiizakana.WEBRip.1080p.DD5.1.H265-d3g.mkv,199
1757082015,53,Hannibal.S02E08.Su-zakana.WEBRip.1080p.DD5.1.H265-d3g,/mnt/8tb/mediarr/torrent/arch/Hannibal S01-03 web hevc-d3g/Hannibal S02/Hannibal.S02E08.Su-zakana.WEBRip.1080p.DD5.1.H265-d3g.mkv,197
1757082016,52,Hannibal.S02E07.Yakimono.WEBRip.1080p.DD5.1.H265-d3g,/mnt/8tb/mediarr/torrent/arch/Hannibal S01-03 web hevc-d3g/Hannibal S02/Hannibal.S02E07.Yakimono.WEBRip.1080p.DD5.1.H265-d3g.mkv,195
1757082016,52,Hannibal.S02E06.Futamono.WEBRip.1080p.DD5.1.H265-d3g,/mnt/8tb/mediarr/torrent/arch/Hannibal S01-03 web hevc-d3g/Hannibal S02/Hannibal.S02E06.Futamono.WEBRip.1080p.DD5.1.H265-d3g.mkv,195
1757082017,52,Hannibal.S02E05.Mukozuke.WEBRip.1080p.DD5.1.H265-d3g,/mnt/8tb/mediarr/torrent/arch/Hannibal S01-03 web hevc-d3g/Hannibal S02/Hannibal.S02E05.Mukozuke.WEBRip.1080p.DD5.1.H265-d3g.mkv,195
1757082017,53,Hannibal.S02E04.Takiawase.WEBRip.1080p.DD5.1.H265-d3g,/mnt/8tb/mediarr/torrent/arch/Hannibal S01-03 web hevc-d3g/Hannibal S02/Hannibal.S02E04.Takiawase.WEBRip.1080p.DD5.1.H265-d3g.mkv,197
1757082017,50,Hannibal.S02E03.Hassun.WEBRip.1080p.DD5.1.H265-d3g,/mnt/8tb/mediarr/torrent/arch/Hannibal S01-03 web hevc-d3g/Hannibal S02/Hannibal.S02E03.Hassun.WEBRip.1080p.DD5.1.H265-d3g.mkv,191
1757082018,52,Hannibal.S02E02.Sakizuke.WEBRip.1080p.DD5.1.H265-d3g,/mnt/8tb/mediarr/torrent/arch/Hannibal S01-03 web hevc-d3g/Hannibal S02/Hannibal.S02E02.Sakizuke.WEBRip.1080p.DD5.1.H265-d3g.mkv,195
1757082018,51,Hannibal.S02E01.Kaiseki.WEBRip.1080p.DD5.1.H265-d3g,/mnt/8tb/mediarr/torrent/arch/Hannibal S01-03 web hevc-d3g/Hannibal S02/Hannibal.S02E01.Kaiseki.WEBRip.1080p.DD5.1.H265-d3g.mkv,193
1757082020,52,Hannibal.S02E02.Sakizuke.WEBRip.1080p.DD5.1.H265-d3g,/mnt/8tb/mediarr/torrent/arch/Hannibal S01-03 web hevc-d3g/Hannibal S02/Hannibal.S02E02.Sakizuke.WEBRip.1080p.DD5.1.H265-d3g.mkv,195
1757082020,50,Hannibal.S02E03.Hassun.WEBRip.1080p.DD5.1.H265-d3g,/mnt/8tb/mediarr/torrent/arch/Hannibal S01-03 web hevc-d3g/Hannibal S02/Hannibal.S02E03.Hassun.WEBRip.1080p.DD5.1.H265-d3g.mkv,191
1757082021,53,Hannibal.S02E04.Takiawase.WEBRip.1080p.DD5.1.H265-d3g,/mnt/8tb/mediarr/torrent/arch/Hannibal S01-03 web hevc-d3g/Hannibal S02/Hannibal.S02E04.Takiawase.WEBRip.1080p.DD5.1.H265-d3g.mkv,197
1757082021,52,Hannibal.S02E05.Mukozuke.WEBRip.1080p.DD5.1.H265-d3g,/mnt/8tb/mediarr/torrent/arch/Hannibal S01-03 web hevc-d3g/Hannibal S02/Hannibal.S02E05.Mukozuke.WEBRip.1080p.DD5.1.H265-d3g.mkv,195
1757082021,52,Hannibal.S02E06.Futamono.WEBRip.1080p.DD5.1.H265-d3g,/mnt/8tb/mediarr/torrent/arch/Hannibal S01-03 web hevc-d3g/Hannibal S02/Hannibal.S02E06.Futamono.WEBRip.1080p.DD5.1.H265-d3g.mkv,195
1757082021,52,Hannibal.S02E07.Yakimono.WEBRip.1080p.DD5.1.H265-d3g,/mnt/8tb/mediarr/torrent/arch/Hannibal S01-03 web hevc-d3g/Hannibal S02/Hannibal.S02E07.Yakimono.WEBRip.1080p.DD5.1.H265-d3g.mkv,195
1757082021,53,Hannibal.S02E08.Su-zakana.WEBRip.1080p.DD5.1.H265-d3g,/mnt/8tb/mediarr/torrent/arch/Hannibal S01-03 web hevc-d3g/Hannibal S02/Hannibal.S02E08.Su-zakana.WEBRip.1080p.DD5.1.H265-d3g.mkv,197
1757082024,54,Hannibal.S02E09.Shiizakana.WEBRip.1080p.DD5.1.H265-d3g,/mnt/8tb/mediarr/torrent/arch/Hannibal S01-03 web hevc-d3g/Hannibal S02/Hannibal.S02E09.Shiizakana.WEBRip.1080p.DD5.1.H265-d3g.mkv,199
1757082036,52,Hannibal.S01E01.Aperitif.WEBRip.1080p.DD5.1.H265-d3g,/mnt/8tb/mediarr/torrent/arch/Hannibal S01-03 web hevc-d3g/Hannibal S01/Hannibal.S01E01.Aperitif.WEBRip.1080p.DD5.1.H265-d3g.mkv,195
1757082040,56,Hannibal.S01E02.Amuse-Bouche.WEBRip.1080p.DD5.1.H265-d3g,/mnt/8tb/mediarr/torrent/arch/Hannibal S01-03 web hevc-d3g/Hannibal S01/Hannibal.S01E02.Amuse-Bouche.WEBRip.1080p.DD5.1.H265-d3g.mkv,203
1757082042,50,Hannibal.S01E03.Potage.WEBRip.1080p.DD5.1.H265-d3g,/mnt/8tb/mediarr/torrent/arch/Hannibal S01-03 web hevc-d3g/Hannibal S01/Hannibal.S01E03.Potage.WEBRip.1080p.DD5.1.H265-d3g.mkv,191
1757082042,48,Hannibal.S01E04.OEuf.WEBRip.1080p.DD5.1.H265-d3g,/mnt/8tb/mediarr/torrent/arch/Hannibal S01-03 web hevc-d3g/Hannibal S01/Hannibal.S01E04.OEuf.WEBRip.1080p.DD5.1.H265-d3g.mkv,187
1757082042,53,Hannibal.S01E05.Coquilles.WEBRip.1080p.DD5.1.H265-d3g,/mnt/8tb/mediarr/torrent/arch/Hannibal S01-03 web hevc-d3g/Hannibal S01/Hannibal.S01E05.Coquilles.WEBRip.1080p.DD5.1.H265-d3g.mkv,197
1757082043,50,Hannibal.S01E06.Entree.WEBRip.1080p.DD5.1.H265-d3g,/mnt/8tb/mediarr/torrent/arch/Hannibal S01-03 web hevc-d3g/Hannibal S01/Hannibal.S01E06.Entree.WEBRip.1080p.DD5.1.H265-d3g.mkv,191
1757082043,50,Hannibal.S01E07.Sorbet.WEBRip.1080p.DD5.1.H265-d3g,/mnt/8tb/mediarr/torrent/arch/Hannibal S01-03 web hevc-d3g/Hannibal S01/Hannibal.S01E07.Sorbet.WEBRip.1080p.DD5.1.H265-d3g.mkv,191
1757082043,51,Hannibal.S01E08.Fromage.WEBRip.1080p.DD5.1.H265-d3g,/mnt/8tb/mediarr/torrent/arch/Hannibal S01-03 web hevc-d3g/Hannibal S01/Hannibal.S01E08.Fromage.WEBRip.1080p.DD5.1.H265-d3g.mkv,193
1757082043,56,Hannibal.S01E09.Trou.Normand.WEBRip.1080p.DD5.1.H265-d3g,/mnt/8tb/mediarr/torrent/arch/Hannibal S01-03 web hevc-d3g/Hannibal S01/Hannibal.S01E09.Trou.Normand.WEBRip.1080p.DD5.1.H265-d3g.mkv,203
1757082043,56,Hannibal.S01E10.Buffet.Froid.WEBRip.1080p.DD5.1.H265-d3g,/mnt/8tb/mediarr/torrent/arch/Hannibal S01-03 web hevc-d3g/Hannibal S01/Hannibal.S01E10.Buffet.Froid.WEBRip.1080p.DD5.1.H265-d3g.mkv,203
1757082043,48,Hannibal.S01E11.Roti.WEBRip.1080p.DD5.1.H265-d3g,/mnt/8tb/mediarr/torrent/arch/Hannibal S01-03 web hevc-d3g/Hannibal S01/Hannibal.S01E11.Roti.WEBRip.1080p.DD5.1.H265-d3g.mkv,187
1757082044,51,Hannibal.S01E12.Releves.WEBRip.1080p.DD5.1.H265-d3g,/mnt/8tb/mediarr/torrent/arch/Hannibal S01-03 web hevc-d3g/Hannibal S01/Hannibal.S01E12.Releves.WEBRip.1080p.DD5.1.H265-d3g.mkv,193
1757082044,53,Hannibal.S01E13.Savoureux.WEBRip.1080p.DD5.1.H265-d3g,/mnt/8tb/mediarr/torrent/arch/Hannibal S01-03 web hevc-d3g/Hannibal S01/Hannibal.S01E13.Savoureux.WEBRip.1080p.DD5.1.H265-d3g.mkv,197
1757082044,54,Hannibal.S02E09.Shiizakana.WEBRip.1080p.DD5.1.H265-d3g,/mnt/8tb/mediarr/torrent/arch/Hannibal S01-03 web hevc-d3g/Hannibal S02/Hannibal.S02E09.Shiizakana.WEBRip.1080p.DD5.1.H265-d3g.mkv,199
1757082045,52,Hannibal.S02E12.Tome-wan.WEBRip.1080p.DD5.1.H265-d3g,/mnt/8tb/mediarr/torrent/arch/Hannibal S01-03 web hevc-d3g/Hannibal S02/Hannibal.S02E12.Tome-wan.WEBRip.1080p.DD5.1.H265-d3g.mkv,195
1757082045,54,Hannibal.S02E11.Ko.No.Mono.WEBRip.1080p.DD5.1.H265-d3g,/mnt/8tb/mediarr/torrent/arch/Hannibal S01-03 web hevc-d3g/Hannibal S02/Hannibal.S02E11.Ko.No.Mono.WEBRip.1080p.DD5.1.H265-d3g.mkv,199
1757082045,54,Hannibal.S02E10.Naka-Choko.WEBRip.1080p.DD5.1.H265-d3g,/mnt/8tb/mediarr/torrent/arch/Hannibal S01-03 web hevc-d3g/Hannibal S02/Hannibal.S02E10.Naka-Choko.WEBRip.1080p.DD5.1.H265-d3g.mkv,199
1757082045,54,Hannibal.S02E09.Shiizakana.WEBRip.1080p.DD5.1.H265-d3g,/mnt/8tb/mediarr/torrent/arch/Hannibal S01-03 web hevc-d3g/Hannibal S02/Hannibal.S02E09.Shiizakana.WEBRip.1080p.DD5.1.H265-d3g.mkv,199
1757082047,53,Hannibal.S02E08.Su-zakana.WEBRip.1080p.DD5.1.H265-d3g,/mnt/8tb/mediarr/torrent/arch/Hannibal S01-03 web hevc-d3g/Hannibal S02/Hannibal.S02E08.Su-zakana.WEBRip.1080p.DD5.1.H265-d3g.mkv,197
1757082048,54,Hannibal.S02E09.Shiizakana.WEBRip.1080p.DD5.1.H265-d3g,/mnt/8tb/mediarr/torrent/arch/Hannibal S01-03 web hevc-d3g/Hannibal S02/Hannibal.S02E09.Shiizakana.WEBRip.1080p.DD5.1.H265-d3g.mkv,199
1757082051,53,Hannibal.S02E08.Su-zakana.WEBRip.1080p.DD5.1.H265-d3g,/mnt/8tb/mediarr/torrent/arch/Hannibal S01-03 web hevc-d3g/Hannibal S02/Hannibal.S02E08.Su-zakana.WEBRip.1080p.DD5.1.H265-d3g.mkv,197
1757082056,54,Hannibal.S02E09.Shiizakana.WEBRip.1080p.DD5.1.H265-d3g,/mnt/8tb/mediarr/torrent/arch/Hannibal S01-03 web hevc-d3g/Hannibal S02/Hannibal.S02E09.Shiizakana.WEBRip.1080p.DD5.1.H265-d3g.mkv,199
1757082091,52,Hannibal.S01E01.Aperitif.WEBRip.1080p.DD5.1.H265-d3g,/mnt/8tb/mediarr/torrent/arch/Hannibal S01-03 web hevc-d3g/Hannibal S01/Hannibal.S01E01.Aperitif.WEBRip.1080p.DD5.1.H265-d3g.mkv,195
1757111236,52,Hannibal.S01E01.Aperitif.WEBRip.1080p.DD5.1.H265-d3g,/mnt/8tb/mediarr/torrent/arch/Hannibal S01-03 web hevc-d3g/Hannibal S01/Hannibal.S01E01.Aperitif.WEBRip.1080p.DD5.1.H265-d3g.mkv,195
1757111261,54,Hannibal.S02E09.Shiizakana.WEBRip.1080p.DD5.1.H265-d3g,/mnt/8tb/mediarr/torrent/arch/Hannibal S01-03 web hevc-d3g/Hannibal S02/Hannibal.S02E09.Shiizakana.WEBRip.1080p.DD5.1.H265-d3g.mkv,199
1757111264,54,Hannibal.S02E10.Naka-Choko.WEBRip.1080p.DD5.1.H265-d3g,/mnt/8tb/mediarr/torrent/arch/Hannibal S01-03 web hevc-d3g/Hannibal S02/Hannibal.S02E10.Naka-Choko.WEBRip.1080p.DD5.1.H265-d3g.mkv,199
1757114181,,,/mnt/nvme/media/mp4/sad saul (online-video-cutter.com).mp4,71
1757120508,54,Hannibal.S02E11.Ko.No.Mono.WEBRip.1080p.DD5.1.H265-d3g,/mnt/8tb/mediarr/torrent/arch/Hannibal S01-03 web hevc-d3g/Hannibal S02/Hannibal.S02E11.Ko.No.Mono.WEBRip.1080p.DD5.1.H265-d3g.mkv,199
1757120611,54,Hannibal.S02E09.Shiizakana.WEBRip.1080p.DD5.1.H265-d3g,/mnt/8tb/mediarr/torrent/arch/Hannibal S01-03 web hevc-d3g/Hannibal S02/Hannibal.S02E09.Shiizakana.WEBRip.1080p.DD5.1.H265-d3g.mkv,199
1757120614,54,Hannibal.S02E10.Naka-Choko.WEBRip.1080p.DD5.1.H265-d3g,/mnt/8tb/mediarr/torrent/arch/Hannibal S01-03 web hevc-d3g/Hannibal S02/Hannibal.S02E10.Naka-Choko.WEBRip.1080p.DD5.1.H265-d3g.mkv,199
1757120627,54,Hannibal.S02E11.Ko.No.Mono.WEBRip.1080p.DD5.1.H265-d3g,/mnt/8tb/mediarr/torrent/arch/Hannibal S01-03 web hevc-d3g/Hannibal S02/Hannibal.S02E11.Ko.No.Mono.WEBRip.1080p.DD5.1.H265-d3g.mkv,199
1757167038,54,Hannibal.S02E11.Ko.No.Mono.WEBRip.1080p.DD5.1.H265-d3g,/mnt/8tb/mediarr/torrent/arch/Hannibal S01-03 web hevc-d3g/Hannibal S02/Hannibal.S02E11.Ko.No.Mono.WEBRip.1080p.DD5.1.H265-d3g.mkv,199
1757168476,52,Hannibal.S02E12.Tome-wan.WEBRip.1080p.DD5.1.H265-d3g,/mnt/8tb/mediarr/torrent/arch/Hannibal S01-03 web hevc-d3g/Hannibal S02/Hannibal.S02E12.Tome-wan.WEBRip.1080p.DD5.1.H265-d3g.mkv,195
1757171456,52,Hannibal.S02E13.Mizumono.WEBRip.1080p.DD5.1.H265-d3g,/mnt/8tb/mediarr/torrent/arch/Hannibal S01-03 web hevc-d3g/Hannibal S02/Hannibal.S02E13.Mizumono.WEBRip.1080p.DD5.1.H265-d3g.mkv,195
1757174146,53,Hannibal.S03E01.Antipasto.WEBRip.1080p.DD5.1.H265-d3g,/mnt/8tb/mediarr/torrent/arch/Hannibal S01-03 web hevc-d3g/Hannibal S03/Hannibal.S03E01.Antipasto.WEBRip.1080p.DD5.1.H265-d3g.mkv,197
1757174197,53,Hannibal.S03E01.Antipasto.WEBRip.1080p.DD5.1.H265-d3g,/mnt/8tb/mediarr/torrent/arch/Hannibal S01-03 web hevc-d3g/Hannibal S03/Hannibal.S03E01.Antipasto.WEBRip.1080p.DD5.1.H265-d3g.mkv,197
1757174380,,,/mnt/nvme/media/mp4/ماجد (5)_vid603.mp4,56
1757192566,53,Hannibal.S03E02.Primavera.WEBRip.1080p.DD5.1.H265-d3g,/mnt/8tb/mediarr/torrent/arch/Hannibal S01-03 web hevc-d3g/Hannibal S03/Hannibal.S03E02.Primavera.WEBRip.1080p.DD5.1.H265-d3g.mkv,197
1757252229,53,Hannibal.S03E02.Primavera.WEBRip.1080p.DD5.1.H265-d3g,/mnt/8tb/mediarr/torrent/arch/Hannibal S01-03 web hevc-d3g/Hannibal S03/Hannibal.S03E02.Primavera.WEBRip.1080p.DD5.1.H265-d3g.mkv,197
1757252232,51,Hannibal.S03E03.Secondo.WEBRip.1080p.DD5.1.H265-d3g,/mnt/8tb/mediarr/torrent/arch/Hannibal S01-03 web hevc-d3g/Hannibal S03/Hannibal.S03E03.Secondo.WEBRip.1080p.DD5.1.H265-d3g.mkv,193
1757344899,51,Hannibal.S03E03.Secondo.WEBRip.1080p.DD5.1.H265-d3g,/mnt/8tb/mediarr/torrent/arch/Hannibal S01-03 web hevc-d3g/Hannibal S03/Hannibal.S03E03.Secondo.WEBRip.1080p.DD5.1.H265-d3g.mkv,193
1757344900,52,Hannibal.S03E04.Apertivo.WEBRip.1080p.DD5.1.H265-d3g,/mnt/8tb/mediarr/torrent/arch/Hannibal S01-03 web hevc-d3g/Hannibal S03/Hannibal.S03E04.Apertivo.WEBRip.1080p.DD5.1.H265-d3g.mkv,195
1757453919,,,/mnt/nvme/media/mp4/privpickl-1629117500179861504-20230224_165414-vid1.mp4,87
1757453953,,,/mnt/nvme/media/mp4/Snaptik.app_7200439697250979118.mp4,68
1757456675,,,/mnt/nvme/media/mp4/ماجد (10).mp4,50
1757505763,,,/mnt/nvme/media/mp4/دائود الشريان.mp4,62
1757512287,52,Hannibal.S03E04.Apertivo.WEBRip.1080p.DD5.1.H265-d3g,/mnt/8tb/mediarr/torrent/arch/Hannibal S01-03 web hevc-d3g/Hannibal S03/Hannibal.S03E04.Apertivo.WEBRip.1080p.DD5.1.H265-d3g.mkv,195
1757512289,52,Hannibal.S03E05.Contorno.WEBRip.1080p.DD5.1.H265-d3g,/mnt/8tb/mediarr/torrent/arch/Hannibal S01-03 web hevc-d3g/Hannibal S03/Hannibal.S03E05.Contorno.WEBRip.1080p.DD5.1.H265-d3g.mkv,195
1757532887,,,/home/btw/Downloads/stat126/1_mono.mp4,51
1757538521,,,/home/btw/Downloads/stat126/2ed/1.mp4,50
1757539585,,,/home/btw/Downloads/stat126/2ed/2.mp4,50
1757539680,,,/home/btw/Downloads/stat126/2ed/1.mp4,50
1757539703,,,/home/btw/Downloads/stat126/2ed/2.mp4,50
1757542226,,,/home/btw/Downloads/stat126/2ed/3.mp4,50
1757543323,,,/home/btw/Downloads/stat126/1_mono.mp4,51
1757543333,,,/home/btw/Downloads/stat126/2_mono.mp4,51
1757543390,,,/home/btw/Downloads/stat126/2_mono.mp4,51
1757543404,,,/home/btw/Downloads/stat126/2_mono.mp4,51
1757543404,,,/home/btw/Downloads/stat126/3_mono.mp4,51
1757543413,,,/home/btw/Downloads/stat126/2_mono.mp4,51
1757543430,,,/home/btw/Downloads/stat126/2_mono.mp4,51
1757543435,,,/home/btw/Downloads/stat126/2_mono.mp4,51
1757543445,,,/home/btw/Downloads/stat126/2_mono.mp4,51
1757543454,,,/home/btw/Downloads/stat126/2_mono.mp4,51
1757543461,,,/home/btw/Downloads/stat126/2_mono.mp4,51
1757543504,,,/home/btw/Downloads/stat126/2_mono.mp4,51
1757543508,,,/home/btw/Downloads/stat126/2_mono.mp4,51
1757543742,,,/home/btw/Downloads/stat126/2_mono.mp4,51
1757543798,,,/home/btw/Downloads/stat126/2_mono.mp4,51
1757598215,,,/mnt/nvme/media/mp4/النسخة العربية لمقدمة مسلسل ذا اوفيس من يد الفنان عبدالعزيز المسباح👏👏 .mp4,170
1757600434,,,/mnt/nvme/media/mp4/nigga mike.mp4,47
1757600453,,,/mnt/nvme/media/mp4/Nigga You Laughing_ (1) (online-video-cutter.com).mp4,86
1757628550,,,/mnt/nvme/media/mp4/Desktop فيلق.mp4,53
1757628567,,,/mnt/nvme/media/mp4/DeviIcastle-1489252954414538755-20220203_180227-vid1.mp4,89
1757628601,,,/mnt/nvme/media/mp4/Fcb340-1672894432889167872-20230625_120808-vid1.mp4,84
1757628651,,,/mnt/nvme/media/mp4/Ko1430-1479054350643306498-20220106_143651-vid1.mp4,84
1757628652,,,/mnt/nvme/media/mp4/Ko1430-1494924328806367234-20220219_093828-vid1 (online-video-cutter.com).mp4,110
1757628676,,,/mnt/nvme/media/mp4/LocalBateman-1595400553026260992-20221123_155507-vid1.mp4,90
1757628681,,,/mnt/nvme/media/mp4/LocalBateman-1595794995759439872-20221124_180230-vid1.mp4,90
1757628687,,,/mnt/nvme/media/mp4/LocalBateman-1648387870808326150-20230418_210748-vid1.mp4,90
1757680471,,,/mnt/nvme/media/mp4/_That's No Way To Treat A Caddy!_ _ Mr. Robot (online-video-cutter.com).mp4,108
1757680511,,,/mnt/nvme/media/mp4/Mr Robot Decryption Scene.mp4,62
1757680515,,,/mnt/nvme/media/mp4/The Wipe Scenes Of Mr Robot _ Mr. Robot.mp4,76
1757686404,52,Hannibal.S03E05.Contorno.WEBRip.1080p.DD5.1.H265-d3g,/mnt/8tb/mediarr/torrent/arch/Hannibal S01-03 web hevc-d3g/Hannibal S03/Hannibal.S03E05.Contorno.WEBRip.1080p.DD5.1.H265-d3g.mkv,195
1757763014,52,Hannibal.S03E05.Contorno.WEBRip.1080p.DD5.1.H265-d3g,/mnt/8tb/mediarr/torrent/arch/Hannibal S01-03 web hevc-d3g/Hannibal S03/Hannibal.S03E05.Contorno.WEBRip.1080p.DD5.1.H265-d3g.mkv,195
1757763961,,,/mnt/nvme/media/mp4/نضحك على سيتب المتابعين (1).mp4,84
1757766052,49,Hannibal.S03E06.Dolce.WEBRip.1080p.DD5.1.H265-d3g,/mnt/8tb/mediarr/torrent/arch/Hannibal S01-03 web hevc-d3g/Hannibal S03/Hannibal.S03E06.Dolce.WEBRip.1080p.DD5.1.H265-d3g.mkv,189
1757768631,53,Hannibal.S03E07.Digestivo.WEBRip.1080p.DD5.1.H265-d3g,/mnt/8tb/mediarr/torrent/arch/Hannibal S01-03 web hevc-d3g/Hannibal S03/Hannibal.S03E07.Digestivo.WEBRip.1080p.DD5.1.H265-d3g.mkv,197
1757801934,,,/mnt/nvme/media/mp4/اسطورة الرياض كوري.mp4,71
1757844983,53,Hannibal.S03E07.Digestivo.WEBRip.1080p.DD5.1.H265-d3g,/mnt/8tb/mediarr/torrent/arch/Hannibal S01-03 web hevc-d3g/Hannibal S03/Hannibal.S03E07.Digestivo.WEBRip.1080p.DD5.1.H265-d3g.mkv,197
1757844986,64,Hannibal.S03E08.The.Great.Red.Dragon.WEBRip.1080p.DD5.1.H265-d3g,/mnt/8tb/mediarr/torrent/arch/Hannibal S01-03 web hevc-d3g/Hannibal S03/Hannibal.S03E08.The.Great.Red.Dragon.WEBRip.1080p.DD5.1.H265-d3g.mkv,219
1757846131,78,Hannibal.S03E09.And.the.Woman.Clothed.with.the.Sun.WEBRip.1080p.DD5.1.H265-d3g,/mnt/8tb/mediarr/torrent/arch/Hannibal S01-03 web hevc-d3g/Hannibal S03/Hannibal.S03E09.And.the.Woman.Clothed.with.the.Sun.WEBRip.1080p.DD5.1.H265-d3g.mkv,247
1757849402,72,Hannibal.S03E10.And.the.Woman.Clothed.in.Sun.WEBRip.1080p.DD5.1.H265-d3g,/mnt/8tb/mediarr/torrent/arch/Hannibal S01-03 web hevc-d3g/Hannibal S03/Hannibal.S03E10.And.the.Woman.Clothed.in.Sun.WEBRip.1080p.DD5.1.H265-d3g.mkv,235
1757870802,72,Hannibal.S03E10.And.the.Woman.Clothed.in.Sun.WEBRip.1080p.DD5.1.H265-d3g,/mnt/8tb/mediarr/torrent/arch/Hannibal S01-03 web hevc-d3g/Hannibal S03/Hannibal.S03E10.And.the.Woman.Clothed.in.Sun.WEBRip.1080p.DD5.1.H265-d3g.mkv,235
1757872123,70,Hannibal.S03E11.And.the.Beast.from.the.Sea.WEBRip.1080p.DD5.1.H265-d3g,/mnt/8tb/mediarr/torrent/arch/Hannibal S01-03 web hevc-d3g/Hannibal S03/Hannibal.S03E11.And.the.Beast.from.the.Sea.WEBRip.1080p.DD5.1.H265-d3g.mkv,231
1757879273,74,Hannibal.S03E12.The.Number.of.the.Beast.is.666.WEBRip.1080p.DD5.1.H265-d3g,/mnt/8tb/mediarr/torrent/arch/Hannibal S01-03 web hevc-d3g/Hannibal S03/Hannibal.S03E12.The.Number.of.the.Beast.is.666.WEBRip.1080p.DD5.1.H265-d3g.mkv,239
1757884108,65,Hannibal.S03E13.The.Wrath.of.the.Lamb.WEBRip.1080p.DD5.1.H265-d3g,/mnt/8tb/mediarr/torrent/arch/Hannibal S01-03 web hevc-d3g/Hannibal S03/Hannibal.S03E13.The.Wrath.of.the.Lamb.WEBRip.1080p.DD5.1.H265-d3g.mkv,221
1757887034,,,/mnt/nvme/media/mp4/wtf.mp4,40
1757926778,,,/mnt/8tb/mediarr/torrent/arch/The.Day.of.the.Jackal.S01.REPACK.2160p.PCOK.WEB-DL.DDP5.1.DV.HDR.H.265-FLUX/The.Day.of.the.Jackal.S01E01.Episode.1.REPACK.2160p.PCOK.WEB-DL.DDP5.1.DV.HDR.H.265-FLUX.mkv,211
1757933796,,,/mnt/8tb/mediarr/torrent/arch/The.Day.of.the.Jackal.S01.REPACK.2160p.PCOK.WEB-DL.DDP5.1.DV.HDR.H.265-FLUX/The.Day.of.the.Jackal.S01E02.Episode.2.REPACK.2160p.PCOK.WEB-DL.DDP5.1.DV.HDR.H.265-FLUX.mkv,211
1757941958,,,/mnt/8tb/mediarr/torrent/arch/The.Day.of.the.Jackal.S01.REPACK.2160p.PCOK.WEB-DL.DDP5.1.DV.HDR.H.265-FLUX/The.Day.of.the.Jackal.S01E03.Episode.3.REPACK.2160p.PCOK.WEB-DL.DDP5.1.DV.HDR.H.265-FLUX.mkv,211
1757945853,,,/mnt/8tb/mediarr/torrent/arch/The.Day.of.the.Jackal.S01.REPACK.2160p.PCOK.WEB-DL.DDP5.1.DV.HDR.H.265-FLUX/The.Day.of.the.Jackal.S01E04.Episode.4.REPACK.2160p.PCOK.WEB-DL.DDP5.1.DV.HDR.H.265-FLUX.mkv,211
1757953099,,,/mnt/8tb/mediarr/torrent/arch/The.Day.of.the.Jackal.S01.REPACK.2160p.PCOK.WEB-DL.DDP5.1.DV.HDR.H.265-FLUX/The.Day.of.the.Jackal.S01E05.Episode.5.REPACK.2160p.PCOK.WEB-DL.DDP5.1.DV.HDR.H.265-FLUX.mkv,211
1757956455,,,/mnt/8tb/mediarr/torrent/arch/The.Day.of.the.Jackal.S01.REPACK.2160p.PCOK.WEB-DL.DDP5.1.DV.HDR.H.265-FLUX/The.Day.of.the.Jackal.S01E06.Episode.6.REPACK.2160p.PCOK.WEB-DL.DDP5.1.DV.HDR.H.265-FLUX.mkv,211
1757961150,,,/mnt/8tb/mediarr/torrent/arch/The.Day.of.the.Jackal.S01.REPACK.2160p.PCOK.WEB-DL.DDP5.1.DV.HDR.H.265-FLUX/The.Day.of.the.Jackal.S01E07.Episode.7.REPACK.2160p.PCOK.WEB-DL.DDP5.1.DV.HDR.H.265-FLUX.mkv,211
1757965022,,,/mnt/8tb/mediarr/torrent/arch/The.Day.of.the.Jackal.S01.REPACK.2160p.PCOK.WEB-DL.DDP5.1.DV.HDR.H.265-FLUX/The.Day.of.the.Jackal.S01E08.Episode.8.REPACK.2160p.PCOK.WEB-DL.DDP5.1.DV.HDR.H.265-FLUX.mkv,211
1757970301,,,/mnt/8tb/mediarr/torrent/arch/The.Day.of.the.Jackal.S01.REPACK.2160p.PCOK.WEB-DL.DDP5.1.DV.HDR.H.265-FLUX/The.Day.of.the.Jackal.S01E09.Episode.9.REPACK.2160p.PCOK.WEB-DL.DDP5.1.DV.HDR.H.265-FLUX.mkv,211
1757973049,,,/mnt/8tb/mediarr/torrent/arch/The.Day.of.the.Jackal.S01.REPACK.2160p.PCOK.WEB-DL.DDP5.1.DV.HDR.H.265-FLUX/The.Day.of.the.Jackal.S01E10.Episode.10.REPACK.2160p.PCOK.WEB-DL.DDP5.1.DV.HDR.H.265-FLUX.mkv,212
1758016564,,,/mnt/nvme/media/mp4/ناصر الغصن (2).mp4,60
1758016584,,,/mnt/nvme/media/mp4/ناصر الغصن_vid579.mp4,63
1758016587,,,/mnt/nvme/media/mp4/ناصر الغصن وش تسوي يا ناصر.mp4,84
1758016625,,,/mnt/nvme/media/mp4/كهرب.mp4,45
1758016666,,,/mnt/nvme/media/mp4/عقال.mp4,45
1758016681,,,/mnt/nvme/media/mp4/علاج.mp4,45
1758016743,,,/mnt/nvme/media/mp4/داون حسوني.mp4,56
1758016795,,,/mnt/nvme/media/mp4/video0 (9).mp4,47
1758019706,,,/mnt/8tb/mediarr/torrent/arch/[ASW] Dandadan - 21 [1080p HEVC][63891274].mkv,89
1758019708,,,/mnt/8tb/mediarr/torrent/arch/[ASW] Dandadan - 22 [1080p HEVC][6D1ED6C3].mkv,89
1758021025,,,/mnt/8tb/mediarr/torrent/arch/[ASW] Dandadan - 23 [1080p HEVC][099ADC77].mkv,89
1758022442,,,/mnt/8tb/mediarr/torrent/arch/[ASW] Dandadan - 22 [1080p HEVC][6D1ED6C3].mkv,89
1758022443,,,/mnt/8tb/mediarr/torrent/arch/[ASW] Dandadan - 23 [1080p HEVC][099ADC77].mkv,89
1758045152,,,/mnt/8tb/mediarr/torrent/arch/Adolescence S01 2025 2160p NF WEB-DL DDP5 1 Atmos DV H 265-HHWEB/Adolescence S01E01 2025 2160p NF WEB-DL DDP5 1 Atmos DV H 265-HHWEB.mkv,179
1758045172,,,/mnt/8tb/mediarr/torrent/arch/Adolescence S01 2025 2160p NF WEB-DL DDP5 1 Atmos DV H 265-HHWEB/Adolescence S01E01 2025 2160p NF WEB-DL DDP5 1 Atmos DV H 265-HHWEB.mkv,179
1758051650,,,/mnt/8tb/mediarr/torrent/arch/Adolescence S01 2025 2160p NF WEB-DL DDP5 1 Atmos DV H 265-HHWEB/Adolescence S01E02 2025 2160p NF WEB-DL DDP5 1 Atmos DV H 265-HHWEB.mkv,179
1758056103,,,/mnt/8tb/mediarr/torrent/arch/Adolescence S01 2025 2160p NF WEB-DL DDP5 1 Atmos DV H 265-HHWEB/Adolescence S01E03 2025 2160p NF WEB-DL DDP5 1 Atmos DV H 265-HHWEB.mkv,179
1758056196,,,/mnt/8tb/mediarr/torrent/arch/Adolescence S01 2025 2160p NF WEB-DL DDP5 1 Atmos DV H 265-HHWEB/Adolescence S01E02 2025 2160p NF WEB-DL DDP5 1 Atmos DV H 265-HHWEB.mkv,179
1758056198,,,/mnt/8tb/mediarr/torrent/arch/Adolescence S01 2025 2160p NF WEB-DL DDP5 1 Atmos DV H 265-HHWEB/Adolescence S01E01 2025 2160p NF WEB-DL DDP5 1 Atmos DV H 265-HHWEB.mkv,179
1758056198,,,/mnt/8tb/mediarr/torrent/arch/Adolescence S01 2025 2160p NF WEB-DL DDP5 1 Atmos DV H 265-HHWEB/Adolescence S01E02 2025 2160p NF WEB-DL DDP5 1 Atmos DV H 265-HHWEB.mkv,179
1758056199,,,/mnt/8tb/mediarr/torrent/arch/Adolescence S01 2025 2160p NF WEB-DL DDP5 1 Atmos DV H 265-HHWEB/Adolescence S01E03 2025 2160p NF WEB-DL DDP5 1 Atmos DV H 265-HHWEB.mkv,179
1758061295,,,/mnt/8tb/mediarr/torrent/arch/Adolescence S01 2025 2160p NF WEB-DL DDP5 1 Atmos DV H 265-HHWEB/Adolescence S01E04 2025 2160p NF WEB-DL DDP5 1 Atmos DV H 265-HHWEB.mkv,179
1758065913,,,/mnt/8tb/mediarr/torrent/arch/The.Day.of.the.Jackal.S01.REPACK.2160p.PCOK.WEB-DL.DDP5.1.DV.HDR.H.265-FLUX/The.Day.of.the.Jackal.S01E01.Episode.1.REPACK.2160p.PCOK.WEB-DL.DDP5.1.DV.HDR.H.265-FLUX.mkv,211
1758065937,,,/mnt/8tb/mediarr/torrent/arch/The.Day.of.the.Jackal.S01.REPACK.2160p.PCOK.WEB-DL.DDP5.1.DV.HDR.H.265-FLUX/The.Day.of.the.Jackal.S01E01.Episode.1.REPACK.2160p.PCOK.WEB-DL.DDP5.1.DV.HDR.H.265-FLUX.mkv,211
1758103492,,,/mnt/8tb/mediarr/torrent/arch/MobLand.S01.2160p.PMTP.WEB-DL.DDP5.1.DV.HDR.H.265-FLUX/MobLand.S01E01.Stick.or.Twist.2160p.PMTP.WEB-DL.DDP5.1.DV.HDR.H.265-FLUX.mkv,174
1758103557,,,/mnt/8tb/mediarr/torrent/arch/MobLand.S01.2160p.PMTP.WEB-DL.DDP5.1.DV.HDR.H.265-FLUX/MobLand.S01E01.Stick.or.Twist.2160p.PMTP.WEB-DL.DDP5.1.DV.HDR.H.265-FLUX.mkv,174
1758103631,,,/mnt/8tb/mediarr/torrent/arch/MobLand.S01.2160p.PMTP.WEB-DL.DDP5.1.DV.HDR.H.265-FLUX/MobLand.S01E01.Stick.or.Twist.2160p.PMTP.WEB-DL.DDP5.1.DV.HDR.H.265-FLUX.mkv,174
1758120750,,,/mnt/8tb/mediarr/torrent/arch/MobLand.S01.2160p.PMTP.WEB-DL.DDP5.1.DV.HDR.H.265-FLUX/MobLand.S01E02.Jigsaw.Puzzle.2160p.PMTP.WEB-DL.DDP5.1.DV.HDR.H.265-FLUX.mkv,173
1758138890,,,/mnt/8tb/mediarr/torrent/arch/MobLand.S01.2160p.PMTP.WEB-DL.DDP5.1.DV.HDR.H.265-FLUX/MobLand.S01E03.Plan.B.2160p.PMTP.WEB-DL.DDP5.1.DV.HDR.H.265-FLUX.mkv,166
1758139168,,,/mnt/8tb/mediarr/torrent/arch/MobLand.S01.2160p.PMTP.WEB-DL.DDP5.1.DV.HDR.H.265-FLUX/MobLand.S01E03.Plan.B.2160p.PMTP.WEB-DL.DDP5.1.DV.HDR.H.265-FLUX.mkv,166
1758139198,,,/mnt/8tb/mediarr/torrent/arch/MobLand.S01.2160p.PMTP.WEB-DL.DDP5.1.DV.HDR.H.265-FLUX/MobLand.S01E03.Plan.B.2160p.PMTP.WEB-DL.DDP5.1.DV.HDR.H.265-FLUX.mkv,166
1758145643,,,/mnt/8tb/mediarr/torrent/arch/MobLand.S01.2160p.PMTP.WEB-DL.DDP5.1.DV.HDR.H.265-FLUX/MobLand.S01E04.Rat.Trap.2160p.PMTP.WEB-DL.DDP5.1.DV.HDR.H.265-FLUX.mkv,168
1758145646,,,/mnt/8tb/mediarr/torrent/arch/MobLand.S01.2160p.PMTP.WEB-DL.DDP5.1.DV.HDR.H.265-FLUX/MobLand.S01E03.Plan.B.2160p.PMTP.WEB-DL.DDP5.1.DV.HDR.H.265-FLUX.mkv,166
1758145648,,,/mnt/8tb/mediarr/torrent/arch/MobLand.S01.2160p.PMTP.WEB-DL.DDP5.1.DV.HDR.H.265-FLUX/MobLand.S01E04.Rat.Trap.2160p.PMTP.WEB-DL.DDP5.1.DV.HDR.H.265-FLUX.mkv,168
1758187203,,,/mnt/8tb/mediarr/torrent/arch/MobLand.S01.2160p.PMTP.WEB-DL.DDP5.1.DV.HDR.H.265-FLUX/MobLand.S01E04.Rat.Trap.2160p.PMTP.WEB-DL.DDP5.1.DV.HDR.H.265-FLUX.mkv,168
1758187448,,,/mnt/8tb/mediarr/torrent/arch/MobLand.S01.2160p.PMTP.WEB-DL.DDP5.1.DV.HDR.H.265-FLUX/MobLand.S01E04.Rat.Trap.2160p.PMTP.WEB-DL.DDP5.1.DV.HDR.H.265-FLUX.mkv,168
1758187487,,,/mnt/8tb/mediarr/torrent/arch/MobLand.S01.2160p.PMTP.WEB-DL.DDP5.1.DV.HDR.H.265-FLUX/MobLand.S01E04.Rat.Trap.2160p.PMTP.WEB-DL.DDP5.1.DV.HDR.H.265-FLUX.mkv,168
1758187494,,,/mnt/8tb/mediarr/torrent/arch/MobLand.S01.2160p.PMTP.WEB-DL.DDP5.1.DV.HDR.H.265-FLUX/MobLand.S01E05.Funeral.for.a.Friend.2160p.PMTP.WEB-DL.DDP5.1.DV.HDR.H.265-FLUX.mkv,180
1758187965,,,/mnt/8tb/mediarr/torrent/arch/MobLand.S01.2160p.PMTP.WEB-DL.DDP5.1.DV.HDR.H.265-FLUX/MobLand.S01E05.Funeral.for.a.Friend.2160p.PMTP.WEB-DL.DDP5.1.DV.HDR.H.265-FLUX.mkv,180
1758188042,,,/mnt/8tb/mediarr/torrent/arch/MobLand.S01.2160p.PMTP.WEB-DL.DDP5.1.DV.HDR.H.265-FLUX/MobLand.S01E05.Funeral.for.a.Friend.2160p.PMTP.WEB-DL.DDP5.1.DV.HDR.H.265-FLUX.mkv,180
1758191393,,,/mnt/8tb/mediarr/torrent/arch/MobLand.S01.2160p.PMTP.WEB-DL.DDP5.1.DV.HDR.H.265-FLUX/MobLand.S01E06.Antwerp.Blues.2160p.PMTP.WEB-DL.DDP5.1.DV.HDR.H.265-FLUX.mkv,173
1758194037,,,/mnt/8tb/mediarr/torrent/arch/MobLand.S01.2160p.PMTP.WEB-DL.DDP5.1.DV.HDR.H.265-FLUX/MobLand.S01E07.The.Crossroads.2160p.PMTP.WEB-DL.DDP5.1.DV.HDR.H.265-FLUX.mkv,174
1758210151,,,/mnt/8tb/mediarr/torrent/arch/MobLand.S01.2160p.PMTP.WEB-DL.DDP5.1.DV.HDR.H.265-FLUX/MobLand.S01E08.Helter.Skelter.2160p.PMTP.WEB-DL.DDP5.1.DV.HDR.H.265-FLUX.mkv,174
1758286243,,,/mnt/8tb/mediarr/torrent/arch/MobLand.S01.2160p.PMTP.WEB-DL.DDP5.1.DV.HDR.H.265-FLUX/MobLand.S01E08.Helter.Skelter.2160p.PMTP.WEB-DL.DDP5.1.DV.HDR.H.265-FLUX.mkv,174
1758288922,,,/mnt/8tb/mediarr/torrent/arch/MobLand.S01.2160p.PMTP.WEB-DL.DDP5.1.DV.HDR.H.265-FLUX/MobLand.S01E09.Beggars.Banquet.2160p.PMTP.WEB-DL.DDP5.1.DV.HDR.H.265-FLUX.mkv,175
1758288928,,,/mnt/8tb/mediarr/torrent/arch/MobLand.S01.2160p.PMTP.WEB-DL.DDP5.1.DV.HDR.H.265-FLUX/MobLand.S01E08.Helter.Skelter.2160p.PMTP.WEB-DL.DDP5.1.DV.HDR.H.265-FLUX.mkv,174
1758288931,,,/mnt/8tb/mediarr/torrent/arch/MobLand.S01.2160p.PMTP.WEB-DL.DDP5.1.DV.HDR.H.265-FLUX/MobLand.S01E07.The.Crossroads.2160p.PMTP.WEB-DL.DDP5.1.DV.HDR.H.265-FLUX.mkv,174
1758288948,,,/mnt/8tb/mediarr/torrent/arch/MobLand.S01.2160p.PMTP.WEB-DL.DDP5.1.DV.HDR.H.265-FLUX/MobLand.S01E08.Helter.Skelter.2160p.PMTP.WEB-DL.DDP5.1.DV.HDR.H.265-FLUX.mkv,174
1758288958,,,/mnt/8tb/mediarr/torrent/arch/MobLand.S01.2160p.PMTP.WEB-DL.DDP5.1.DV.HDR.H.265-FLUX/MobLand.S01E09.Beggars.Banquet.2160p.PMTP.WEB-DL.DDP5.1.DV.HDR.H.265-FLUX.mkv,175
1758291757,,,/mnt/8tb/mediarr/torrent/arch/MobLand.S01.2160p.PMTP.WEB-DL.DDP5.1.DV.HDR.H.265-FLUX/MobLand.S01E10.The.Beast.in.Me.2160p.PMTP.WEB-DL.DDP5.1.DV.HDR.H.265-FLUX.mkv,175
1758297820,,,/mnt/8tb/mediarr/torrent/arch/MobLand.S01.2160p.PMTP.WEB-DL.DDP5.1.DV.HDR.H.265-FLUX/MobLand.S01E10.The.Beast.in.Me.2160p.PMTP.WEB-DL.DDP5.1.DV.HDR.H.265-FLUX.mkv,175
1758456545,27,Hunter x Hunter (2011) - 48,/mnt/8tb/mediarr/media/anime/Hunter x Hunter (2011)/Hunter x Hunter (2011) - 048.mkv,126
1758456560,27,Hunter x Hunter (2011) - 48,/mnt/8tb/mediarr/media/anime/Hunter x Hunter (2011)/Hunter x Hunter (2011) - 048.mkv,126
1758456563,27,Hunter x Hunter (2011) - 49,/mnt/8tb/mediarr/media/anime/Hunter x Hunter (2011)/Hunter x Hunter (2011) - 049.mkv,126
1758456643,27,Hunter x Hunter (2011) - 50,/mnt/8tb/mediarr/media/anime/Hunter x Hunter (2011)/Hunter x Hunter (2011) - 050.mkv,126
1758456650,27,Hunter x Hunter (2011) - 51,/mnt/8tb/mediarr/media/anime/Hunter x Hunter (2011)/Hunter x Hunter (2011) - 051.mkv,126
1758459465,27,Hunter x Hunter (2011) - 48,/mnt/8tb/mediarr/media/anime/Hunter x Hunter (2011)/Hunter x Hunter (2011) - 048.mkv,126
1758483714,27,Hunter x Hunter (2011) - 48,/mnt/8tb/mediarr/media/anime/Hunter x Hunter (2011)/Hunter x Hunter (2011) - 048.mkv,126
1758483804,27,Hunter x Hunter (2011) - 48,/mnt/8tb/mediarr/media/anime/Hunter x Hunter (2011)/Hunter x Hunter (2011) - 048.mkv,126
1758483806,27,Hunter x Hunter (2011) - 49,/mnt/8tb/mediarr/media/anime/Hunter x Hunter (2011)/Hunter x Hunter (2011) - 049.mkv,126
1758483809,27,Hunter x Hunter (2011) - 50,/mnt/8tb/mediarr/media/anime/Hunter x Hunter (2011)/Hunter x Hunter (2011) - 050.mkv,126
1758483813,27,Hunter x Hunter (2011) - 51,/mnt/8tb/mediarr/media/anime/Hunter x Hunter (2011)/Hunter x Hunter (2011) - 051.mkv,126
1758544386,,,/mnt/8tb/mediarr/torrent/arch/Peacemaker.S01.2160p.MAX.WEB-DL.DDP5.1.Atmos.DV.HDR.H.265-WADU/Peacemaker.S01E01.A.Whole.New.Whirled.2160p.MAX.WEB-DL.DDP5.1.Atmos.DV.HDR.H.265-WADU.mkv,195
1758544470,,,/mnt/8tb/mediarr/torrent/arch/The.Penguin.S01.2160p.MAX.WEB-DL.DDP5.1.Atmos.DV.HDR.H.265-FLUX/The.Penguin.S01E01.After.Hours.2160p.MAX.WEB-DL.DDP5.1.Atmos.DV.HDR.H.265-FLUX.mkv,189
1758544473,,,/mnt/8tb/mediarr/torrent/arch/The.Penguin.S01.2160p.MAX.WEB-DL.DDP5.1.Atmos.DV.HDR.H.265-FLUX/The.Penguin.S01E02.Inside.Man.2160p.MAX.WEB-DL.DDP5.1.Atmos.DV.HDR.H.265-FLUX.mkv,188
1758544474,,,/mnt/8tb/mediarr/torrent/arch/The.Penguin.S01.2160p.MAX.WEB-DL.DDP5.1.Atmos.DV.HDR.H.265-FLUX/The.Penguin.S01E01.After.Hours.2160p.MAX.WEB-DL.DDP5.1.Atmos.DV.HDR.H.265-FLUX.mkv,189
1758627476,,,/mnt/nvme/media/mp4/ناصر الغصن (2).mp4,60
1758638903,36,ThePrimeagen (live) 2025-09-23 17:48,https://www.twitch.tv/ThePrimeagen,85
1758639302,90,🚨🚨 DAY 1 - VIBE CODING A Game In 7 Days Using Cursor -- #ad🚨🚨 2025-09-23 17:54,https://www.youtube.com/watch?v=6V_NrgpPU_c,148
1758639334,90,🚨🚨 DAY 1 - VIBE CODING A Game In 7 Days Using Cursor -- #ad🚨🚨 2025-09-23 17:54,https://www.youtube.com/watch?v=6V_NrgpPU_c,148
1758639357,90,🚨🚨 DAY 1 - VIBE CODING A Game In 7 Days Using Cursor -- #ad🚨🚨 2025-09-23 17:54,https://www.youtube.com/watch?v=6V_NrgpPU_c,148
1758839190,,,/mnt/nvme/media/mp4/تشيز يدول مشاكل.mp4,65
1758839196,,,/mnt/nvme/media/mp4/تصبيع.mp4,47
1758839308,,,/mnt/nvme/media/mp4/HammodbinRashed-1541848722895769601-20220628_211916-vid1.mp4,93
1758839313,,,/mnt/nvme/media/mp4/Hang up that computer call, I’m feeling romantical..mp4,90
1758894798,,,/mnt/8tb/mediarr/torrent/arch/The.Penguin.S01.2160p.MAX.WEB-DL.DDP5.1.Atmos.DV.HDR.H.265-FLUX/The.Penguin.S01E01.After.Hours.2160p.MAX.WEB-DL.DDP5.1.Atmos.DV.HDR.H.265-FLUX.mkv,189
1761264617,23,Casino Royale (2006) DV,/home/btw/Downloads/Casino.Royale.2006.UHD.BluRay.2160p.DTS-HD.MA.5.1.DV.HEVC.REMUX-FraMeSToR/Casino.Royale.2006.UHD.BluRay.2160p.DTS-HD.MA.5.1.DV.HEVC.REMUX-FraMeSToR.mkv,209
1761306473,23,Casino Royale (2006) DV,/home/btw/Downloads/Casino.Royale.2006.UHD.BluRay.2160p.DTS-HD.MA.5.1.DV.HEVC.REMUX-FraMeSToR/Casino.Royale.2006.UHD.BluRay.2160p.DTS-HD.MA.5.1.DV.HEVC.REMUX-FraMeSToR.mkv,209
1761556861,16,Sound Of Freedom,/mnt/my-zfs/mediarr/torrent/arch/Sound.Of.Freedom.2023.2160p.WEB.DTS-HD.7.1.x265-AOC/Sound.Of.Freedom.2023.2160p.WEB.DTS-HD.7.1.x265-AOC.mkv,171
1761577604,,,/mnt/my-zfs/mediarr/media/anime/Death Note (2006)/[Animop.com] DN_035 [FHD][1080p].mp4,99
1761653432,15,Whiplash (2014),/mnt/my-zfs/mediarr/torrent/arch/Whiplash.2014.UHD.BluRay.2160p.TrueHD.Atmos.7.1.DV.HEVC.HYBRID.REMUX-FraMeSToR/Whiplash.2014.UHD.BluRay.2160p.TrueHD.Atmos.7.1.DV.HEVC.HYBRID.REMUX-FraMeSToR.mkv,224
1761653533,15,Whiplash (2014),/mnt/my-zfs/mediarr/torrent/arch/Whiplash.2014.UHD.BluRay.2160p.TrueHD.Atmos.7.1.DV.HEVC.HYBRID.REMUX-FraMeSToR/Whiplash.2014.UHD.BluRay.2160p.TrueHD.Atmos.7.1.DV.HEVC.HYBRID.REMUX-FraMeSToR.mkv,224
1761661584,,,/mnt/my-zfs/mediarr/torrent/arch/Sinners.2025.REAPCK.2160p.WEB-DL.DDP5.1.Atmos.DV.HDR.H.265-WADU.mkv,113
1761661608,,,/mnt/my-zfs/mediarr/torrent/arch/Sinners.2025.REAPCK.2160p.WEB-DL.DDP5.1.Atmos.DV.HDR.H.265-WADU.mkv,113
1762248490,24,Phantom Thread (2017) 4K,/mnt/my-zfs/mediarr/torrent/arch/Phantom.Thread.2017.UHD.BluRay.2160p.DTS-X.7.1.HEVC.REMUX-FraMeSToR.mkv,143
1762259988,13,Primer (2004),/mnt/my-zfs/mediarr/torrent/arch/Primer.2004.BluRay.1080p.FLAC.2.0.AVC.REMUX-FraMeSToR.mkv,118
1762293972,,,/mnt/my-zfs/mediarr/torrent/arch/Sinners.2025.REAPCK.2160p.WEB-DL.DDP5.1.Atmos.DV.HDR.H.265-WADU.mkv,113
1762389393,7,15 Step,/run/media/btw/950c8663-5291-448f-b766-5c82159b5f4c/old-arch/home/btw/.local/share/nicotine/downloads/Radiohead/In Rainbows/01 15 Step.mp3,159
1762389401,7,15 Step,/run/media/btw/950c8663-5291-448f-b766-5c82159b5f4c/old-arch/home/btw/.local/share/nicotine/downloads/Radiohead/In Rainbows/01 15 Step.mp3,159
1762389638,13,Bodysnatchers,/run/media/btw/950c8663-5291-448f-b766-5c82159b5f4c/old-arch/home/btw/.local/share/nicotine/downloads/Radiohead/In Rainbows/02 Bodysnatchers.mp3,172
1762389880,4,Nude,/run/media/btw/950c8663-5291-448f-b766-5c82159b5f4c/old-arch/home/btw/.local/share/nicotine/downloads/Radiohead/In Rainbows/03 Nude.mp3,153
1762390135,20,Weird Fishes/Arpeggi,/run/media/btw/950c8663-5291-448f-b766-5c82159b5f4c/old-arch/home/btw/.local/share/nicotine/downloads/Radiohead/In Rainbows/04 Weird FishesArpeggi.mp3,185
1762390453,10,All I Need,/run/media/btw/950c8663-5291-448f-b766-5c82159b5f4c/old-arch/home/btw/.local/share/nicotine/downloads/Radiohead/In Rainbows/05 All I Need.mp3,166
1762390682,9,Faust Arp,/run/media/btw/950c8663-5291-448f-b766-5c82159b5f4c/old-arch/home/btw/.local/share/nicotine/downloads/Radiohead/In Rainbows/06 Faust Arp.mp3,163
1762390812,8,Reckoner,/run/media/btw/950c8663-5291-448f-b766-5c82159b5f4c/old-arch/home/btw/.local/share/nicotine/downloads/Radiohead/In Rainbows/07 Reckoner.mp3,161
1762391102,14,House of Cards,/run/media/btw/950c8663-5291-448f-b766-5c82159b5f4c/old-arch/home/btw/.local/share/nicotine/downloads/Radiohead/In Rainbows/08 House of Cards.mp3,174
1762391430,25,Jigsaw Falling Into Place,/run/media/btw/950c8663-5291-448f-b766-5c82159b5f4c/old-arch/home/btw/.local/share/nicotine/downloads/Radiohead/In Rainbows/09 Jigsaw Falling Into Place.mp3,196
1762391679,9,Videotape,/run/media/btw/950c8663-5291-448f-b766-5c82159b5f4c/old-arch/home/btw/.local/share/nicotine/downloads/Radiohead/In Rainbows/10 Videotape.mp3,163
1762391961,7,15 Step,/run/media/btw/950c8663-5291-448f-b766-5c82159b5f4c/old-arch/home/btw/.local/share/nicotine/downloads/Radiohead/In Rainbows/15 Step.mp3,156
1762392230,6,Airbag,/run/media/btw/950c8663-5291-448f-b766-5c82159b5f4c/old-arch/home/btw/.local/share/nicotine/downloads/Radiohead/OK Computer/01 Airbag.mp3,157
1762392514,16,Paranoid Android,/run/media/btw/950c8663-5291-448f-b766-5c82159b5f4c/old-arch/home/btw/.local/share/nicotine/downloads/Radiohead/OK Computer/02 Paranoid Android.mp3,178
1762392898,27,Subterranean Homesick Alien,/run/media/btw/950c8663-5291-448f-b766-5c82159b5f4c/old-arch/home/btw/.local/share/nicotine/downloads/Radiohead/OK Computer/03 Subterranean Homesick Alien.mp3,200
1762393165,23,Exit Music (For A Film),/run/media/btw/950c8663-5291-448f-b766-5c82159b5f4c/old-arch/home/btw/.local/share/nicotine/downloads/Radiohead/OK Computer/04 Exit Music (For A Film).mp3,192
1762393430,8,Let Down,/run/media/btw/950c8663-5291-448f-b766-5c82159b5f4c/old-arch/home/btw/.local/share/nicotine/downloads/Radiohead/OK Computer/05 Let Down.mp3,161
1762393729,12,Karma Police,/run/media/btw/950c8663-5291-448f-b766-5c82159b5f4c/old-arch/home/btw/.local/share/nicotine/downloads/Radiohead/OK Computer/06 Karma Police.mp3,170
1762725030,12,Karma Police,/run/media/btw/950c8663-5291-448f-b766-5c82159b5f4c/old-arch/home/btw/.local/share/nicotine/downloads/Radiohead/OK Computer/06 Karma Police.mp3,170
1762725046,6,Airbag,/run/media/btw/950c8663-5291-448f-b766-5c82159b5f4c/old-arch/home/btw/.local/share/nicotine/downloads/Radiohead/OK Computer/01 Airbag.mp3,157
1762725330,16,Paranoid Android,/run/media/btw/950c8663-5291-448f-b766-5c82159b5f4c/old-arch/home/btw/.local/share/nicotine/downloads/Radiohead/OK Computer/02 Paranoid Android.mp3,178
1762725713,27,Subterranean Homesick Alien,/run/media/btw/950c8663-5291-448f-b766-5c82159b5f4c/old-arch/home/btw/.local/share/nicotine/downloads/Radiohead/OK Computer/03 Subterranean Homesick Alien.mp3,200
1762725981,23,Exit Music (For A Film),/run/media/btw/950c8663-5291-448f-b766-5c82159b5f4c/old-arch/home/btw/.local/share/nicotine/downloads/Radiohead/OK Computer/04 Exit Music (For A Film).mp3,192
1762731726,8,Let Down,/run/media/btw/950c8663-5291-448f-b766-5c82159b5f4c/old-arch/home/btw/.local/share/nicotine/downloads/Radiohead/OK Computer/05 Let Down.mp3,161
1762761679,6,Airbag,/run/media/btw/950c8663-5291-448f-b766-5c82159b5f4c/old-arch/home/btw/.local/share/nicotine/downloads/Radiohead/OK Computer/01 Airbag.mp3,157
1762761685,6,Airbag,/run/media/btw/950c8663-5291-448f-b766-5c82159b5f4c/old-arch/home/btw/.local/share/nicotine/downloads/Radiohead/OK Computer/01 Airbag.mp3,157
1762799056,,,/home/btw/Downloads/PB100027.MOV,45
1762799109,,,/home/btw/Downloads/superFrankiee-1945084326963486942-video1.mp4,77
1762799384,,,/home/btw/Downloads/PB100027.MOV,45
1762800745,,,/home/btw/Downloads/PB100027.MOV,45
1762800779,,,/home/btw/Downloads/superFrankiee-1945084326963486942-video1.mp4,77
1762800896,,,/home/btw/Downloads/PB100027.MOV,45
1762804221,,,/home/btw/Downloads/PB100029.MOV,45
1762804247,,,/home/btw/Downloads/photo_2025-11-10_21-57-21.jpg,62
1762804252,,,/home/btw/Downloads/PB100029.MOV,45
1762805332,,,/home/btw/Downloads/PB100027.MOV,45
1762805343,,,/home/btw/Downloads/PB100029.MOV,45
1762805348,,,/home/btw/Downloads/photo_2025-11-10_21-57-21.jpg,62
1762805354,,,/home/btw/Downloads/PB100029.MOV,45
1762805358,,,/home/btw/Downloads/PB100027.MOV,45
1762805366,,,/home/btw/Downloads/PB100029.MOV,45
1762805451,,,/home/btw/Downloads/photo_2025-11-10_21-57-21.jpg,62
1762848644,27,Synecdoche, New York (2008),/mnt/my-zfs/mediarr/torrent/arch/Synecdoche.New.York.2008.UHD.BluRay.2160p.DTS-HD.MA.5.1.DV.HEVC.HYBRID.REMUX-FraMeSToR/Synecdoche.New.York.2008.UHD.BluRay.2160p.DTS-HD.MA.5.1.DV.HEVC.HYBRID.REMUX-FraMeSToR.mkv,252
1762848731,27,Synecdoche, New York (2008),/mnt/my-zfs/mediarr/torrent/arch/Synecdoche.New.York.2008.UHD.BluRay.2160p.DTS-HD.MA.5.1.DV.HEVC.HYBRID.REMUX-FraMeSToR/Synecdoche.New.York.2008.UHD.BluRay.2160p.DTS-HD.MA.5.1.DV.HEVC.HYBRID.REMUX-FraMeSToR.mkv,252
1762853064,,,/home/btw/Downloads/PB110034.MOV,45
1762853621,,,/home/btw/Downloads/PB110034.MOV,45
1762853757,,,/home/btw/Downloads/PB100029.MOV,45
1763186380,6,Airbag,/run/media/btw/950c8663-5291-448f-b766-5c82159b5f4c/old-arch/home/btw/.local/share/nicotine/downloads/Radiohead/OK Computer/01 Airbag.mp3,157
1763186712,,,/mnt/my-zfs/mediarr/media/tv/Game Of Thrones (2011)/Season 1/Game of Thrones (2010) - S01E01 - Winter Is Coming.mkv,128
1763186734,22,Game of Thrones S07E01,/mnt/my-zfs/mediarr/media/tv/Game Of Thrones (2011)/Season 7/Game of Thrones (2010) - S07E01 - Dragonstone.mkv,147
1763193974,,,/mnt/my-zfs/mediarr/torrent/arch/The.Penguin.S01.2160p.MAX.WEB-DL.DDP5.1.Atmos.DV.HDR.H.265-FLUX/The.Penguin.S01E01.After.Hours.2160p.MAX.WEB-DL.DDP5.1.Atmos.DV.HDR.H.265-FLUX.mkv,192
1763194472,,,/mnt/my-zfs/mediarr/torrent/arch/Whiplash.2014.UHD.BluRay.2160p.TrueHD.Atmos.7.1.DV.HEVC.HYBRID.REMUX-FraMeSToR/Whiplash.2014.UHD.BluRay.2160p.TrueHD.Atmos.7.1.DV.HEVC.HYBRID.REMUX-FraMeSToR.mkv,207
1763241666,,,/mnt/my-zfs/mediarr/torrent/arch/Whiplash.2014.UHD.BluRay.2160p.TrueHD.Atmos.7.1.DV.HEVC.HYBRID.REMUX-FraMeSToR/Whiplash.2014.UHD.BluRay.2160p.TrueHD.Atmos.7.1.DV.HEVC.HYBRID.REMUX-FraMeSToR.mkv,207
1763242052,38,2020 LG OLED l  The Black 4K HDR 60fps,https://youtu.be/njX2bu-_Vw4,81
1763295276,25,2 + 2 = 5 (The Lukewarm.),/run/media/btw/950c8663-5291-448f-b766-5c82159b5f4c/old-arch/home/btw/.local/share/nicotine/downloads/Radiohead/Hail to the Thief/01 2 + 2 = 5 (The Lukewarm.).mp3,202
1763295288,25,2 + 2 = 5 (The Lukewarm.),/run/media/btw/950c8663-5291-448f-b766-5c82159b5f4c/old-arch/home/btw/.local/share/nicotine/downloads/Radiohead/Hail to the Thief/01 2 + 2 = 5 (The Lukewarm.).mp3,202
1763295477,25,2 + 2 = 5 (The Lukewarm.),/run/media/btw/950c8663-5291-448f-b766-5c82159b5f4c/old-arch/home/btw/.local/share/nicotine/downloads/Radiohead/Hail to the Thief/2 + 2 = 5 (The Lukewarm.).mp3,199
1763295574,39,Sit Down. Stand Up. (Snakes & Ladders.),/run/media/btw/950c8663-5291-448f-b766-5c82159b5f4c/old-arch/home/btw/.local/share/nicotine/downloads/Radiohead/Hail to the Thief/02 Sit Down. Stand Up. (Snakes & Ladders.).mp3,230
1763295576,53,Sail to the Moon. (Brush the Cobwebs Out of the Sky.),/run/media/btw/950c8663-5291-448f-b766-5c82159b5f4c/old-arch/home/btw/.local/share/nicotine/downloads/Radiohead/Hail to the Thief/03 Sail to the Moon. (Brush the Cobwebs Out of the Sky.).mp3,258
1763295577,39,Sit Down. Stand Up. (Snakes & Ladders.),/run/media/btw/950c8663-5291-448f-b766-5c82159b5f4c/old-arch/home/btw/.local/share/nicotine/downloads/Radiohead/Hail to the Thief/02 Sit Down. Stand Up. (Snakes & Ladders.).mp3,230
1763295837,53,Sail to the Moon. (Brush the Cobwebs Out of the Sky.),/run/media/btw/950c8663-5291-448f-b766-5c82159b5f4c/old-arch/home/btw/.local/share/nicotine/downloads/Radiohead/Hail to the Thief/03 Sail to the Moon. (Brush the Cobwebs Out of the Sky.).mp3,258
1763300128,70,Camping Alone in Alaska, Hunting for Walrus Ivory & Trolling for Bears,https://youtu.be/6FJ-kY7TNA0,113
1763306231,,,/mnt/my-zfs/mediarr/torrent/arch/Psycho-Pass (2012) [Complete] [BD 1080p HEVC OPUS] [ENG-SUB]/Movies/Psycho-Pass 3 First Inspector (2020).mkv,154
1763307754,17,La La Land (2016),/mnt/my-zfs/mediarr/torrent/arch/La.La.Land.2016.REPACK.UHD.BluRay.2160p.TrueHD.Atmos.7.1.DV.HEVC.HYBRID.REMUX-FraMeSToR/La.La.Land.2016.REPACK.UHD.BluRay.2160p.TrueHD.Atmos.7.1.DV.HEVC.HYBRID.REMUX-FraMeSToR.mkv,244
1763307962,17,La La Land (2016),/mnt/my-zfs/mediarr/torrent/arch/La.La.Land.2016.REPACK.UHD.BluRay.2160p.TrueHD.Atmos.7.1.DV.HEVC.HYBRID.REMUX-FraMeSToR/La.La.Land.2016.REPACK.UHD.BluRay.2160p.TrueHD.Atmos.7.1.DV.HEVC.HYBRID.REMUX-FraMeSToR.mkv,244
1763307982,17,La La Land (2016),/mnt/my-zfs/mediarr/torrent/arch/La.La.Land.2016.REPACK.UHD.BluRay.2160p.TrueHD.Atmos.7.1.DV.HEVC.HYBRID.REMUX-FraMeSToR/La.La.Land.2016.REPACK.UHD.BluRay.2160p.TrueHD.Atmos.7.1.DV.HEVC.HYBRID.REMUX-FraMeSToR.mkv,244
1763390662,38,The Best Performance Mod (maintenance),https://youtu.be/UtewpMsGafQ,81
1763459507,17,La La Land (2016),/mnt/my-zfs/mediarr/torrent/arch/La.La.Land.2016.REPACK.UHD.BluRay.2160p.TrueHD.Atmos.7.1.DV.HEVC.HYBRID.REMUX-FraMeSToR/La.La.Land.2016.REPACK.UHD.BluRay.2160p.TrueHD.Atmos.7.1.DV.HEVC.HYBRID.REMUX-FraMeSToR.mkv,244
1763461383,17,La La Land (2016),/mnt/my-zfs/mediarr/torrent/arch/La.La.Land.2016.REPACK.UHD.BluRay.2160p.TrueHD.Atmos.7.1.DV.HEVC.HYBRID.REMUX-FraMeSToR/La.La.Land.2016.REPACK.UHD.BluRay.2160p.TrueHD.Atmos.7.1.DV.HEVC.HYBRID.REMUX-FraMeSToR.mkv,244
1763461400,17,La La Land (2016),/mnt/my-zfs/mediarr/torrent/arch/La.La.Land.2016.REPACK.UHD.BluRay.2160p.TrueHD.Atmos.7.1.DV.HEVC.HYBRID.REMUX-FraMeSToR/La.La.Land.2016.REPACK.UHD.BluRay.2160p.TrueHD.Atmos.7.1.DV.HEVC.HYBRID.REMUX-FraMeSToR.mkv,244
1763463575,17,La La Land (2016),/mnt/my-zfs/mediarr/torrent/arch/La.La.Land.2016.REPACK.UHD.BluRay.2160p.TrueHD.Atmos.7.1.DV.HEVC.HYBRID.REMUX-FraMeSToR/La.La.Land.2016.REPACK.UHD.BluRay.2160p.TrueHD.Atmos.7.1.DV.HEVC.HYBRID.REMUX-FraMeSToR.mkv,244
1763495491,14,Burn The Witch,/run/media/btw/950c8663-5291-448f-b766-5c82159b5f4c/old-arch/home/btw/.local/share/nicotine/downloads/Radiohead/A Moon Shaped Pool/01 Burn The Witch.mp3,181
1763555533,40,One Battle After Another (2025) (2160p) ,/mnt/my-zfs/mediarr/torrent/arch/One Battle After Another (2025) (2160p WEB-DL Hybrid H265 DV HDR DDP Atmos 5.1 English - HONE).mkv,186
1763555583,40,One Battle After Another (2025) (2160p) ,/mnt/my-zfs/mediarr/torrent/arch/One Battle After Another (2025) (2160p WEB-DL Hybrid H265 DV HDR DDP Atmos 5.1 English - HONE).mkv,186
1763555608,,,/mnt/my-zfs/mediarr/torrent/arch/Mickey.17.2025.2160p.iT.WEB-DL.DDP5.1.Atmos.DV.HDR.H.265-BYNDR.mkv,112
1763555625,,,/mnt/my-zfs/mediarr/torrent/arch/F1.The.Movie.2025.2160p.iT.WEB-DL.DDP5.1.Atmos.DV.HDR.H.265-BYNDR.mkv,115
1763569102,63,Why Trash Isn’t Useless | An Optimist’s Guide to the Planet,https://youtu.be/wq-ymiaf9nE,106
1763569133,63,Why Trash Isn’t Useless | An Optimist’s Guide to the Planet,https://youtu.be/wq-ymiaf9nE,106
1763575388,40,One Battle After Another (2025) (2160p) ,/mnt/my-zfs/mediarr/torrent/arch/One Battle After Another (2025) (2160p WEB-DL Hybrid H265 DV HDR DDP Atmos 5.1 English - HONE).mkv,186
1763579964,14,Burn The Witch,/run/media/btw/950c8663-5291-448f-b766-5c82159b5f4c/old-arch/home/btw/.local/share/nicotine/downloads/Radiohead/A Moon Shaped Pool/01 Burn The Witch.mp3,181
1763659272,,,/mnt/my-zfs/mediarr/torrent/arch/Weapons.2025.2160p.iT.WEB-DL.DDP5.1.DV.HDR.H.265-RDNYB.mkv,104
1763665032,20,F1: The Movie (2025),/run/media/btw/9ac1625c-c25c-47cc-84af-63e9ca3402f8/F1.The.Movie.2025.2160p.UHD.Blu-ray.Remux.DV.HDR.HEVC.TrueHD.Atmos.7.1-CiNEPHiLES.mkv,172
1763665056,20,F1: The Movie (2025),/run/media/btw/9ac1625c-c25c-47cc-84af-63e9ca3402f8/F1.The.Movie.2025.2160p.UHD.Blu-ray.Remux.DV.HDR.HEVC.TrueHD.Atmos.7.1-CiNEPHiLES.mkv,172
1763665058,,,/run/media/btw/9ac1625c-c25c-47cc-84af-63e9ca3402f8/Weapons.2025.2160p.iT.WEB-DL.DDP5.1.DV.HDR.H.265-RDNYB.mkv,123
1763809183,13,The Batman 4K,/mnt/my-zfs/mediarr/torrent/arch/The.Batman.2022.UHD.BluRay.2160p.TrueHD.Atmos.7.1.DV.HEVC.REMUX-FraMeSToR/The.Batman.2022.UHD.BluRay.2160p.TrueHD.Atmos.7.1.DV.HEVC.REMUX-FraMeSToR.mkv,212
1763809479,13,The Batman 4K,/mnt/my-zfs/mediarr/torrent/arch/The.Batman.2022.UHD.BluRay.2160p.TrueHD.Atmos.7.1.DV.HEVC.REMUX-FraMeSToR/The.Batman.2022.UHD.BluRay.2160p.TrueHD.Atmos.7.1.DV.HEVC.REMUX-FraMeSToR.mkv,212
1763828924,,,/mnt/my-zfs/mediarr/torrent/arch/The.Penguin.S01.2160p.MAX.WEB-DL.DDP5.1.Atmos.DV.HDR.H.265-FLUX/The.Penguin.S01E01.After.Hours.2160p.MAX.WEB-DL.DDP5.1.Atmos.DV.HDR.H.265-FLUX.mkv,192
1763843365,,,/mnt/my-zfs/mediarr/torrent/arch/The.Penguin.S01.2160p.MAX.WEB-DL.DDP5.1.Atmos.DV.HDR.H.265-FLUX/The.Penguin.S01E02.Inside.Man.2160p.MAX.WEB-DL.DDP5.1.Atmos.DV.HDR.H.265-FLUX.mkv,191
1763848214,,,/mnt/my-zfs/mediarr/torrent/arch/The.Penguin.S01.2160p.MAX.WEB-DL.DDP5.1.Atmos.DV.HDR.H.265-FLUX/The.Penguin.S01E03.Bliss.2160p.MAX.WEB-DL.DDP5.1.Atmos.DV.HDR.H.265-FLUX.mkv,186
1763902767,14,Burn The Witch,/run/media/btw/950c8663-5291-448f-b766-5c82159b5f4c/old-arch/home/btw/.local/share/nicotine/downloads/Radiohead/A Moon Shaped Pool/01 Burn The Witch.mp3,181
1763909064,,,/mnt/my-zfs/mediarr/torrent/arch/The.Penguin.S01.2160p.MAX.WEB-DL.DDP5.1.Atmos.DV.HDR.H.265-FLUX/The.Penguin.S01E03.Bliss.2160p.MAX.WEB-DL.DDP5.1.Atmos.DV.HDR.H.265-FLUX.mkv,186
1763909066,,,/mnt/my-zfs/mediarr/torrent/arch/The.Penguin.S01.2160p.MAX.WEB-DL.DDP5.1.Atmos.DV.HDR.H.265-FLUX/The.Penguin.S01E04.Centanni.2160p.MAX.WEB-DL.DDP5.1.Atmos.DV.HDR.H.265-FLUX.mkv,189
1763913123,,,/mnt/my-zfs/mediarr/torrent/arch/The.Penguin.S01.2160p.MAX.WEB-DL.DDP5.1.Atmos.DV.HDR.H.265-FLUX/The.Penguin.S01E05.Homecoming.2160p.MAX.WEB-DL.DDP5.1.Atmos.DV.HDR.H.265-FLUX.mkv,191
1763924981,,,/mnt/my-zfs/mediarr/torrent/arch/The.Penguin.S01.2160p.MAX.WEB-DL.DDP5.1.Atmos.DV.HDR.H.265-FLUX/The.Penguin.S01E06.Gold.Summit.2160p.MAX.WEB-DL.DDP5.1.Atmos.DV.HDR.H.265-FLUX.mkv,192
1763930281,,,/mnt/my-zfs/mediarr/torrent/arch/The.Penguin.S01.2160p.MAX.WEB-DL.DDP5.1.Atmos.DV.HDR.H.265-FLUX/The.Penguin.S01E07.Top.Hat.2160p.MAX.WEB-DL.DDP5.1.Atmos.DV.HDR.H.265-FLUX.mkv,188
1763933190,,,/mnt/my-zfs/mediarr/torrent/arch/The.Penguin.S01.2160p.MAX.WEB-DL.DDP5.1.Atmos.DV.HDR.H.265-FLUX/The.Penguin.S01E08.A.Great.Or.Little.Thing.2160p.MAX.WEB-DL.DDP5.1.Atmos.DV.HDR.H.265-FLUX.mkv,204
1764016833,14,Burn The Witch,/run/media/btw/950c8663-5291-448f-b766-5c82159b5f4c/old-arch/home/btw/.local/share/nicotine/downloads/Radiohead/A Moon Shaped Pool/01 Burn The Witch.mp3,181
1764016886,11,Treefingers,/run/media/btw/950c8663-5291-448f-b766-5c82159b5f4c/old-arch/home/btw/.local/share/nicotine/downloads/Radiohead/Kid A/05 Treefingers.mp3,162
1764021930,14,Prove Yourself,/run/media/btw/950c8663-5291-448f-b766-5c82159b5f4c/old-arch/home/btw/.local/share/nicotine/downloads/Radiohead/Pablo Honey/09 Prove Yourself.mp3,174
1764024042,,,/mnt/my-zfs/mediarr/torrent/arch/The.Mentalist.2008.S01-S07.1080p.AMZN.WEB-DL.x265.HEVC.DDP.5.1-PHOCiS/_Series Posters/The Mentalist (2008) - Season 1.png,167
1764024056,13,S1 E1 - Pilot,/mnt/my-zfs/mediarr/torrent/arch/The.Mentalist.2008.S01-S07.1080p.AMZN.WEB-DL.x265.HEVC.DDP.5.1-PHOCiS/S01/The.Mentalist.S01E01.Pilot.1080p.AMZN.WEB-DL.x265.HEVC.DDP.5.1-PHOCiS.mkv,208
1764024209,13,S1 E1 - Pilot,/mnt/my-zfs/mediarr/torrent/arch/The.Mentalist.2008.S01-S07.1080p.AMZN.WEB-DL.x265.HEVC.DDP.5.1-PHOCiS/S01/The.Mentalist.S01E01.Pilot.1080p.AMZN.WEB-DL.x265.HEVC.DDP.5.1-PHOCiS.mkv,208
1764027474,13,S1 E1 - Pilot,/mnt/my-zfs/mediarr/torrent/arch/The.Mentalist.2008.S01-S07.1080p.AMZN.WEB-DL.x265.HEVC.DDP.5.1-PHOCiS/S01/The.Mentalist.S01E01.Pilot.1080p.AMZN.WEB-DL.x265.HEVC.DDP.5.1-PHOCiS.mkv,208
1764028012,13,S1 E1 - Pilot,/mnt/my-zfs/mediarr/torrent/arch/The.Mentalist.2008.S01-S07.1080p.AMZN.WEB-DL.x265.HEVC.DDP.5.1-PHOCiS/S01/The.Mentalist.S01E01.Pilot.1080p.AMZN.WEB-DL.x265.HEVC.DDP.5.1-PHOCiS.mkv,208
1764028109,13,S1 E1 - Pilot,/mnt/my-zfs/mediarr/torrent/arch/The.Mentalist.2008.S01-S07.1080p.AMZN.WEB-DL.x265.HEVC.DDP.5.1-PHOCiS/S01/The.Mentalist.S01E01.Pilot.1080p.AMZN.WEB-DL.x265.HEVC.DDP.5.1-PHOCiS.mkv,208
1764065661,13,S1 E1 - Pilot,/mnt/my-zfs/mediarr/torrent/arch/The.Mentalist.2008.S01-S07.1080p.AMZN.WEB-DL.x265.HEVC.DDP.5.1-PHOCiS/S01/The.Mentalist.S01E01.Pilot.1080p.AMZN.WEB-DL.x265.HEVC.DDP.5.1-PHOCiS.mkv,208
1764065691,32,S1 E2 - Red Hair and Silver Tape,/mnt/my-zfs/mediarr/torrent/arch/The.Mentalist.2008.S01-S07.1080p.AMZN.WEB-DL.x265.HEVC.DDP.5.1-PHOCiS/S01/The.Mentalist.S01E02.Red.Hair.and.Silver.Tape.1080p.AMZN.WEB-DL.x265.HEVC.DDP.5.1-PHOCiS.mkv,246
1764068641,16,S1 E3 - Red Tide,/mnt/my-zfs/mediarr/torrent/arch/The.Mentalist.2008.S01-S07.1080p.AMZN.WEB-DL.x265.HEVC.DDP.5.1-PHOCiS/S01/The.Mentalist.S01E03.Red.Tide.1080p.AMZN.WEB-DL.x265.HEVC.DDP.5.1-PHOCiS.mkv,214
1764080494,21,S1 E4 - Ladies in Red,/mnt/my-zfs/mediarr/torrent/arch/The.Mentalist.2008.S01-S07.1080p.AMZN.WEB-DL.x265.HEVC.DDP.5.1-PHOCiS/S01/The.Mentalist.S01E04.Ladies.in.Red.1080p.AMZN.WEB-DL.x265.HEVC.DDP.5.1-PHOCiS.mkv,224
1764087082,15,S1 E5 - Redwood,/mnt/my-zfs/mediarr/torrent/arch/The.Mentalist.2008.S01-S07.1080p.AMZN.WEB-DL.x265.HEVC.DDP.5.1-PHOCiS/S01/The.Mentalist.S01E05.Redwood.1080p.AMZN.WEB-DL.x265.HEVC.DDP.5.1-PHOCiS.mkv,212
1764148497,15,S1 E5 - Redwood,/mnt/my-zfs/mediarr/torrent/arch/The.Mentalist.2008.S01-S07.1080p.AMZN.WEB-DL.x265.HEVC.DDP.5.1-PHOCiS/S01/The.Mentalist.S01E05.Redwood.1080p.AMZN.WEB-DL.x265.HEVC.DDP.5.1-PHOCiS.mkv,212
1764150965,18,S1 E6 - Red Handed,/mnt/my-zfs/mediarr/torrent/arch/The.Mentalist.2008.S01-S07.1080p.AMZN.WEB-DL.x265.HEVC.DDP.5.1-PHOCiS/S01/The.Mentalist.S01E06.Red.Handed.1080p.AMZN.WEB-DL.x265.HEVC.DDP.5.1-PHOCiS.mkv,218
1764157908,,,https://i.imgur.com/RtgpNhQ.jpeg,45
1764157930,,,https://i.imgur.com/JkBmYqh.jpeg,45
1764158065,18,S1 E7 - Seeing Red,/mnt/my-zfs/mediarr/torrent/arch/The.Mentalist.2008.S01-S07.1080p.AMZN.WEB-DL.x265.HEVC.DDP.5.1-PHOCiS/S01/The.Mentalist.S01E07.Seeing.Red.1080p.AMZN.WEB-DL.x265.HEVC.DDP.5.1-PHOCiS.mkv,218
1764158196,18,S1 E7 - Seeing Red,/mnt/my-zfs/mediarr/torrent/arch/The.Mentalist.2008.S01-S07.1080p.AMZN.WEB-DL.x265.HEVC.DDP.5.1-PHOCiS/S01/The.Mentalist.S01E07.Seeing.Red.1080p.AMZN.WEB-DL.x265.HEVC.DDP.5.1-PHOCiS.mkv,218
1764163131,18,S1 E7 - Seeing Red,/mnt/my-zfs/mediarr/torrent/arch/The.Mentalist.2008.S01-S07.1080p.AMZN.WEB-DL.x265.HEVC.DDP.5.1-PHOCiS/S01/The.Mentalist.S01E07.Seeing.Red.1080p.AMZN.WEB-DL.x265.HEVC.DDP.5.1-PHOCiS.mkv,218
1764171754,18,S1 E7 - Seeing Red,/mnt/my-zfs/mediarr/torrent/arch/The.Mentalist.2008.S01-S07.1080p.AMZN.WEB-DL.x265.HEVC.DDP.5.1-PHOCiS/S01/The.Mentalist.S01E07.Seeing.Red.1080p.AMZN.WEB-DL.x265.HEVC.DDP.5.1-PHOCiS.mkv,218
1764206526,21,Eyes Wide Shut (1999),/mnt/my-zfs/mediarr/torrent/arch/Eyes.Wide.Shut.1999.2160p.UHD.Blu-ray.Remux.DV.HDR.HEVC.DTS-HD.MA.5.1-CiNEPHiLES.mkv,153
1764206534,21,Eyes Wide Shut (1999),/mnt/my-zfs/mediarr/torrent/arch/Eyes.Wide.Shut.1999.2160p.UHD.Blu-ray.Remux.DV.HDR.HEVC.DTS-HD.MA.5.1-CiNEPHiLES.mkv,153
1764245297,21,Climbing Up The Walls,/run/media/btw/950c8663-5291-448f-b766-5c82159b5f4c/old-arch/home/btw/.local/share/nicotine/downloads/Radiohead/OK Computer/09 Climbing Up The Walls.mp3,188
1764245637,12,No Surprises,/run/media/btw/950c8663-5291-448f-b766-5c82159b5f4c/old-arch/home/btw/.local/share/nicotine/downloads/Radiohead/OK Computer/10 No Surprises.mp3,170
1764254802,42,Game of Thrones S01E01 Winter Is Coming 4K,/mnt/my-zfs/mediarr/torrent/arch/Game.of.Thrones.S01-S08.2160p.UHD.BluRay.REMUX.DV.HDR.HEVC.TrueHD.7.1.Atmos-FraMeSToR/Game.of.Thrones.S01.UHD.BluRay.2160p.TrueHD.Atmos.7.1.DV.HEVC.REMUX-FraMeSToR/Game.of.Thrones.S01E01.Winter.Is.Coming.2160p.TrueHD.Atmos.7.1.DV.HEVC.REMUX-FraMeSToR.mkv,344
1764254811,42,Game of Thrones S01E01 Winter Is Coming 4K,/mnt/my-zfs/mediarr/torrent/arch/Game.of.Thrones.2011.S01-S08.2160p.BluRay.HDR10.10bit.x265.HEVC.TrueHD.Atmos.7.1-PHOCiS/Season 01/Game.of.Thrones.S01E01.Winter.Is.Coming.2160p.BluRay.HDR10.10bit.x265.HEVC.TrueHD.Atmos.7.1-PHOCiS.mkv,290
1764254832,42,Game of Thrones S01E01 Winter Is Coming 4K,/mnt/my-zfs/mediarr/torrent/arch/Game.of.Thrones.S01-S08.2160p.UHD.BluRay.REMUX.DV.HDR.HEVC.TrueHD.7.1.Atmos-FraMeSToR/Game.of.Thrones.S01.UHD.BluRay.2160p.TrueHD.Atmos.7.1.DV.HEVC.REMUX-FraMeSToR/Game.of.Thrones.S01E01.Winter.Is.Coming.2160p.TrueHD.Atmos.7.1.DV.HEVC.REMUX-FraMeSToR.mkv,344
1764254832,42,Game of Thrones S01E01 Winter Is Coming 4K,/mnt/my-zfs/mediarr/torrent/arch/Game.of.Thrones.2011.S01-S08.2160p.BluRay.HDR10.10bit.x265.HEVC.TrueHD.Atmos.7.1-PHOCiS/Season 01/Game.of.Thrones.S01E01.Winter.Is.Coming.2160p.BluRay.HDR10.10bit.x265.HEVC.TrueHD.Atmos.7.1-PHOCiS.mkv,290
1764254890,,,/home/btw/the 9-9-9 baseball challenge has nothing on peter 🍻📺： #familyguy #fam... [7533647464109264142].mp4,129
1764254897,,,/home/btw/the 9-9-9 baseball challenge has nothing on peter 🍻📺： #familyguy #fam... [7533647464109264142].mp4,129
1764254916,42,Game of Thrones S01E01 Winter Is Coming 4K,/mnt/my-zfs/mediarr/torrent/arch/Game.of.Thrones.2011.S01-S08.2160p.BluRay.HDR10.10bit.x265.HEVC.TrueHD.Atmos.7.1-PHOCiS/Season 01/Game.of.Thrones.S01E01.Winter.Is.Coming.2160p.BluRay.HDR10.10bit.x265.HEVC.TrueHD.Atmos.7.1-PHOCiS.mkv,290
1764254916,42,Game of Thrones S01E01 Winter Is Coming 4K,/mnt/my-zfs/mediarr/torrent/arch/Game.of.Thrones.S01-S08.2160p.UHD.BluRay.REMUX.DV.HDR.HEVC.TrueHD.7.1.Atmos-FraMeSToR/Game.of.Thrones.S01.UHD.BluRay.2160p.TrueHD.Atmos.7.1.DV.HEVC.REMUX-FraMeSToR/Game.of.Thrones.S01E01.Winter.Is.Coming.2160p.TrueHD.Atmos.7.1.DV.HEVC.REMUX-FraMeSToR.mkv,344
1764255154,42,Game of Thrones S01E01 Winter Is Coming 4K,/mnt/my-zfs/mediarr/torrent/arch/Game.of.Thrones.2011.S01-S08.2160p.BluRay.HDR10.10bit.x265.HEVC.TrueHD.Atmos.7.1-PHOCiS/Season 01/Game.of.Thrones.S01E01.Winter.Is.Coming.2160p.BluRay.HDR10.10bit.x265.HEVC.TrueHD.Atmos.7.1-PHOCiS.mkv,290
1764255154,42,Game of Thrones S01E01 Winter Is Coming 4K,/mnt/my-zfs/mediarr/torrent/arch/Game.of.Thrones.S01-S08.2160p.UHD.BluRay.REMUX.DV.HDR.HEVC.TrueHD.7.1.Atmos-FraMeSToR/Game.of.Thrones.S01.UHD.BluRay.2160p.TrueHD.Atmos.7.1.DV.HEVC.REMUX-FraMeSToR/Game.of.Thrones.S01E01.Winter.Is.Coming.2160p.TrueHD.Atmos.7.1.DV.HEVC.REMUX-FraMeSToR.mkv,344
1764255198,42,Game of Thrones S01E01 Winter Is Coming 4K,/mnt/my-zfs/mediarr/torrent/arch/Game.of.Thrones.S01-S08.2160p.UHD.BluRay.REMUX.DV.HDR.HEVC.TrueHD.7.1.Atmos-FraMeSToR/Game.of.Thrones.S01.UHD.BluRay.2160p.TrueHD.Atmos.7.1.DV.HEVC.REMUX-FraMeSToR/Game.of.Thrones.S01E01.Winter.Is.Coming.2160p.TrueHD.Atmos.7.1.DV.HEVC.REMUX-FraMeSToR.mkv,344
1764255198,42,Game of Thrones S01E01 Winter Is Coming 4K,/mnt/my-zfs/mediarr/torrent/arch/Game.of.Thrones.2011.S01-S08.2160p.BluRay.HDR10.10bit.x265.HEVC.TrueHD.Atmos.7.1-PHOCiS/Season 01/Game.of.Thrones.S01E01.Winter.Is.Coming.2160p.BluRay.HDR10.10bit.x265.HEVC.TrueHD.Atmos.7.1-PHOCiS.mkv,290
1764255215,42,Game of Thrones S01E01 Winter Is Coming 4K,/mnt/my-zfs/mediarr/torrent/arch/Game.of.Thrones.2011.S01-S08.2160p.BluRay.HDR10.10bit.x265.HEVC.TrueHD.Atmos.7.1-PHOCiS/Season 01/Game.of.Thrones.S01E01.Winter.Is.Coming.2160p.BluRay.HDR10.10bit.x265.HEVC.TrueHD.Atmos.7.1-PHOCiS.mkv,290
1764255215,42,Game of Thrones S01E01 Winter Is Coming 4K,/mnt/my-zfs/mediarr/torrent/arch/Game.of.Thrones.S01-S08.2160p.UHD.BluRay.REMUX.DV.HDR.HEVC.TrueHD.7.1.Atmos-FraMeSToR/Game.of.Thrones.S01.UHD.BluRay.2160p.TrueHD.Atmos.7.1.DV.HEVC.REMUX-FraMeSToR/Game.of.Thrones.S01E01.Winter.Is.Coming.2160p.TrueHD.Atmos.7.1.DV.HEVC.REMUX-FraMeSToR.mkv,344
1764255268,42,Game of Thrones S01E01 Winter Is Coming 4K,/mnt/my-zfs/mediarr/torrent/arch/Game.of.Thrones.2011.S01-S08.2160p.BluRay.HDR10.10bit.x265.HEVC.TrueHD.Atmos.7.1-PHOCiS/Season 01/Game.of.Thrones.S01E01.Winter.Is.Coming.2160p.BluRay.HDR10.10bit.x265.HEVC.TrueHD.Atmos.7.1-PHOCiS.mkv,290
1764255268,42,Game of Thrones S01E01 Winter Is Coming 4K,/mnt/my-zfs/mediarr/torrent/arch/Game.of.Thrones.S01-S08.2160p.UHD.BluRay.REMUX.DV.HDR.HEVC.TrueHD.7.1.Atmos-FraMeSToR/Game.of.Thrones.S01.UHD.BluRay.2160p.TrueHD.Atmos.7.1.DV.HEVC.REMUX-FraMeSToR/Game.of.Thrones.S01E01.Winter.Is.Coming.2160p.TrueHD.Atmos.7.1.DV.HEVC.REMUX-FraMeSToR.mkv,344
1764255426,42,Game of Thrones S01E01 Winter Is Coming 4K,/mnt/my-zfs/mediarr/torrent/arch/Game.of.Thrones.S01-S08.2160p.UHD.BluRay.REMUX.DV.HDR.HEVC.TrueHD.7.1.Atmos-FraMeSToR/Game.of.Thrones.S01.UHD.BluRay.2160p.TrueHD.Atmos.7.1.DV.HEVC.REMUX-FraMeSToR/Game.of.Thrones.S01E01.Winter.Is.Coming.2160p.TrueHD.Atmos.7.1.DV.HEVC.REMUX-FraMeSToR.mkv,344
1764255426,42,Game of Thrones S01E01 Winter Is Coming 4K,/mnt/my-zfs/mediarr/torrent/arch/Game.of.Thrones.2011.S01-S08.2160p.BluRay.HDR10.10bit.x265.HEVC.TrueHD.Atmos.7.1-PHOCiS/Season 01/Game.of.Thrones.S01E01.Winter.Is.Coming.2160p.BluRay.HDR10.10bit.x265.HEVC.TrueHD.Atmos.7.1-PHOCiS.mkv,290
1764255464,42,Game of Thrones S01E01 Winter Is Coming 4K,/mnt/my-zfs/mediarr/torrent/arch/Game.of.Thrones.2011.S01-S08.2160p.BluRay.HDR10.10bit.x265.HEVC.TrueHD.Atmos.7.1-PHOCiS/Season 01/Game.of.Thrones.S01E01.Winter.Is.Coming.2160p.BluRay.HDR10.10bit.x265.HEVC.TrueHD.Atmos.7.1-PHOCiS.mkv,290
1764255464,42,Game of Thrones S01E01 Winter Is Coming 4K,/mnt/my-zfs/mediarr/torrent/arch/Game.of.Thrones.S01-S08.2160p.UHD.BluRay.REMUX.DV.HDR.HEVC.TrueHD.7.1.Atmos-FraMeSToR/Game.of.Thrones.S01.UHD.BluRay.2160p.TrueHD.Atmos.7.1.DV.HEVC.REMUX-FraMeSToR/Game.of.Thrones.S01E01.Winter.Is.Coming.2160p.TrueHD.Atmos.7.1.DV.HEVC.REMUX-FraMeSToR.mkv,344
1764255503,42,Game of Thrones S01E01 Winter Is Coming 4K,/mnt/my-zfs/mediarr/torrent/arch/Game.of.Thrones.2011.S01-S08.2160p.BluRay.HDR10.10bit.x265.HEVC.TrueHD.Atmos.7.1-PHOCiS/Season 01/Game.of.Thrones.S01E01.Winter.Is.Coming.2160p.BluRay.HDR10.10bit.x265.HEVC.TrueHD.Atmos.7.1-PHOCiS.mkv,290
1764255503,42,Game of Thrones S01E01 Winter Is Coming 4K,/mnt/my-zfs/mediarr/torrent/arch/Game.of.Thrones.S01-S08.2160p.UHD.BluRay.REMUX.DV.HDR.HEVC.TrueHD.7.1.Atmos-FraMeSToR/Game.of.Thrones.S01.UHD.BluRay.2160p.TrueHD.Atmos.7.1.DV.HEVC.REMUX-FraMeSToR/Game.of.Thrones.S01E01.Winter.Is.Coming.2160p.TrueHD.Atmos.7.1.DV.HEVC.REMUX-FraMeSToR.mkv,344
1764255535,42,Game of Thrones S01E01 Winter Is Coming 4K,/mnt/my-zfs/mediarr/torrent/arch/Game.of.Thrones.2011.S01-S08.2160p.BluRay.HDR10.10bit.x265.HEVC.TrueHD.Atmos.7.1-PHOCiS/Season 01/Game.of.Thrones.S01E01.Winter.Is.Coming.2160p.BluRay.HDR10.10bit.x265.HEVC.TrueHD.Atmos.7.1-PHOCiS.mkv,290
1764255535,42,Game of Thrones S01E01 Winter Is Coming 4K,/mnt/my-zfs/mediarr/torrent/arch/Game.of.Thrones.S01-S08.2160p.UHD.BluRay.REMUX.DV.HDR.HEVC.TrueHD.7.1.Atmos-FraMeSToR/Game.of.Thrones.S01.UHD.BluRay.2160p.TrueHD.Atmos.7.1.DV.HEVC.REMUX-FraMeSToR/Game.of.Thrones.S01E01.Winter.Is.Coming.2160p.TrueHD.Atmos.7.1.DV.HEVC.REMUX-FraMeSToR.mkv,344
1764259074,20,Batman Begins (2005),/mnt/my-zfs/mediarr/torrent/arch/Batman.Begins.2005.UHD.BluRay.2160p.DTS-HD.MA.5.1.DV.HEVC.HYBRID.REMUX-FraMeSToR.mkv,152
1764263837,20,Batman Begins (2005),/mnt/my-zfs/mediarr/torrent/arch/Batman.Begins.2005.UHD.BluRay.2160p.DTS-HD.MA.5.1.DV.HEVC.HYBRID.REMUX-FraMeSToR.mkv,152
1764276139,22,The Dark Knight (2008),/mnt/my-zfs/mediarr/torrent/arch/The.Dark.Knight.2008.UHD.BluRay.2160p.TrueHD.5.1.DV.HEVC.HYBRID.REMUX-FraMeSToR/The.Dark.Knight.2008.UHD.BluRay.2160p.TrueHD.5.1.DV.HEVC.HYBRID.REMUX-FraMeSToR.mkv,233
1764277976,22,The Dark Knight (2008),/mnt/my-zfs/mediarr/torrent/arch/The.Dark.Knight.2008.UHD.BluRay.2160p.TrueHD.5.1.DV.HEVC.HYBRID.REMUX-FraMeSToR/The.Dark.Knight.2008.UHD.BluRay.2160p.TrueHD.5.1.DV.HEVC.HYBRID.REMUX-FraMeSToR.mkv,233
1764278229,22,The Dark Knight (2008),/mnt/my-zfs/mediarr/torrent/arch/The.Dark.Knight.2008.UHD.BluRay.2160p.TrueHD.5.1.DV.HEVC.HYBRID.REMUX-FraMeSToR/The.Dark.Knight.2008.UHD.BluRay.2160p.TrueHD.5.1.DV.HEVC.HYBRID.REMUX-FraMeSToR.mkv,233
1764278278,22,The Dark Knight (2008),/mnt/my-zfs/mediarr/torrent/arch/The.Dark.Knight.2008.UHD.BluRay.2160p.TrueHD.5.1.DV.HEVC.HYBRID.REMUX-FraMeSToR/The.Dark.Knight.2008.UHD.BluRay.2160p.TrueHD.5.1.DV.HEVC.HYBRID.REMUX-FraMeSToR.mkv,233
1764278454,22,The Dark Knight (2008),/mnt/my-zfs/mediarr/torrent/arch/The.Dark.Knight.2008.UHD.BluRay.2160p.TrueHD.5.1.DV.HEVC.HYBRID.REMUX-FraMeSToR/The.Dark.Knight.2008.UHD.BluRay.2160p.TrueHD.5.1.DV.HEVC.HYBRID.REMUX-FraMeSToR.mkv,233
1764278492,22,The Dark Knight (2008),/mnt/my-zfs/mediarr/torrent/arch/The.Dark.Knight.2008.UHD.BluRay.2160p.TrueHD.5.1.DV.HEVC.HYBRID.REMUX-FraMeSToR/The.Dark.Knight.2008.UHD.BluRay.2160p.TrueHD.5.1.DV.HEVC.HYBRID.REMUX-FraMeSToR.mkv,233
1764278618,22,The Dark Knight (2008),/mnt/my-zfs/mediarr/torrent/arch/The.Dark.Knight.2008.UHD.BluRay.2160p.TrueHD.5.1.DV.HEVC.HYBRID.REMUX-FraMeSToR/The.Dark.Knight.2008.UHD.BluRay.2160p.TrueHD.5.1.DV.HEVC.HYBRID.REMUX-FraMeSToR.mkv,233
1764278741,22,The Dark Knight (2008),/mnt/my-zfs/mediarr/torrent/arch/The.Dark.Knight.2008.UHD.BluRay.2160p.TrueHD.5.1.DV.HEVC.HYBRID.REMUX-FraMeSToR/The.Dark.Knight.2008.UHD.BluRay.2160p.TrueHD.5.1.DV.HEVC.HYBRID.REMUX-FraMeSToR.mkv,233
1764278811,22,The Dark Knight (2008),/mnt/my-zfs/mediarr/torrent/arch/The.Dark.Knight.2008.UHD.BluRay.2160p.TrueHD.5.1.DV.HEVC.HYBRID.REMUX-FraMeSToR/The.Dark.Knight.2008.UHD.BluRay.2160p.TrueHD.5.1.DV.HEVC.HYBRID.REMUX-FraMeSToR.mkv,233
1764278856,22,The Dark Knight (2008),/mnt/my-zfs/mediarr/torrent/arch/The.Dark.Knight.2008.UHD.BluRay.2160p.TrueHD.5.1.DV.HEVC.HYBRID.REMUX-FraMeSToR/The.Dark.Knight.2008.UHD.BluRay.2160p.TrueHD.5.1.DV.HEVC.HYBRID.REMUX-FraMeSToR.mkv,233
1764278865,22,The Dark Knight (2008),/mnt/my-zfs/mediarr/torrent/arch/The.Dark.Knight.2008.UHD.BluRay.2160p.TrueHD.5.1.DV.HEVC.HYBRID.REMUX-FraMeSToR/The.Dark.Knight.2008.UHD.BluRay.2160p.TrueHD.5.1.DV.HEVC.HYBRID.REMUX-FraMeSToR.mkv,233
1764278964,22,The Dark Knight (2008),/mnt/my-zfs/mediarr/torrent/arch/The.Dark.Knight.2008.UHD.BluRay.2160p.TrueHD.5.1.DV.HEVC.HYBRID.REMUX-FraMeSToR/The.Dark.Knight.2008.UHD.BluRay.2160p.TrueHD.5.1.DV.HEVC.HYBRID.REMUX-FraMeSToR.mkv,233
1764278994,22,The Dark Knight (2008),/mnt/my-zfs/mediarr/torrent/arch/The.Dark.Knight.2008.UHD.BluRay.2160p.TrueHD.5.1.DV.HEVC.HYBRID.REMUX-FraMeSToR/The.Dark.Knight.2008.UHD.BluRay.2160p.TrueHD.5.1.DV.HEVC.HYBRID.REMUX-FraMeSToR.mkv,233
1764279571,22,The Dark Knight (2008),/mnt/my-zfs/mediarr/torrent/arch/The.Dark.Knight.2008.UHD.BluRay.2160p.TrueHD.5.1.DV.HEVC.HYBRID.REMUX-FraMeSToR/The.Dark.Knight.2008.UHD.BluRay.2160p.TrueHD.5.1.DV.HEVC.HYBRID.REMUX-FraMeSToR.mkv,233
1764279627,22,The Dark Knight (2008),/mnt/my-zfs/mediarr/torrent/arch/The.Dark.Knight.2008.UHD.BluRay.2160p.TrueHD.5.1.DV.HEVC.HYBRID.REMUX-FraMeSToR/The.Dark.Knight.2008.UHD.BluRay.2160p.TrueHD.5.1.DV.HEVC.HYBRID.REMUX-FraMeSToR.mkv,233
1764279631,22,The Dark Knight (2008),/mnt/my-zfs/mediarr/torrent/arch/The.Dark.Knight.2008.UHD.BluRay.2160p.TrueHD.5.1.DV.HEVC.HYBRID.REMUX-FraMeSToR/The.Dark.Knight.2008.UHD.BluRay.2160p.TrueHD.5.1.DV.HEVC.HYBRID.REMUX-FraMeSToR.mkv,233
1764279637,22,The Dark Knight (2008),/mnt/my-zfs/mediarr/torrent/arch/The.Dark.Knight.2008.UHD.BluRay.2160p.TrueHD.5.1.DV.HEVC.HYBRID.REMUX-FraMeSToR/The.Dark.Knight.2008.UHD.BluRay.2160p.TrueHD.5.1.DV.HEVC.HYBRID.REMUX-FraMeSToR.mkv,233
1764279667,22,The Dark Knight (2008),/mnt/my-zfs/mediarr/torrent/arch/The.Dark.Knight.2008.UHD.BluRay.2160p.TrueHD.5.1.DV.HEVC.HYBRID.REMUX-FraMeSToR/The.Dark.Knight.2008.UHD.BluRay.2160p.TrueHD.5.1.DV.HEVC.HYBRID.REMUX-FraMeSToR.mkv,233
1764279682,22,The Dark Knight (2008),/mnt/my-zfs/mediarr/torrent/arch/The.Dark.Knight.2008.UHD.BluRay.2160p.TrueHD.5.1.DV.HEVC.HYBRID.REMUX-FraMeSToR/The.Dark.Knight.2008.UHD.BluRay.2160p.TrueHD.5.1.DV.HEVC.HYBRID.REMUX-FraMeSToR.mkv,233
1764279699,22,The Dark Knight (2008),/mnt/my-zfs/mediarr/torrent/arch/The.Dark.Knight.2008.UHD.BluRay.2160p.TrueHD.5.1.DV.HEVC.HYBRID.REMUX-FraMeSToR/The.Dark.Knight.2008.UHD.BluRay.2160p.TrueHD.5.1.DV.HEVC.HYBRID.REMUX-FraMeSToR.mkv,233
1764279736,22,The Dark Knight (2008),/mnt/my-zfs/mediarr/torrent/arch/The.Dark.Knight.2008.UHD.BluRay.2160p.TrueHD.5.1.DV.HEVC.HYBRID.REMUX-FraMeSToR/The.Dark.Knight.2008.UHD.BluRay.2160p.TrueHD.5.1.DV.HEVC.HYBRID.REMUX-FraMeSToR.mkv,233
1764279902,22,The Dark Knight (2008),/mnt/my-zfs/mediarr/torrent/arch/The.Dark.Knight.2008.UHD.BluRay.2160p.TrueHD.5.1.DV.HEVC.HYBRID.REMUX-FraMeSToR/The.Dark.Knight.2008.UHD.BluRay.2160p.TrueHD.5.1.DV.HEVC.HYBRID.REMUX-FraMeSToR.mkv,233
1764280012,22,The Dark Knight (2008),/mnt/my-zfs/mediarr/torrent/arch/The.Dark.Knight.2008.UHD.BluRay.2160p.TrueHD.5.1.DV.HEVC.HYBRID.REMUX-FraMeSToR/The.Dark.Knight.2008.UHD.BluRay.2160p.TrueHD.5.1.DV.HEVC.HYBRID.REMUX-FraMeSToR.mkv,233
1764330450,28,The Dark Knight Rises (2012),/mnt/my-zfs/mediarr/torrent/arch/The.Dark.Knight.Rises.2012.UHD.BluRay.2160p.DTS-HD.MA.5.1.DV.HEVC.HYBRID.REMUX-FraMeSToR/The.Dark.Knight.Rises.2012.UHD.BluRay.2160p.DTS-HD.MA.5.1.DV.HEVC.HYBRID.REMUX-FraMeSToR.mkv,257
1764331790,28,The Dark Knight Rises (2012),/mnt/my-zfs/mediarr/torrent/arch/The.Dark.Knight.Rises.2012.UHD.BluRay.2160p.DTS-HD.MA.5.1.DV.HEVC.HYBRID.REMUX-FraMeSToR/The.Dark.Knight.Rises.2012.UHD.BluRay.2160p.DTS-HD.MA.5.1.DV.HEVC.HYBRID.REMUX-FraMeSToR.mkv,257
1764331939,28,The Dark Knight Rises (2012),/mnt/my-zfs/mediarr/torrent/arch/The.Dark.Knight.Rises.2012.UHD.BluRay.2160p.DTS-HD.MA.5.1.DV.HEVC.HYBRID.REMUX-FraMeSToR/The.Dark.Knight.Rises.2012.UHD.BluRay.2160p.DTS-HD.MA.5.1.DV.HEVC.HYBRID.REMUX-FraMeSToR.mkv,257
1764332103,28,The Dark Knight Rises (2012),/mnt/my-zfs/mediarr/torrent/arch/The.Dark.Knight.Rises.2012.UHD.BluRay.2160p.DTS-HD.MA.5.1.DV.HEVC.HYBRID.REMUX-FraMeSToR/The.Dark.Knight.Rises.2012.UHD.BluRay.2160p.DTS-HD.MA.5.1.DV.HEVC.HYBRID.REMUX-FraMeSToR.mkv,257
1764332317,28,The Dark Knight Rises (2012),/mnt/my-zfs/mediarr/torrent/arch/The.Dark.Knight.Rises.2012.UHD.BluRay.2160p.DTS-HD.MA.5.1.DV.HEVC.HYBRID.REMUX-FraMeSToR/The.Dark.Knight.Rises.2012.UHD.BluRay.2160p.DTS-HD.MA.5.1.DV.HEVC.HYBRID.REMUX-FraMeSToR.mkv,257
1764332387,28,The Dark Knight Rises (2012),/mnt/my-zfs/mediarr/torrent/arch/The.Dark.Knight.Rises.2012.UHD.BluRay.2160p.DTS-HD.MA.5.1.DV.HEVC.HYBRID.REMUX-FraMeSToR/The.Dark.Knight.Rises.2012.UHD.BluRay.2160p.DTS-HD.MA.5.1.DV.HEVC.HYBRID.REMUX-FraMeSToR.mkv,257
1764332418,28,The Dark Knight Rises (2012),/mnt/my-zfs/mediarr/torrent/arch/The.Dark.Knight.Rises.2012.UHD.BluRay.2160p.DTS-HD.MA.5.1.DV.HEVC.HYBRID.REMUX-FraMeSToR/The.Dark.Knight.Rises.2012.UHD.BluRay.2160p.DTS-HD.MA.5.1.DV.HEVC.HYBRID.REMUX-FraMeSToR.mkv,257
1764361052,5,Lucky,/run/media/btw/950c8663-5291-448f-b766-5c82159b5f4c/old-arch/home/btw/.local/share/nicotine/downloads/Radiohead/OK Computer/11 Lucky.mp3,155
1764413480,19,Man of Steel (2013),/mnt/my-zfs/mediarr/torrent/arch/Man.of.Steel.2013.UHD.BluRay.2160p.TrueHD.Atmos.7.1.DV.HEVC.HYBRID.REMUX-FraMeSToR/Man.of.Steel.2013.UHD.BluRay.2160p.TrueHD.Atmos.7.1.DV.HEVC.HYBRID.REMUX-FraMeSToR.mkv,236
1764420955,19,Man of Steel (2013),/mnt/my-zfs/mediarr/torrent/arch/Man.of.Steel.2013.UHD.BluRay.2160p.TrueHD.Atmos.7.1.DV.HEVC.HYBRID.REMUX-FraMeSToR/Man.of.Steel.2013.UHD.BluRay.2160p.TrueHD.Atmos.7.1.DV.HEVC.HYBRID.REMUX-FraMeSToR.mkv,236
1764421873,19,Man of Steel (2013),/mnt/my-zfs/mediarr/torrent/arch/Man.of.Steel.2013.UHD.BluRay.2160p.TrueHD.Atmos.7.1.DV.HEVC.HYBRID.REMUX-FraMeSToR/Man.of.Steel.2013.UHD.BluRay.2160p.TrueHD.Atmos.7.1.DV.HEVC.HYBRID.REMUX-FraMeSToR.mkv,236
1764421932,19,Man of Steel (2013),/mnt/my-zfs/mediarr/torrent/arch/Man.of.Steel.2013.UHD.BluRay.2160p.TrueHD.Atmos.7.1.DV.HEVC.HYBRID.REMUX-FraMeSToR/Man.of.Steel.2013.UHD.BluRay.2160p.TrueHD.Atmos.7.1.DV.HEVC.HYBRID.REMUX-FraMeSToR.mkv,236
1764421961,19,Man of Steel (2013),/mnt/my-zfs/mediarr/torrent/arch/Man.of.Steel.2013.UHD.BluRay.2160p.TrueHD.Atmos.7.1.DV.HEVC.HYBRID.REMUX-FraMeSToR/Man.of.Steel.2013.UHD.BluRay.2160p.TrueHD.Atmos.7.1.DV.HEVC.HYBRID.REMUX-FraMeSToR.mkv,236
1764429238,19,Man of Steel (2013),/mnt/my-zfs/mediarr/torrent/arch/Man.of.Steel.2013.UHD.BluRay.2160p.TrueHD.Atmos.7.1.DV.HEVC.HYBRID.REMUX-FraMeSToR/Man.of.Steel.2013.UHD.BluRay.2160p.TrueHD.Atmos.7.1.DV.HEVC.HYBRID.REMUX-FraMeSToR.mkv,236
1764429340,19,Man of Steel (2013),/mnt/my-zfs/mediarr/torrent/arch/Man.of.Steel.2013.UHD.BluRay.2160p.TrueHD.Atmos.7.1.DV.HEVC.HYBRID.REMUX-FraMeSToR/Man.of.Steel.2013.UHD.BluRay.2160p.TrueHD.Atmos.7.1.DV.HEVC.HYBRID.REMUX-FraMeSToR.mkv,236
1764429387,19,Man of Steel (2013),/mnt/my-zfs/mediarr/torrent/arch/Man.of.Steel.2013.UHD.BluRay.2160p.TrueHD.Atmos.7.1.DV.HEVC.HYBRID.REMUX-FraMeSToR/Man.of.Steel.2013.UHD.BluRay.2160p.TrueHD.Atmos.7.1.DV.HEVC.HYBRID.REMUX-FraMeSToR.mkv,236
1764429486,19,Man of Steel (2013),/mnt/my-zfs/mediarr/torrent/arch/Man.of.Steel.2013.UHD.BluRay.2160p.TrueHD.Atmos.7.1.DV.HEVC.HYBRID.REMUX-FraMeSToR/Man.of.Steel.2013.UHD.BluRay.2160p.TrueHD.Atmos.7.1.DV.HEVC.HYBRID.REMUX-FraMeSToR.mkv,236
1764429639,19,Man of Steel (2013),/mnt/my-zfs/mediarr/torrent/arch/Man.of.Steel.2013.UHD.BluRay.2160p.TrueHD.Atmos.7.1.DV.HEVC.HYBRID.REMUX-FraMeSToR/Man.of.Steel.2013.UHD.BluRay.2160p.TrueHD.Atmos.7.1.DV.HEVC.HYBRID.REMUX-FraMeSToR.mkv,236
1764429684,19,Man of Steel (2013),/mnt/my-zfs/mediarr/torrent/arch/Man.of.Steel.2013.UHD.BluRay.2160p.TrueHD.Atmos.7.1.DV.HEVC.HYBRID.REMUX-FraMeSToR/Man.of.Steel.2013.UHD.BluRay.2160p.TrueHD.Atmos.7.1.DV.HEVC.HYBRID.REMUX-FraMeSToR.mkv,236
1764429763,19,Man of Steel (2013),/mnt/my-zfs/mediarr/torrent/arch/Man.of.Steel.2013.UHD.BluRay.2160p.TrueHD.Atmos.7.1.DV.HEVC.HYBRID.REMUX-FraMeSToR/Man.of.Steel.2013.UHD.BluRay.2160p.TrueHD.Atmos.7.1.DV.HEVC.HYBRID.REMUX-FraMeSToR.mkv,236
1764429864,19,Man of Steel (2013),/mnt/my-zfs/mediarr/torrent/arch/Man.of.Steel.2013.UHD.BluRay.2160p.TrueHD.Atmos.7.1.DV.HEVC.HYBRID.REMUX-FraMeSToR/Man.of.Steel.2013.UHD.BluRay.2160p.TrueHD.Atmos.7.1.DV.HEVC.HYBRID.REMUX-FraMeSToR.mkv,236
1764429881,19,Man of Steel (2013),/mnt/my-zfs/mediarr/torrent/arch/Man.of.Steel.2013.UHD.BluRay.2160p.TrueHD.Atmos.7.1.DV.HEVC.HYBRID.REMUX-FraMeSToR/Man.of.Steel.2013.UHD.BluRay.2160p.TrueHD.Atmos.7.1.DV.HEVC.HYBRID.REMUX-FraMeSToR.mkv,236
1764429964,19,Man of Steel (2013),/mnt/my-zfs/mediarr/torrent/arch/Man.of.Steel.2013.UHD.BluRay.2160p.TrueHD.Atmos.7.1.DV.HEVC.HYBRID.REMUX-FraMeSToR/Man.of.Steel.2013.UHD.BluRay.2160p.TrueHD.Atmos.7.1.DV.HEVC.HYBRID.REMUX-FraMeSToR.mkv,236
1764432940,19,Man of Steel (2013),/mnt/my-zfs/mediarr/torrent/arch/Man.of.Steel.2013.UHD.BluRay.2160p.TrueHD.Atmos.7.1.DV.HEVC.HYBRID.REMUX-FraMeSToR/Man.of.Steel.2013.UHD.BluRay.2160p.TrueHD.Atmos.7.1.DV.HEVC.HYBRID.REMUX-FraMeSToR.mkv,236
1764432958,19,Man of Steel (2013),/mnt/my-zfs/mediarr/torrent/arch/Man.of.Steel.2013.UHD.BluRay.2160p.TrueHD.Atmos.7.1.DV.HEVC.HYBRID.REMUX-FraMeSToR/Man.of.Steel.2013.UHD.BluRay.2160p.TrueHD.Atmos.7.1.DV.HEVC.HYBRID.REMUX-FraMeSToR.mkv,236
1764433003,19,Man of Steel (2013),/mnt/my-zfs/mediarr/torrent/arch/Man.of.Steel.2013.UHD.BluRay.2160p.TrueHD.Atmos.7.1.DV.HEVC.HYBRID.REMUX-FraMeSToR/Man.of.Steel.2013.UHD.BluRay.2160p.TrueHD.Atmos.7.1.DV.HEVC.HYBRID.REMUX-FraMeSToR.mkv,236
1764433103,19,Man of Steel (2013),/mnt/my-zfs/mediarr/torrent/arch/Man.of.Steel.2013.UHD.BluRay.2160p.TrueHD.Atmos.7.1.DV.HEVC.HYBRID.REMUX-FraMeSToR/Man.of.Steel.2013.UHD.BluRay.2160p.TrueHD.Atmos.7.1.DV.HEVC.HYBRID.REMUX-FraMeSToR.mkv,236
1764433127,19,Man of Steel (2013),/mnt/my-zfs/mediarr/torrent/arch/Man.of.Steel.2013.UHD.BluRay.2160p.TrueHD.Atmos.7.1.DV.HEVC.HYBRID.REMUX-FraMeSToR/Man.of.Steel.2013.UHD.BluRay.2160p.TrueHD.Atmos.7.1.DV.HEVC.HYBRID.REMUX-FraMeSToR.mkv,236
1764433164,19,Man of Steel (2013),/mnt/my-zfs/mediarr/torrent/arch/Man.of.Steel.2013.UHD.BluRay.2160p.TrueHD.Atmos.7.1.DV.HEVC.HYBRID.REMUX-FraMeSToR/Man.of.Steel.2013.UHD.BluRay.2160p.TrueHD.Atmos.7.1.DV.HEVC.HYBRID.REMUX-FraMeSToR.mkv,236
1764433176,19,Man of Steel (2013),/mnt/my-zfs/mediarr/torrent/arch/Man.of.Steel.2013.UHD.BluRay.2160p.TrueHD.Atmos.7.1.DV.HEVC.HYBRID.REMUX-FraMeSToR/Man.of.Steel.2013.UHD.BluRay.2160p.TrueHD.Atmos.7.1.DV.HEVC.HYBRID.REMUX-FraMeSToR.mkv,236
1764433196,19,Man of Steel (2013),/mnt/my-zfs/mediarr/torrent/arch/Man.of.Steel.2013.UHD.BluRay.2160p.TrueHD.Atmos.7.1.DV.HEVC.HYBRID.REMUX-FraMeSToR/Man.of.Steel.2013.UHD.BluRay.2160p.TrueHD.Atmos.7.1.DV.HEVC.HYBRID.REMUX-FraMeSToR.mkv,236
1764437963,22,The Dark Knight (2008),/mnt/my-zfs/mediarr/torrent/arch/The.Dark.Knight.2008.UHD.BluRay.2160p.TrueHD.5.1.DV.HEVC.HYBRID.REMUX-FraMeSToR/The.Dark.Knight.2008.UHD.BluRay.2160p.TrueHD.5.1.DV.HEVC.HYBRID.REMUX-FraMeSToR.mkv,233
1764438671,35,Zack Snyder's Justice League (2021),/mnt/my-zfs/mediarr/torrent/arch/Zack.Snyders.Justice.League.2021.UHD.BluRay.2160p.TrueHD.Atmos.7.1.DV.HEVC.HYBRID.REMUX-FraMeSToR.mkv,184
1764439440,35,Zack Snyder's Justice League (2021),/mnt/my-zfs/mediarr/torrent/arch/Zack.Snyders.Justice.League.2021.UHD.BluRay.2160p.TrueHD.Atmos.7.1.DV.HEVC.HYBRID.REMUX-FraMeSToR.mkv,184
1764439512,41,Batman v Superman: Dawn of Justice (2016),/mnt/my-zfs/mediarr/torrent/arch/Batman.v.Superman.Dawn.of.Justice.2016.Remastered.UHD.BluRay.2160p.TrueHD.Atmos.7.1.DV.HEVC.HYBRID.REMUX-FraMeSToR/Batman.v.Superman.Dawn.of.Justice.2016.Remastered.UHD.BluRay.2160p.TrueHD.Atmos.7.1.DV.HEVC.HYBRID.REMUX-FraMeSToR.mkv,322
1764439993,41,Batman v Superman: Dawn of Justice (2016),/mnt/my-zfs/mediarr/torrent/arch/Batman.v.Superman.Dawn.of.Justice.2016.Remastered.UHD.BluRay.2160p.TrueHD.Atmos.7.1.DV.HEVC.HYBRID.REMUX-FraMeSToR/Batman.v.Superman.Dawn.of.Justice.2016.Remastered.UHD.BluRay.2160p.TrueHD.Atmos.7.1.DV.HEVC.HYBRID.REMUX-FraMeSToR.mkv,322
1764447658,41,Batman v Superman: Dawn of Justice (2016),/mnt/my-zfs/mediarr/torrent/arch/Batman.v.Superman.Dawn.of.Justice.2016.Remastered.UHD.BluRay.2160p.TrueHD.Atmos.7.1.DV.HEVC.HYBRID.REMUX-FraMeSToR/Batman.v.Superman.Dawn.of.Justice.2016.Remastered.UHD.BluRay.2160p.TrueHD.Atmos.7.1.DV.HEVC.HYBRID.REMUX-FraMeSToR.mkv,322
1764509476,35,Zack Snyder's Justice League (2021),/mnt/my-zfs/mediarr/torrent/arch/Zack.Snyders.Justice.League.2021.UHD.BluRay.2160p.TrueHD.Atmos.7.1.DV.HEVC.HYBRID.REMUX-FraMeSToR.mkv,184
1764510624,35,Zack Snyder's Justice League (2021),/mnt/my-zfs/mediarr/torrent/arch/Zack.Snyders.Justice.League.2021.UHD.BluRay.2160p.TrueHD.Atmos.7.1.DV.HEVC.HYBRID.REMUX-FraMeSToR.mkv,184
1764510829,9,The Bends,/run/media/btw/950c8663-5291-448f-b766-5c82159b5f4c/old-arch/home/btw/.local/share/nicotine/downloads/Radiohead/The Bends/02 The Bends.mp3,161
1764589361,35,Zack Snyder's Justice League (2021),/mnt/my-zfs/mediarr/torrent/arch/Zack.Snyders.Justice.League.2021.UHD.BluRay.2160p.TrueHD.Atmos.7.1.DV.HEVC.HYBRID.REMUX-FraMeSToR.mkv,184
1764649639,35,Zack Snyder's Justice League (2021),/mnt/my-zfs/mediarr/torrent/arch/Zack.Snyders.Justice.League.2021.UHD.BluRay.2160p.TrueHD.Atmos.7.1.DV.HEVC.HYBRID.REMUX-FraMeSToR.mkv,184
1764678996,35,Batman: Mask of the Phantasm (1993),/mnt/my-zfs/mediarr/torrent/arch/Batman.Mask.of.the.Phantasm.1993.UHD.BluRay.2160p.DTS-HD.MA.5.1.DV.HEVC.HYBRID.REMUX-FraMeSToR/Batman.Mask.of.the.Phantasm.1993.UHD.BluRay.2160p.DTS-HD.MA.5.1.DV.HEVC.HYBRID.REMUX-FraMeSToR.mkv,276
1764680498,35,Batman: Mask of the Phantasm (1993),/mnt/my-zfs/mediarr/torrent/arch/Batman.Mask.of.the.Phantasm.1993.UHD.BluRay.2160p.DTS-HD.MA.5.1.DV.HEVC.HYBRID.REMUX-FraMeSToR/Batman.Mask.of.the.Phantasm.1993.UHD.BluRay.2160p.DTS-HD.MA.5.1.DV.HEVC.HYBRID.REMUX-FraMeSToR.mkv,276
1764948826,5,Pilot,/mnt/my-zfs/mediarr/torrent/arch/The.Mentalist.2008.S01-S07.1080p.AMZN.WEB-DL.x265.HEVC.DDP.5.1-PHOCiS/S01/The.Mentalist.S01E01.Pilot.1080p.AMZN.WEB-DL.x265.HEVC.DDP.5.1-PHOCiS.mkv,199
1764948830,24,Red Hair and Silver Tape,/mnt/my-zfs/mediarr/torrent/arch/The.Mentalist.2008.S01-S07.1080p.AMZN.WEB-DL.x265.HEVC.DDP.5.1-PHOCiS/S01/The.Mentalist.S01E02.Red.Hair.and.Silver.Tape.1080p.AMZN.WEB-DL.x265.HEVC.DDP.5.1-PHOCiS.mkv,238
1764948831,18,Red John's Friends,/mnt/my-zfs/mediarr/torrent/arch/The.Mentalist.2008.S01-S07.1080p.AMZN.WEB-DL.x265.HEVC.DDP.5.1-PHOCiS/S01/The.Mentalist.S01E11.Red.John's.Friends.1080p.AMZN.WEB-DL.x265.HEVC.DDP.5.1-PHOCiS.mkv,226
1765045682,18,Red John's Friends,/mnt/my-zfs/mediarr/torrent/arch/The.Mentalist.2008.S01-S07.1080p.AMZN.WEB-DL.x265.HEVC.DDP.5.1-PHOCiS/S01/The.Mentalist.S01E11.Red.John's.Friends.1080p.AMZN.WEB-DL.x265.HEVC.DDP.5.1-PHOCiS.mkv,226
1765048751,20,Red John's Footsteps,/mnt/my-zfs/mediarr/torrent/arch/The.Mentalist.2008.S01-S07.1080p.AMZN.WEB-DL.x265.HEVC.DDP.5.1-PHOCiS/S01/The.Mentalist.S01E23.Red.John's.Footsteps.1080p.AMZN.WEB-DL.x265.HEVC.DDP.5.1-PHOCiS.mkv,230
1765056320,18,His Red Right Hand,/mnt/my-zfs/mediarr/torrent/arch/The.Mentalist.2008.S01-S07.1080p.AMZN.WEB-DL.x265.HEVC.DDP.5.1-PHOCiS/S02/The.Mentalist.S02E08.His.Red.Right.Hand.1080p.AMZN.WEB-DL.x265.HEVC.DDP.5.1-PHOCiS.mkv,226
1765059169,22,Red Sky in the Morning,/mnt/my-zfs/mediarr/torrent/arch/The.Mentalist.2008.S01-S07.1080p.AMZN.WEB-DL.x265.HEVC.DDP.5.1-PHOCiS/S02/The.Mentalist.S02E23.Red.Sky.in.the.Morning.1080p.AMZN.WEB-DL.x265.HEVC.DDP.5.1-PHOCiS.mkv,234
1765061798,22,The Blood on His Hands,/mnt/my-zfs/mediarr/torrent/arch/The.Mentalist.2008.S01-S07.1080p.AMZN.WEB-DL.x265.HEVC.DDP.5.1-PHOCiS/S03/The.Mentalist.S03E03.The.Blood.on.His.Hands.1080p.AMZN.WEB-DL.x265.HEVC.DDP.5.1-PHOCiS.mkv,234
1765095539,22,The Blood on His Hands,/mnt/my-zfs/mediarr/torrent/arch/The.Mentalist.2008.S01-S07.1080p.AMZN.WEB-DL.x265.HEVC.DDP.5.1-PHOCiS/S03/The.Mentalist.S03E03.The.Blood.on.His.Hands.1080p.AMZN.WEB-DL.x265.HEVC.DDP.5.1-PHOCiS.mkv,234
1765095541,8,Red Moon,/mnt/my-zfs/mediarr/torrent/arch/The.Mentalist.2008.S01-S07.1080p.AMZN.WEB-DL.x265.HEVC.DDP.5.1-PHOCiS/S03/The.Mentalist.S03E09.Red.Moon.1080p.AMZN.WEB-DL.x265.HEVC.DDP.5.1-PHOCiS.mkv,205
1765098837,13,Jolly Red Elf,/mnt/my-zfs/mediarr/torrent/arch/The.Mentalist.2008.S01-S07.1080p.AMZN.WEB-DL.x265.HEVC.DDP.5.1-PHOCiS/S03/The.Mentalist.S03E10.Jolly.Red.Elf.1080p.AMZN.WEB-DL.x265.HEVC.DDP.5.1-PHOCiS.mkv,216
1765099086,9,Red Queen,/mnt/my-zfs/mediarr/torrent/arch/The.Mentalist.2008.S01-S07.1080p.AMZN.WEB-DL.x265.HEVC.DDP.5.1-PHOCiS/S03/The.Mentalist.S03E16.Red.Queen.1080p.AMZN.WEB-DL.x265.HEVC.DDP.5.1-PHOCiS.mkv,207
1765099089,13,Jolly Red Elf,/mnt/my-zfs/mediarr/torrent/arch/The.Mentalist.2008.S01-S07.1080p.AMZN.WEB-DL.x265.HEVC.DDP.5.1-PHOCiS/S03/The.Mentalist.S03E10.Jolly.Red.Elf.1080p.AMZN.WEB-DL.x265.HEVC.DDP.5.1-PHOCiS.mkv,216
1765099093,8,Red Moon,/mnt/my-zfs/mediarr/torrent/arch/The.Mentalist.2008.S01-S07.1080p.AMZN.WEB-DL.x265.HEVC.DDP.5.1-PHOCiS/S03/The.Mentalist.S03E09.Red.Moon.1080p.AMZN.WEB-DL.x265.HEVC.DDP.5.1-PHOCiS.mkv,205
1765099094,22,The Blood on His Hands,/mnt/my-zfs/mediarr/torrent/arch/The.Mentalist.2008.S01-S07.1080p.AMZN.WEB-DL.x265.HEVC.DDP.5.1-PHOCiS/S03/The.Mentalist.S03E03.The.Blood.on.His.Hands.1080p.AMZN.WEB-DL.x265.HEVC.DDP.5.1-PHOCiS.mkv,234
1765099096,8,Red Moon,/mnt/my-zfs/mediarr/torrent/arch/The.Mentalist.2008.S01-S07.1080p.AMZN.WEB-DL.x265.HEVC.DDP.5.1-PHOCiS/S03/The.Mentalist.S03E09.Red.Moon.1080p.AMZN.WEB-DL.x265.HEVC.DDP.5.1-PHOCiS.mkv,205
1765099097,13,Jolly Red Elf,/mnt/my-zfs/mediarr/torrent/arch/The.Mentalist.2008.S01-S07.1080p.AMZN.WEB-DL.x265.HEVC.DDP.5.1-PHOCiS/S03/The.Mentalist.S03E10.Jolly.Red.Elf.1080p.AMZN.WEB-DL.x265.HEVC.DDP.5.1-PHOCiS.mkv,216
1765102692,9,Red Queen,/mnt/my-zfs/mediarr/torrent/arch/The.Mentalist.2008.S01-S07.1080p.AMZN.WEB-DL.x265.HEVC.DDP.5.1-PHOCiS/S03/The.Mentalist.S03E16.Red.Queen.1080p.AMZN.WEB-DL.x265.HEVC.DDP.5.1-PHOCiS.mkv,207
1765105579,8,Redacted,/mnt/my-zfs/mediarr/torrent/arch/The.Mentalist.2008.S01-S07.1080p.AMZN.WEB-DL.x265.HEVC.DDP.5.1-PHOCiS/S03/The.Mentalist.S03E20.Redacted.1080p.AMZN.WEB-DL.x265.HEVC.DDP.5.1-PHOCiS.mkv,205
1765110291,30,Strawberries and Cream: Part 1,/mnt/my-zfs/mediarr/torrent/arch/The.Mentalist.2008.S01-S07.1080p.AMZN.WEB-DL.x265.HEVC.DDP.5.1-PHOCiS/S03/The.Mentalist.S03E23.Strawberries.and.Cream.(1).1080p.AMZN.WEB-DL.x265.HEVC.DDP.5.1-PHOCiS.mkv,246
1765113799,30,Strawberries and Cream: Part 2,/mnt/my-zfs/mediarr/torrent/arch/The.Mentalist.2008.S01-S07.1080p.AMZN.WEB-DL.x265.HEVC.DDP.5.1-PHOCiS/S03/The.Mentalist.S03E24.Strawberries.and.Cream.(2).1080p.AMZN.WEB-DL.x265.HEVC.DDP.5.1-PHOCiS.mkv,246
1765116404,15,Scarlet Ribbons,/mnt/my-zfs/mediarr/torrent/arch/The.Mentalist.2008.S01-S07.1080p.AMZN.WEB-DL.x265.HEVC.DDP.5.1-PHOCiS/S04/The.Mentalist.S04E01.Scarlet.Ribbons.1080p.AMZN.WEB-DL.x265.HEVC.DDP.5.1-PHOCiS.mkv,220
1765116434,30,Strawberries and Cream: Part 2,/mnt/my-zfs/mediarr/torrent/arch/The.Mentalist.2008.S01-S07.1080p.AMZN.WEB-DL.x265.HEVC.DDP.5.1-PHOCiS/S03/The.Mentalist.S03E24.Strawberries.and.Cream.(2).1080p.AMZN.WEB-DL.x265.HEVC.DDP.5.1-PHOCiS.mkv,246
1765116707,15,Scarlet Ribbons,/mnt/my-zfs/mediarr/torrent/arch/The.Mentalist.2008.S01-S07.1080p.AMZN.WEB-DL.x265.HEVC.DDP.5.1-PHOCiS/S04/The.Mentalist.S04E01.Scarlet.Ribbons.1080p.AMZN.WEB-DL.x265.HEVC.DDP.5.1-PHOCiS.mkv,220
1765119547,15,Little Red Book,/mnt/my-zfs/mediarr/torrent/arch/The.Mentalist.2008.S01-S07.1080p.AMZN.WEB-DL.x265.HEVC.DDP.5.1-PHOCiS/S04/The.Mentalist.S04E02.Little.Red.Book.1080p.AMZN.WEB-DL.x265.HEVC.DDP.5.1-PHOCiS.mkv,220
1765122238,18,Blinking Red Light,/mnt/my-zfs/mediarr/torrent/arch/The.Mentalist.2008.S01-S07.1080p.AMZN.WEB-DL.x265.HEVC.DDP.5.1-PHOCiS/S04/The.Mentalist.S04E07.Blinking.Red.Light.1080p.AMZN.WEB-DL.x265.HEVC.DDP.5.1-PHOCiS.mkv,226
1765124843,17,Always Bet on Red,/mnt/my-zfs/mediarr/torrent/arch/The.Mentalist.2008.S01-S07.1080p.AMZN.WEB-DL.x265.HEVC.DDP.5.1-PHOCiS/S04/The.Mentalist.S04E11.Always.Bet.on.Red.1080p.AMZN.WEB-DL.x265.HEVC.DDP.5.1-PHOCiS.mkv,224
1765125704,17,Always Bet on Red,/mnt/my-zfs/mediarr/torrent/arch/The.Mentalist.2008.S01-S07.1080p.AMZN.WEB-DL.x265.HEVC.DDP.5.1-PHOCiS/S04/The.Mentalist.S04E11.Always.Bet.on.Red.1080p.AMZN.WEB-DL.x265.HEVC.DDP.5.1-PHOCiS.mkv,224
1765128447,20,Red Is the New Black,/mnt/my-zfs/mediarr/torrent/arch/The.Mentalist.2008.S01-S07.1080p.AMZN.WEB-DL.x265.HEVC.DDP.5.1-PHOCiS/S04/The.Mentalist.S04E13.Red.is.the.New.Black.1080p.AMZN.WEB-DL.x265.HEVC.DDP.5.1-PHOCiS.mkv,230
1765184548,20,Red Is the New Black,/mnt/my-zfs/mediarr/torrent/arch/The.Mentalist.2008.S01-S07.1080p.AMZN.WEB-DL.x265.HEVC.DDP.5.1-PHOCiS/S04/The.Mentalist.S04E13.Red.is.the.New.Black.1080p.AMZN.WEB-DL.x265.HEVC.DDP.5.1-PHOCiS.mkv,230
1765187001,14,Cheap Burgundy,/mnt/my-zfs/mediarr/torrent/arch/The.Mentalist.2008.S01-S07.1080p.AMZN.WEB-DL.x265.HEVC.DDP.5.1-PHOCiS/S04/The.Mentalist.S04E17.Cheap.Burgundy.1080p.AMZN.WEB-DL.x265.HEVC.DDP.5.1-PHOCiS.mkv,218
1765189953,20,Red Rover, Red Rover,/mnt/my-zfs/mediarr/torrent/arch/The.Mentalist.2008.S01-S07.1080p.AMZN.WEB-DL.x265.HEVC.DDP.5.1-PHOCiS/S04/The.Mentalist.S04E23.Red.Rover,.Red.Rover.1080p.AMZN.WEB-DL.x265.HEVC.DDP.5.1-PHOCiS.mkv,230
1765192514,15,The Crimson Hat,/mnt/my-zfs/mediarr/torrent/arch/The.Mentalist.2008.S01-S07.1080p.AMZN.WEB-DL.x265.HEVC.DDP.5.1-PHOCiS/S04/The.Mentalist.S04E24.The.Crimson.Hat.1080p.AMZN.WEB-DL.x265.HEVC.DDP.5.1-PHOCiS.mkv,220
1765195884,18,The Crimson Ticket,/mnt/my-zfs/mediarr/torrent/arch/The.Mentalist.2008.S01-S07.1080p.AMZN.WEB-DL.x265.HEVC.DDP.5.1-PHOCiS/S05/The.Mentalist.S05E01.The.Crimson.Ticket.1080p.AMZN.WEB-DL.x265.HEVC.DDP.5.1-PHOCiS.mkv,226
1765198591,8,Red Dawn,/mnt/my-zfs/mediarr/torrent/arch/The.Mentalist.2008.S01-S07.1080p.AMZN.WEB-DL.x265.HEVC.DDP.5.1-PHOCiS/S05/The.Mentalist.S05E05.Red.Dawn.1080p.AMZN.WEB-DL.x265.HEVC.DDP.5.1-PHOCiS.mkv,205
1765202753,13,Cherry Picked,/mnt/my-zfs/mediarr/torrent/arch/The.Mentalist.2008.S01-S07.1080p.AMZN.WEB-DL.x265.HEVC.DDP.5.1-PHOCiS/S05/The.Mentalist.S05E06.Cherry.Picked.1080p.AMZN.WEB-DL.x265.HEVC.DDP.5.1-PHOCiS.mkv,216
1765205173,22,If It Bleeds, It Leads,/mnt/my-zfs/mediarr/torrent/arch/The.Mentalist.2008.S01-S07.1080p.AMZN.WEB-DL.x265.HEVC.DDP.5.1-PHOCiS/S05/The.Mentalist.S05E07.If.It.Bleeds,.It.Leads.1080p.AMZN.WEB-DL.x265.HEVC.DDP.5.1-PHOCiS.mkv,234
1765265992,22,If It Bleeds, It Leads,/mnt/my-zfs/mediarr/torrent/arch/The.Mentalist.2008.S01-S07.1080p.AMZN.WEB-DL.x265.HEVC.DDP.5.1-PHOCiS/S05/The.Mentalist.S05E07.If.It.Bleeds,.It.Leads.1080p.AMZN.WEB-DL.x265.HEVC.DDP.5.1-PHOCiS.mkv,234
1765266446,23,Red Sails in the Sunset,/mnt/my-zfs/mediarr/torrent/arch/The.Mentalist.2008.S01-S07.1080p.AMZN.WEB-DL.x265.HEVC.DDP.5.1-PHOCiS/S05/The.Mentalist.S05E08.Red.Sails.in.the.Sunset.1080p.AMZN.WEB-DL.x265.HEVC.DDP.5.1-PHOCiS.mkv,236
1765269098,12,The Red Barn,/mnt/my-zfs/mediarr/torrent/arch/The.Mentalist.2008.S01-S07.1080p.AMZN.WEB-DL.x265.HEVC.DDP.5.1-PHOCiS/S05/The.Mentalist.S05E13.The.Red.Barn.1080p.AMZN.WEB-DL.x265.HEVC.DDP.5.1-PHOCiS.mkv,214
1765275663,19,There Will Be Blood,/mnt/my-zfs/mediarr/torrent/arch/The.Mentalist.2008.S01-S07.1080p.AMZN.WEB-DL.x265.HEVC.DDP.5.1-PHOCiS/S05/The.Mentalist.S05E16.There.Will.Be.Blood.1080p.AMZN.WEB-DL.x265.HEVC.DDP.5.1-PHOCiS.mkv,228
1765278449,22,Behind the Red Curtain,/mnt/my-zfs/mediarr/torrent/arch/The.Mentalist.2008.S01-S07.1080p.AMZN.WEB-DL.x265.HEVC.DDP.5.1-PHOCiS/S05/The.Mentalist.S05E18.Behind.the.Red.Curtain.1080p.AMZN.WEB-DL.x265.HEVC.DDP.5.1-PHOCiS.mkv,234
1765289155,22,Behind the Red Curtain,/mnt/my-zfs/mediarr/torrent/arch/The.Mentalist.2008.S01-S07.1080p.AMZN.WEB-DL.x265.HEVC.DDP.5.1-PHOCiS/S05/The.Mentalist.S05E18.Behind.the.Red.Curtain.1080p.AMZN.WEB-DL.x265.HEVC.DDP.5.1-PHOCiS.mkv,234
1765290315,14,Red Letter Day,/mnt/my-zfs/mediarr/torrent/arch/The.Mentalist.2008.S01-S07.1080p.AMZN.WEB-DL.x265.HEVC.DDP.5.1-PHOCiS/S05/The.Mentalist.S05E19.Red.Letter.Day.1080p.AMZN.WEB-DL.x265.HEVC.DDP.5.1-PHOCiS.mkv,218
1765296850,16,Red John's Rules,/mnt/my-zfs/mediarr/torrent/arch/The.Mentalist.2008.S01-S07.1080p.AMZN.WEB-DL.x265.HEVC.DDP.5.1-PHOCiS/S05/The.Mentalist.S05E22.Red.John's.Rules.1080p.AMZN.WEB-DL.x265.HEVC.DDP.5.1-PHOCiS.mkv,222
1765300711,15,The Desert Rose,/mnt/my-zfs/mediarr/torrent/arch/The.Mentalist.2008.S01-S07.1080p.AMZN.WEB-DL.x265.HEVC.DDP.5.1-PHOCiS/S06/The.Mentalist.S06E01.The.Desert.Rose.1080p.AMZN.WEB-DL.x265.HEVC.DDP.5.1-PHOCiS.mkv,220
1765304597,20,Black-Winged Redbird,/mnt/my-zfs/mediarr/torrent/arch/The.Mentalist.2008.S01-S07.1080p.AMZN.WEB-DL.x265.HEVC.DDP.5.1-PHOCiS/S06/The.Mentalist.S06E02.Black-Winged.Redbird.1080p.AMZN.WEB-DL.x265.HEVC.DDP.5.1-PHOCiS.mkv,230
1765307116,14,Wedding in Red,/mnt/my-zfs/mediarr/torrent/arch/The.Mentalist.2008.S01-S07.1080p.AMZN.WEB-DL.x265.HEVC.DDP.5.1-PHOCiS/S06/The.Mentalist.S06E03.Wedding.in.Red.1080p.AMZN.WEB-DL.x265.HEVC.DDP.5.1-PHOCiS.mkv,218
1765309835,10,Red Listed,/mnt/my-zfs/mediarr/torrent/arch/The.Mentalist.2008.S01-S07.1080p.AMZN.WEB-DL.x265.HEVC.DDP.5.1-PHOCiS/S06/The.Mentalist.S06E04.Red.Listed.1080p.AMZN.WEB-DL.x265.HEVC.DDP.5.1-PHOCiS.mkv,210
1765312486,14,The Red Tattoo,/mnt/my-zfs/mediarr/torrent/arch/The.Mentalist.2008.S01-S07.1080p.AMZN.WEB-DL.x265.HEVC.DDP.5.1-PHOCiS/S06/The.Mentalist.S06E05.The.Red.Tattoo.1080p.AMZN.WEB-DL.x265.HEVC.DDP.5.1-PHOCiS.mkv,218
1765316818,18,Fire and Brimstone,/mnt/my-zfs/mediarr/torrent/arch/The.Mentalist.2008.S01-S07.1080p.AMZN.WEB-DL.x265.HEVC.DDP.5.1-PHOCiS/S06/The.Mentalist.S06E06.Fire.and.Brimstone.1080p.AMZN.WEB-DL.x265.HEVC.DDP.5.1-PHOCiS.mkv,226
1765319483,20,The Great Red Dragon,/mnt/my-zfs/mediarr/torrent/arch/The.Mentalist.2008.S01-S07.1080p.AMZN.WEB-DL.x265.HEVC.DDP.5.1-PHOCiS/S06/The.Mentalist.S06E07.The.Great.Red.Dragon.1080p.AMZN.WEB-DL.x265.HEVC.DDP.5.1-PHOCiS.mkv,230
1765321728,8,Red John,/mnt/my-zfs/mediarr/torrent/arch/The.Mentalist.2008.S01-S07.1080p.AMZN.WEB-DL.x265.HEVC.DDP.5.1-PHOCiS/S06/The.Mentalist.S06E08.Red.John.1080p.AMZN.WEB-DL.x265.HEVC.DDP.5.1-PHOCiS.mkv,205
1765527217,,,/run/media/btw/5B67-7AE2/DCIM/100OLYMP/PB110034.MOV,64
1765541681,,,/run/media/btw/5B67-7AE2/DCIM/100OLYMP/PB110034.MOV,64
1765620592,24,Shaun of the Dead (2004),/mnt/my-zfs/mediarr/torrent/arch/Shaun.of.the.Dead.2004.PROPER.UHD.BluRay.2160p.TrueHD.Atmos.7.1.DV.HEVC.REMUX-FraMeSToR/Shaun.of.the.Dead.2004.PROPER.UHD.BluRay.2160p.TrueHD.Atmos.7.1.DV.HEVC.REMUX-FraMeSToR.mkv,251
1765633423,15,Die Hard (1988),/mnt/my-zfs/mediarr/torrent/arch/Die.Hard.1988.UHD.BluRay.2160p.DTS-HD.MA.5.1.DV.HEVC.HYBRID.REMUX-FraMeSToR/Die.Hard.1988.UHD.BluRay.2160p.DTS-HD.MA.5.1.DV.HEVC.HYBRID.REMUX-FraMeSToR.mkv,218
1765641728,15,Die Hard (1988),/mnt/my-zfs/mediarr/torrent/arch/Die.Hard.1988.UHD.BluRay.2160p.DTS-HD.MA.5.1.DV.HEVC.HYBRID.REMUX-FraMeSToR/Die.Hard.1988.UHD.BluRay.2160p.DTS-HD.MA.5.1.DV.HEVC.HYBRID.REMUX-FraMeSToR.mkv,218
1765663179,29,Grave of the Fireflies (1988),/mnt/my-zfs/mediarr/torrent/arch/Grave.of.the.Fireflies.1988.REPACK.BluRay.1080p.FLAC.2.0.AVC.REMUX-FraMeSToR/Grave.of.the.Fireflies.1988.REPACK.BluRay.1080p.FLAC.2.0.AVC.REMUX-FraMeSToR.mkv,234
1765664136,29,Grave of the Fireflies (1988),/mnt/my-zfs/mediarr/torrent/arch/Grave.of.the.Fireflies.1988.REPACK.BluRay.1080p.FLAC.2.0.AVC.REMUX-FraMeSToR/Grave.of.the.Fireflies.1988.REPACK.BluRay.1080p.FLAC.2.0.AVC.REMUX-FraMeSToR.mkv,234
1765664185,29,Grave of the Fireflies (1988),/mnt/my-zfs/mediarr/torrent/arch/Grave.of.the.Fireflies.1988.REPACK.BluRay.1080p.FLAC.2.0.AVC.REMUX-FraMeSToR/Grave.of.the.Fireflies.1988.REPACK.BluRay.1080p.FLAC.2.0.AVC.REMUX-FraMeSToR.mkv,234
1765664247,29,Grave of the Fireflies (1988),/mnt/my-zfs/mediarr/torrent/arch/Grave.of.the.Fireflies.1988.REPACK.BluRay.1080p.FLAC.2.0.AVC.REMUX-FraMeSToR/Grave.of.the.Fireflies.1988.REPACK.BluRay.1080p.FLAC.2.0.AVC.REMUX-FraMeSToR.mkv,234
1765664325,29,Grave of the Fireflies (1988),/mnt/my-zfs/mediarr/torrent/arch/Grave.of.the.Fireflies.1988.REPACK.BluRay.1080p.FLAC.2.0.AVC.REMUX-FraMeSToR/Grave.of.the.Fireflies.1988.REPACK.BluRay.1080p.FLAC.2.0.AVC.REMUX-FraMeSToR.mkv,234
1765664537,29,Grave of the Fireflies (1988),/mnt/my-zfs/mediarr/torrent/arch/Grave.of.the.Fireflies.1988.REPACK.BluRay.1080p.FLAC.2.0.AVC.REMUX-FraMeSToR/Grave.of.the.Fireflies.1988.REPACK.BluRay.1080p.FLAC.2.0.AVC.REMUX-FraMeSToR.mkv,234
1765664726,29,Grave of the Fireflies (1988),/mnt/my-zfs/mediarr/torrent/arch/Grave.of.the.Fireflies.1988.REPACK.BluRay.1080p.FLAC.2.0.AVC.REMUX-FraMeSToR/Grave.of.the.Fireflies.1988.REPACK.BluRay.1080p.FLAC.2.0.AVC.REMUX-FraMeSToR.mkv,234
1765664853,29,Grave of the Fireflies (1988),/mnt/my-zfs/mediarr/torrent/arch/Grave.of.the.Fireflies.1988.REPACK.BluRay.1080p.FLAC.2.0.AVC.REMUX-FraMeSToR/Grave.of.the.Fireflies.1988.REPACK.BluRay.1080p.FLAC.2.0.AVC.REMUX-FraMeSToR.mkv,234
1765664942,29,Grave of the Fireflies (1988),/mnt/my-zfs/mediarr/torrent/arch/Grave.of.the.Fireflies.1988.REPACK.BluRay.1080p.FLAC.2.0.AVC.REMUX-FraMeSToR/Grave.of.the.Fireflies.1988.REPACK.BluRay.1080p.FLAC.2.0.AVC.REMUX-FraMeSToR.mkv,234
1765665047,29,Grave of the Fireflies (1988),/mnt/my-zfs/mediarr/torrent/arch/Grave.of.the.Fireflies.1988.REPACK.BluRay.1080p.FLAC.2.0.AVC.REMUX-FraMeSToR/Grave.of.the.Fireflies.1988.REPACK.BluRay.1080p.FLAC.2.0.AVC.REMUX-FraMeSToR.mkv,234
1765665249,29,Grave of the Fireflies (1988),/mnt/my-zfs/mediarr/torrent/arch/Grave.of.the.Fireflies.1988.REPACK.BluRay.1080p.FLAC.2.0.AVC.REMUX-FraMeSToR/Grave.of.the.Fireflies.1988.REPACK.BluRay.1080p.FLAC.2.0.AVC.REMUX-FraMeSToR.mkv,234
1765665407,29,Grave of the Fireflies (1988),/mnt/my-zfs/mediarr/torrent/arch/Grave.of.the.Fireflies.1988.REPACK.BluRay.1080p.FLAC.2.0.AVC.REMUX-FraMeSToR/Grave.of.the.Fireflies.1988.REPACK.BluRay.1080p.FLAC.2.0.AVC.REMUX-FraMeSToR.mkv,234
1765665450,29,Grave of the Fireflies (1988),/mnt/my-zfs/mediarr/torrent/arch/Grave.of.the.Fireflies.1988.REPACK.BluRay.1080p.FLAC.2.0.AVC.REMUX-FraMeSToR/Grave.of.the.Fireflies.1988.REPACK.BluRay.1080p.FLAC.2.0.AVC.REMUX-FraMeSToR.mkv,234
1765665539,29,Grave of the Fireflies (1988),/mnt/my-zfs/mediarr/torrent/arch/Grave.of.the.Fireflies.1988.REPACK.BluRay.1080p.FLAC.2.0.AVC.REMUX-FraMeSToR/Grave.of.the.Fireflies.1988.REPACK.BluRay.1080p.FLAC.2.0.AVC.REMUX-FraMeSToR.mkv,234
1765665724,29,Grave of the Fireflies (1988),/mnt/my-zfs/mediarr/torrent/arch/Grave.of.the.Fireflies.1988.REPACK.BluRay.1080p.FLAC.2.0.AVC.REMUX-FraMeSToR/Grave.of.the.Fireflies.1988.REPACK.BluRay.1080p.FLAC.2.0.AVC.REMUX-FraMeSToR.mkv,234
1765666151,29,Grave of the Fireflies (1988),/mnt/my-zfs/mediarr/torrent/arch/Grave.of.the.Fireflies.1988.REPACK.BluRay.1080p.FLAC.2.0.AVC.REMUX-FraMeSToR/Grave.of.the.Fireflies.1988.REPACK.BluRay.1080p.FLAC.2.0.AVC.REMUX-FraMeSToR.mkv,234
1765666171,29,Grave of the Fireflies (1988),/mnt/my-zfs/mediarr/torrent/arch/Grave.of.the.Fireflies.1988.REPACK.BluRay.1080p.FLAC.2.0.AVC.REMUX-FraMeSToR/Grave.of.the.Fireflies.1988.REPACK.BluRay.1080p.FLAC.2.0.AVC.REMUX-FraMeSToR.mkv,234
1765669025,25,キュア AKA Cure (1997),/mnt/my-zfs/mediarr/torrent/arch/Cure.1997.REPACK.UHD.BluRay.Remux.2160p.DV.HDR.HEVC.FLAC.2.0-ZQ.mkv,140
1765669403,25,キュア AKA Cure (1997),/mnt/my-zfs/mediarr/torrent/arch/Cure.1997.REPACK.UHD.BluRay.Remux.2160p.DV.HDR.HEVC.FLAC.2.0-ZQ.mkv,140
1765669492,22,The Dark Knight (2008),/mnt/my-zfs/mediarr/torrent/arch/The.Dark.Knight.2008.UHD.BluRay.2160p.TrueHD.5.1.DV.HEVC.HYBRID.REMUX-FraMeSToR/The.Dark.Knight.2008.UHD.BluRay.2160p.TrueHD.5.1.DV.HEVC.HYBRID.REMUX-FraMeSToR.mkv,233
1765669732,22,The Dark Knight (2008),/mnt/my-zfs/mediarr/torrent/arch/The.Dark.Knight.2008.UHD.BluRay.2160p.TrueHD.5.1.DV.HEVC.HYBRID.REMUX-FraMeSToR/The.Dark.Knight.2008.UHD.BluRay.2160p.TrueHD.5.1.DV.HEVC.HYBRID.REMUX-FraMeSToR.mkv,233
1765669794,22,The Dark Knight (2008),/mnt/my-zfs/mediarr/torrent/arch/The.Dark.Knight.2008.UHD.BluRay.2160p.TrueHD.5.1.DV.HEVC.HYBRID.REMUX-FraMeSToR/The.Dark.Knight.2008.UHD.BluRay.2160p.TrueHD.5.1.DV.HEVC.HYBRID.REMUX-FraMeSToR.mkv,233
1765669893,22,The Dark Knight (2008),/mnt/my-zfs/mediarr/torrent/arch/The.Dark.Knight.2008.UHD.BluRay.2160p.TrueHD.5.1.DV.HEVC.HYBRID.REMUX-FraMeSToR/The.Dark.Knight.2008.UHD.BluRay.2160p.TrueHD.5.1.DV.HEVC.HYBRID.REMUX-FraMeSToR.mkv,233
1765670095,22,The Dark Knight (2008),/mnt/my-zfs/mediarr/torrent/arch/The.Dark.Knight.2008.UHD.BluRay.2160p.TrueHD.5.1.DV.HEVC.HYBRID.REMUX-FraMeSToR/The.Dark.Knight.2008.UHD.BluRay.2160p.TrueHD.5.1.DV.HEVC.HYBRID.REMUX-FraMeSToR.mkv,233
1765670109,22,The Dark Knight (2008),/mnt/my-zfs/mediarr/torrent/arch/The.Dark.Knight.2008.UHD.BluRay.2160p.TrueHD.5.1.DV.HEVC.HYBRID.REMUX-FraMeSToR/The.Dark.Knight.2008.UHD.BluRay.2160p.TrueHD.5.1.DV.HEVC.HYBRID.REMUX-FraMeSToR.mkv,233
1765670147,22,The Dark Knight (2008),/mnt/my-zfs/mediarr/torrent/arch/The.Dark.Knight.2008.UHD.BluRay.2160p.TrueHD.5.1.DV.HEVC.HYBRID.REMUX-FraMeSToR/The.Dark.Knight.2008.UHD.BluRay.2160p.TrueHD.5.1.DV.HEVC.HYBRID.REMUX-FraMeSToR.mkv,233
1765670187,25,キュア AKA Cure (1997),/mnt/my-zfs/mediarr/torrent/arch/Cure.1997.REPACK.UHD.BluRay.Remux.2160p.DV.HDR.HEVC.FLAC.2.0-ZQ.mkv,140
1765670439,15,Die Hard (1988),/mnt/my-zfs/mediarr/torrent/arch/Die.Hard.1988.UHD.BluRay.2160p.DTS-HD.MA.5.1.DV.HEVC.HYBRID.REMUX-FraMeSToR/Die.Hard.1988.UHD.BluRay.2160p.DTS-HD.MA.5.1.DV.HEVC.HYBRID.REMUX-FraMeSToR.mkv,218
1765670476,15,Die Hard (1988),/mnt/my-zfs/mediarr/torrent/arch/Die.Hard.1988.UHD.BluRay.2160p.DTS-HD.MA.5.1.DV.HEVC.HYBRID.REMUX-FraMeSToR/Die.Hard.1988.UHD.BluRay.2160p.DTS-HD.MA.5.1.DV.HEVC.HYBRID.REMUX-FraMeSToR.mkv,218
1765670584,19,There Will Be Blood,/mnt/my-zfs/mediarr/torrent/arch/There.Will.Be.Blood.2007.BluRay.1080p.TrueHD.5.1.VC-1.REMUX-FraMeSToR/There.Will.Be.Blood.2007.BluRay.1080p.TrueHD.5.1.VC-1.REMUX-FraMeSToR.mkv,210
1765670674,19,There Will Be Blood,/mnt/my-zfs/mediarr/torrent/arch/There.Will.Be.Blood.2007.BluRay.1080p.TrueHD.5.1.VC-1.REMUX-FraMeSToR/There.Will.Be.Blood.2007.BluRay.1080p.TrueHD.5.1.VC-1.REMUX-FraMeSToR.mkv,210
1765670716,22,The Dark Knight (2008),/mnt/my-zfs/mediarr/torrent/arch/The.Dark.Knight.2008.UHD.BluRay.2160p.TrueHD.5.1.DV.HEVC.HYBRID.REMUX-FraMeSToR/The.Dark.Knight.2008.UHD.BluRay.2160p.TrueHD.5.1.DV.HEVC.HYBRID.REMUX-FraMeSToR.mkv,233
1765670783,22,The Dark Knight (2008),/mnt/my-zfs/mediarr/torrent/arch/The.Dark.Knight.2008.UHD.BluRay.2160p.TrueHD.5.1.DV.HEVC.HYBRID.REMUX-FraMeSToR/The.Dark.Knight.2008.UHD.BluRay.2160p.TrueHD.5.1.DV.HEVC.HYBRID.REMUX-FraMeSToR.mkv,233
1765670827,25,キュア AKA Cure (1997),/mnt/my-zfs/mediarr/torrent/arch/Cure.1997.REPACK.UHD.BluRay.Remux.2160p.DV.HDR.HEVC.FLAC.2.0-ZQ.mkv,140
1765670857,25,キュア AKA Cure (1997),/mnt/my-zfs/mediarr/torrent/arch/Cure.1997.REPACK.UHD.BluRay.Remux.2160p.DV.HDR.HEVC.FLAC.2.0-ZQ.mkv,140
1765670908,25,キュア AKA Cure (1997),/mnt/my-zfs/mediarr/torrent/arch/Cure.1997.REPACK.UHD.BluRay.Remux.2160p.DV.HDR.HEVC.FLAC.2.0-ZQ.mkv,140
1765671006,25,キュア AKA Cure (1997),/mnt/my-zfs/mediarr/torrent/arch/Cure.1997.REPACK.UHD.BluRay.Remux.2160p.DV.HDR.HEVC.FLAC.2.0-ZQ.mkv,140
1765671060,25,キュア AKA Cure (1997),/mnt/my-zfs/mediarr/torrent/arch/Cure.1997.REPACK.UHD.BluRay.Remux.2160p.DV.HDR.HEVC.FLAC.2.0-ZQ.mkv,140
1765671118,25,キュア AKA Cure (1997),/mnt/my-zfs/mediarr/torrent/arch/Cure.1997.REPACK.UHD.BluRay.Remux.2160p.DV.HDR.HEVC.FLAC.2.0-ZQ.mkv,140
1765671285,25,キュア AKA Cure (1997),/mnt/my-zfs/mediarr/torrent/arch/Cure.1997.REPACK.UHD.BluRay.Remux.2160p.DV.HDR.HEVC.FLAC.2.0-ZQ.mkv,140
1765671408,25,キュア AKA Cure (1997),/mnt/my-zfs/mediarr/torrent/arch/Cure.1997.REPACK.UHD.BluRay.Remux.2160p.DV.HDR.HEVC.FLAC.2.0-ZQ.mkv,140
1765672462,25,キュア AKA Cure (1997),/mnt/my-zfs/mediarr/torrent/arch/Cure.1997.REPACK.UHD.BluRay.Remux.2160p.DV.HDR.HEVC.FLAC.2.0-ZQ.mkv,140
1765672537,25,キュア AKA Cure (1997),/mnt/my-zfs/mediarr/torrent/arch/Cure.1997.REPACK.UHD.BluRay.Remux.2160p.DV.HDR.HEVC.FLAC.2.0-ZQ.mkv,140
1765672636,25,キュア AKA Cure (1997),/mnt/my-zfs/mediarr/torrent/arch/Cure.1997.REPACK.UHD.BluRay.Remux.2160p.DV.HDR.HEVC.FLAC.2.0-ZQ.mkv,140
1765672702,25,キュア AKA Cure (1997),/mnt/my-zfs/mediarr/torrent/arch/Cure.1997.REPACK.UHD.BluRay.Remux.2160p.DV.HDR.HEVC.FLAC.2.0-ZQ.mkv,140
1765672903,25,キュア AKA Cure (1997),/mnt/my-zfs/mediarr/torrent/arch/Cure.1997.REPACK.UHD.BluRay.Remux.2160p.DV.HDR.HEVC.FLAC.2.0-ZQ.mkv,140
1765673034,25,キュア AKA Cure (1997),/mnt/my-zfs/mediarr/torrent/arch/Cure.1997.REPACK.UHD.BluRay.Remux.2160p.DV.HDR.HEVC.FLAC.2.0-ZQ.mkv,140
1765673137,25,キュア AKA Cure (1997),/mnt/my-zfs/mediarr/torrent/arch/Cure.1997.REPACK.UHD.BluRay.Remux.2160p.DV.HDR.HEVC.FLAC.2.0-ZQ.mkv,140
1765673561,25,キュア AKA Cure (1997),/mnt/my-zfs/mediarr/torrent/arch/Cure.1997.REPACK.UHD.BluRay.Remux.2160p.DV.HDR.HEVC.FLAC.2.0-ZQ.mkv,140
1765673734,25,キュア AKA Cure (1997),/mnt/my-zfs/mediarr/torrent/arch/Cure.1997.REPACK.UHD.BluRay.Remux.2160p.DV.HDR.HEVC.FLAC.2.0-ZQ.mkv,140
1765673895,25,キュア AKA Cure (1997),/mnt/my-zfs/mediarr/torrent/arch/Cure.1997.REPACK.UHD.BluRay.Remux.2160p.DV.HDR.HEVC.FLAC.2.0-ZQ.mkv,140
1765674044,25,キュア AKA Cure (1997),/mnt/my-zfs/mediarr/torrent/arch/Cure.1997.REPACK.UHD.BluRay.Remux.2160p.DV.HDR.HEVC.FLAC.2.0-ZQ.mkv,140
1765674194,25,キュア AKA Cure (1997),/mnt/my-zfs/mediarr/torrent/arch/Cure.1997.REPACK.UHD.BluRay.Remux.2160p.DV.HDR.HEVC.FLAC.2.0-ZQ.mkv,140
1765674216,25,キュア AKA Cure (1997),/mnt/my-zfs/mediarr/torrent/arch/Cure.1997.REPACK.UHD.BluRay.Remux.2160p.DV.HDR.HEVC.FLAC.2.0-ZQ.mkv,140
1765674280,19,There Will Be Blood,/mnt/my-zfs/mediarr/torrent/arch/There.Will.Be.Blood.2007.BluRay.1080p.TrueHD.5.1.VC-1.REMUX-FraMeSToR/There.Will.Be.Blood.2007.BluRay.1080p.TrueHD.5.1.VC-1.REMUX-FraMeSToR.mkv,210
1765674285,19,There Will Be Blood,/mnt/my-zfs/mediarr/torrent/arch/There.Will.Be.Blood.2007.BluRay.1080p.TrueHD.5.1.VC-1.REMUX-FraMeSToR/There.Will.Be.Blood.2007.BluRay.1080p.TrueHD.5.1.VC-1.REMUX-FraMeSToR.mkv,210
1765674329,28,The Boy and the Heron (2023),/mnt/my-zfs/mediarr/torrent/arch/The.Boy.and.the.Heron.2023.UHD.BluRay.2160p.TrueHD.Atmos.7.1.DV.HEVC.REMUX-FraMeSToR/The.Boy.and.the.Heron.2023.UHD.BluRay.2160p.TrueHD.Atmos.7.1.DV.HEVC.REMUX-FraMeSToR.mkv,249
1765674342,,,/mnt/my-zfs/mediarr/torrent/arch/Mickey.17.2025.2160p.iT.WEB-DL.DDP5.1.Atmos.DV.HDR.H.265-BYNDR.mkv,112
1765674990,,,/mnt/my-zfs/mediarr/torrent/arch/Mickey.17.2025.2160p.iT.WEB-DL.DDP5.1.Atmos.DV.HDR.H.265-BYNDR.mkv,112
1765675058,,,/mnt/my-zfs/mediarr/torrent/arch/Mickey.17.2025.2160p.iT.WEB-DL.DDP5.1.Atmos.DV.HDR.H.265-BYNDR.mkv,112
1765675426,,,/mnt/my-zfs/mediarr/torrent/arch/Mickey.17.2025.2160p.iT.WEB-DL.DDP5.1.Atmos.DV.HDR.H.265-BYNDR.mkv,112
1765675452,25,キュア AKA Cure (1997),/mnt/my-zfs/mediarr/torrent/arch/Cure.1997.REPACK.UHD.BluRay.Remux.2160p.DV.HDR.HEVC.FLAC.2.0-ZQ.mkv,140
1765675646,28,The Boy and the Heron (2023),/mnt/my-zfs/mediarr/torrent/arch/The.Boy.and.the.Heron.2023.UHD.BluRay.2160p.TrueHD.Atmos.7.1.DV.HEVC.REMUX-FraMeSToR/The.Boy.and.the.Heron.2023.UHD.BluRay.2160p.TrueHD.Atmos.7.1.DV.HEVC.REMUX-FraMeSToR.mkv,249
1765675659,,,/mnt/my-zfs/mediarr/torrent/arch/My.Neighbor.Totoro.1988.REPACK.2160p.DCPRip.DTS-HD.MA.5.1.DV.HDR.H.265-DRX.mkv,124
1765675734,,,/mnt/my-zfs/mediarr/torrent/arch/My.Neighbor.Totoro.1988.REPACK.2160p.DCPRip.DTS-HD.MA.5.1.DV.HDR.H.265-DRX.mkv,124
1765675754,40,One Battle After Another (2025) (2160p) ,/mnt/my-zfs/mediarr/torrent/arch/One Battle After Another (2025) (2160p WEB-DL Hybrid H265 DV HDR DDP Atmos 5.1 English - HONE).mkv,186
1765675770,21,Oppenheimer (2023) 4K,/mnt/my-zfs/mediarr/torrent/arch/Oppenheimer.2023.UHD.BluRay.2160p.DTS-HD.MA.5.1.HEVC.REMUX-FraMeSToR/Oppenheimer.2023.UHD.BluRay.2160p.DTS-HD.MA.5.1.HEVC.REMUX-FraMeSToR.mkv,210
1765676371,15,Die Hard (1988),/mnt/my-zfs/mediarr/torrent/arch/Die.Hard.1988.UHD.BluRay.2160p.DTS-HD.MA.5.1.DV.HEVC.HYBRID.REMUX-FraMeSToR/Die.Hard.1988.UHD.BluRay.2160p.DTS-HD.MA.5.1.DV.HEVC.HYBRID.REMUX-FraMeSToR.mkv,218
1765676380,15,Die Hard (1988),/mnt/my-zfs/mediarr/torrent/arch/Die.Hard.1988.UHD.BluRay.2160p.DTS-HD.MA.5.1.DV.HEVC.HYBRID.REMUX-FraMeSToR/Die.Hard.1988.UHD.BluRay.2160p.DTS-HD.MA.5.1.DV.HEVC.HYBRID.REMUX-FraMeSToR.mkv,218
1765718086,,,/mnt/my-zfs/mediarr/torrent/arch/Peacemaker.S01.2160p.MAX.WEB-DL.DDP5.1.Atmos.DV.HDR.H.265-WADU/Peacemaker.S01E01.A.Whole.New.Whirled.2160p.MAX.WEB-DL.DDP5.1.Atmos.DV.HDR.H.265-WADU.mkv,198
1765718468,,,/mnt/my-zfs/mediarr/torrent/arch/Peacemaker.S01.2160p.MAX.WEB-DL.DDP5.1.Atmos.DV.HDR.H.265-WADU/Peacemaker.S01E01.A.Whole.New.Whirled.2160p.MAX.WEB-DL.DDP5.1.Atmos.DV.HDR.H.265-WADU.mkv,198
1765718597,,,/mnt/my-zfs/mediarr/torrent/arch/Peacemaker.S01.2160p.MAX.WEB-DL.DDP5.1.Atmos.DV.HDR.H.265-WADU/Peacemaker.S01E01.A.Whole.New.Whirled.2160p.MAX.WEB-DL.DDP5.1.Atmos.DV.HDR.H.265-WADU.mkv,198
1765718608,,,/mnt/my-zfs/mediarr/torrent/arch/Peacemaker.S01.2160p.MAX.WEB-DL.DDP5.1.Atmos.DV.HDR.H.265-WADU/Peacemaker.S01E02.Best.Friends.for.Never.2160p.MAX.WEB-DL.DDP5.1.Atmos.DV.HDR.H.265-WADU.mkv,201
1765718706,,,/mnt/my-zfs/mediarr/torrent/arch/[ASW] Dandadan - 13 [1080p HEVC][9417038A].mkv,92
1765718902,,,/mnt/my-zfs/mediarr/torrent/arch/[ASW] Dandadan - 13 [1080p HEVC][9417038A].mkv,92
1765718971,,,/mnt/my-zfs/mediarr/torrent/arch/[ASW] Dandadan - 13 [1080p HEVC][9417038A].mkv,92
1765719388,,,/mnt/my-zfs/mediarr/torrent/arch/[ASW] Dandadan - 13 [1080p HEVC][9417038A].mkv,92
1765719506,,,/mnt/my-zfs/mediarr/torrent/arch/[ASW] Dandadan - 13 [1080p HEVC][9417038A].mkv,92
1765719552,,,/mnt/my-zfs/mediarr/torrent/arch/[ASW] Dandadan - 21 [1080p HEVC][63891274].mkv,92
1765719643,,,/mnt/my-zfs/mediarr/torrent/arch/[ASW] Dandadan - 21 [1080p HEVC][63891274].mkv,92
1765719900,,,/mnt/my-zfs/mediarr/torrent/arch/[ASW] Dandadan - 21 [1080p HEVC][63891274].mkv,92
1765719945,,,/mnt/my-zfs/mediarr/torrent/arch/[ASW] Dandadan - 21 [1080p HEVC][63891274].mkv,92
1765720201,,,/mnt/my-zfs/mediarr/torrent/arch/[ASW] Dandadan - 21 [1080p HEVC][63891274].mkv,92
1765720447,21,Rick.and.Morty.S08E01,/mnt/my-zfs/mediarr/torrent/arch/Rick.and.Morty.S08E01.1080p.x265-ELiTE/Rick.and.Morty.S08E01.1080p.x265-ELiTE.mkv,150
1765720559,21,Rick.and.Morty.S08E01,/mnt/my-zfs/mediarr/torrent/arch/Rick.and.Morty.S08E01.1080p.x265-ELiTE/Rick.and.Morty.S08E01.1080p.x265-ELiTE.mkv,150
1765720632,21,Rick.and.Morty.S08E01,/mnt/my-zfs/mediarr/torrent/arch/Rick.and.Morty.S08E01.1080p.x265-ELiTE/Rick.and.Morty.S08E01.1080p.x265-ELiTE.mkv,150
1765720644,21,Rick.and.Morty.S08E01,/mnt/my-zfs/mediarr/torrent/arch/Rick.and.Morty.S08E01.1080p.x265-ELiTE/Rick.and.Morty.S08E01.1080p.x265-ELiTE.mkv,150
1765720787,21,Rick.and.Morty.S08E01,/mnt/my-zfs/mediarr/torrent/arch/Rick.and.Morty.S08E01.1080p.x265-ELiTE/Rick.and.Morty.S08E01.1080p.x265-ELiTE.mkv,150
1765721189,21,Rick.and.Morty.S08E01,/mnt/my-zfs/mediarr/torrent/arch/Rick.and.Morty.S08E01.1080p.x265-ELiTE/Rick.and.Morty.S08E01.1080p.x265-ELiTE.mkv,150
1765721223,25,キュア AKA Cure (1997),/mnt/my-zfs/mediarr/torrent/arch/Cure.1997.REPACK.UHD.BluRay.Remux.2160p.DV.HDR.HEVC.FLAC.2.0-ZQ.mkv,140
1765721259,35,Zack Snyder's Justice League (2021),/mnt/my-zfs/mediarr/torrent/arch/Zack.Snyders.Justice.League.2021.UHD.BluRay.2160p.TrueHD.Atmos.7.1.DV.HEVC.HYBRID.REMUX-FraMeSToR.mkv,184
1765721279,,,/mnt/my-zfs/mediarr/torrent/arch/Peacemaker.S01.2160p.MAX.WEB-DL.DDP5.1.Atmos.DV.HDR.H.265-WADU/Peacemaker.S01E02.Best.Friends.for.Never.2160p.MAX.WEB-DL.DDP5.1.Atmos.DV.HDR.H.265-WADU.mkv,201
1765721285,,,/mnt/my-zfs/mediarr/torrent/arch/Peacemaker.S01.2160p.MAX.WEB-DL.DDP5.1.Atmos.DV.HDR.H.265-WADU/Peacemaker.S01E01.A.Whole.New.Whirled.2160p.MAX.WEB-DL.DDP5.1.Atmos.DV.HDR.H.265-WADU.mkv,198
1765721327,,,/mnt/my-zfs/mediarr/torrent/arch/Peacemaker.S01.2160p.MAX.WEB-DL.DDP5.1.Atmos.DV.HDR.H.265-WADU/Peacemaker.S01E01.A.Whole.New.Whirled.2160p.MAX.WEB-DL.DDP5.1.Atmos.DV.HDR.H.265-WADU.mkv,198
1765721348,,,/mnt/my-zfs/mediarr/torrent/arch/Peacemaker.S01.2160p.MAX.WEB-DL.DDP5.1.Atmos.DV.HDR.H.265-WADU/Peacemaker.S01E01.A.Whole.New.Whirled.2160p.MAX.WEB-DL.DDP5.1.Atmos.DV.HDR.H.265-WADU.mkv,198
1765721354,,,/mnt/my-zfs/mediarr/torrent/arch/Peacemaker.S01.2160p.MAX.WEB-DL.DDP5.1.Atmos.DV.HDR.H.265-WADU/Peacemaker.S01E02.Best.Friends.for.Never.2160p.MAX.WEB-DL.DDP5.1.Atmos.DV.HDR.H.265-WADU.mkv,201
1765721409,,,/mnt/my-zfs/mediarr/torrent/arch/Mickey.17.2025.2160p.iT.WEB-DL.DDP5.1.Atmos.DV.HDR.H.265-BYNDR.mkv,112
1765721437,,,/mnt/my-zfs/mediarr/torrent/arch/Mickey.17.2025.2160p.iT.WEB-DL.DDP5.1.Atmos.DV.HDR.H.265-BYNDR.mkv,112
1765721448,,,/mnt/my-zfs/mediarr/torrent/arch/Peacemaker.S01.2160p.MAX.WEB-DL.DDP5.1.Atmos.DV.HDR.H.265-WADU/Peacemaker.S01E02.Best.Friends.for.Never.2160p.MAX.WEB-DL.DDP5.1.Atmos.DV.HDR.H.265-WADU.mkv,201
1765721705,,,/mnt/my-zfs/mediarr/torrent/arch/Peacemaker.S01.2160p.MAX.WEB-DL.DDP5.1.Atmos.DV.HDR.H.265-WADU/Peacemaker.S01E02.Best.Friends.for.Never.2160p.MAX.WEB-DL.DDP5.1.Atmos.DV.HDR.H.265-WADU.mkv,201
1765721811,,,/mnt/my-zfs/mediarr/torrent/arch/Peacemaker.S01.2160p.MAX.WEB-DL.DDP5.1.Atmos.DV.HDR.H.265-WADU/Peacemaker.S01E02.Best.Friends.for.Never.2160p.MAX.WEB-DL.DDP5.1.Atmos.DV.HDR.H.265-WADU.mkv,201
1765721839,,,/mnt/my-zfs/mediarr/torrent/arch/Mickey.17.2025.2160p.iT.WEB-DL.DDP5.1.Atmos.DV.HDR.H.265-BYNDR.mkv,112
1765721855,,,/mnt/my-zfs/mediarr/torrent/arch/Mickey.17.2025.2160p.iT.WEB-DL.DDP5.1.Atmos.DV.HDR.H.265-BYNDR.mkv,112
1765721945,,,/mnt/my-zfs/mediarr/torrent/arch/Mickey.17.2025.2160p.iT.WEB-DL.DDP5.1.Atmos.DV.HDR.H.265-BYNDR.mkv,112
1765722077,,,/mnt/my-zfs/mediarr/torrent/arch/Mickey.17.2025.2160p.iT.WEB-DL.DDP5.1.Atmos.DV.HDR.H.265-BYNDR.mkv,112
1765722107,,,/mnt/my-zfs/mediarr/torrent/arch/Mickey.17.2025.2160p.iT.WEB-DL.DDP5.1.Atmos.DV.HDR.H.265-BYNDR.mkv,112
1765722123,,,/mnt/my-zfs/mediarr/torrent/arch/Peacemaker.S01.2160p.MAX.WEB-DL.DDP5.1.Atmos.DV.HDR.H.265-WADU/Peacemaker.S01E02.Best.Friends.for.Never.2160p.MAX.WEB-DL.DDP5.1.Atmos.DV.HDR.H.265-WADU.mkv,201
1765722124,,,/mnt/my-zfs/mediarr/torrent/arch/Peacemaker.S01.2160p.MAX.WEB-DL.DDP5.1.Atmos.DV.HDR.H.265-WADU/Peacemaker.S01E01.A.Whole.New.Whirled.2160p.MAX.WEB-DL.DDP5.1.Atmos.DV.HDR.H.265-WADU.mkv,198
1765722215,,,/mnt/my-zfs/mediarr/torrent/arch/Peacemaker.S01.2160p.MAX.WEB-DL.DDP5.1.Atmos.DV.HDR.H.265-WADU/Peacemaker.S01E01.A.Whole.New.Whirled.2160p.MAX.WEB-DL.DDP5.1.Atmos.DV.HDR.H.265-WADU.mkv,198
1765722249,,,/mnt/my-zfs/mediarr/torrent/arch/Peacemaker.S01.2160p.MAX.WEB-DL.DDP5.1.Atmos.DV.HDR.H.265-WADU/Peacemaker.S01E01.A.Whole.New.Whirled.2160p.MAX.WEB-DL.DDP5.1.Atmos.DV.HDR.H.265-WADU.mkv,198
1765722253,,,/mnt/my-zfs/mediarr/torrent/arch/Peacemaker.S01.2160p.MAX.WEB-DL.DDP5.1.Atmos.DV.HDR.H.265-WADU/Peacemaker.S01E02.Best.Friends.for.Never.2160p.MAX.WEB-DL.DDP5.1.Atmos.DV.HDR.H.265-WADU.mkv,201
1765722488,,,/mnt/my-zfs/mediarr/torrent/arch/Peacemaker.S01.2160p.MAX.WEB-DL.DDP5.1.Atmos.DV.HDR.H.265-WADU/Peacemaker.S01E02.Best.Friends.for.Never.2160p.MAX.WEB-DL.DDP5.1.Atmos.DV.HDR.H.265-WADU.mkv,201
1765722728,,,/mnt/my-zfs/mediarr/torrent/arch/Peacemaker.S01.2160p.MAX.WEB-DL.DDP5.1.Atmos.DV.HDR.H.265-WADU/Peacemaker.S01E02.Best.Friends.for.Never.2160p.MAX.WEB-DL.DDP5.1.Atmos.DV.HDR.H.265-WADU.mkv,201
1765722733,,,/mnt/my-zfs/mediarr/torrent/arch/Peacemaker.S01.2160p.MAX.WEB-DL.DDP5.1.Atmos.DV.HDR.H.265-WADU/Peacemaker.S01E01.A.Whole.New.Whirled.2160p.MAX.WEB-DL.DDP5.1.Atmos.DV.HDR.H.265-WADU.mkv,198
1765722780,,,/mnt/my-zfs/mediarr/torrent/arch/Peacemaker.S01.2160p.MAX.WEB-DL.DDP5.1.Atmos.DV.HDR.H.265-WADU/Peacemaker.S01E01.A.Whole.New.Whirled.2160p.MAX.WEB-DL.DDP5.1.Atmos.DV.HDR.H.265-WADU.mkv,198
1765722785,,,/mnt/my-zfs/mediarr/torrent/arch/Peacemaker.S01.2160p.MAX.WEB-DL.DDP5.1.Atmos.DV.HDR.H.265-WADU/Peacemaker.S01E02.Best.Friends.for.Never.2160p.MAX.WEB-DL.DDP5.1.Atmos.DV.HDR.H.265-WADU.mkv,201
1765722792,,,/mnt/my-zfs/mediarr/torrent/arch/Peacemaker.S01.2160p.MAX.WEB-DL.DDP5.1.Atmos.DV.HDR.H.265-WADU/Peacemaker.S01E03.Better.Goff.Dead.2160p.MAX.WEB-DL.DDP5.1.Atmos.DV.HDR.H.265-WADU.mkv,195
1765722797,,,/mnt/my-zfs/mediarr/torrent/arch/Peacemaker.S01.2160p.MAX.WEB-DL.DDP5.1.Atmos.DV.HDR.H.265-WADU/Peacemaker.S01E02.Best.Friends.for.Never.2160p.MAX.WEB-DL.DDP5.1.Atmos.DV.HDR.H.265-WADU.mkv,201
1765722800,,,/mnt/my-zfs/mediarr/torrent/arch/Peacemaker.S01.2160p.MAX.WEB-DL.DDP5.1.Atmos.DV.HDR.H.265-WADU/Peacemaker.S01E01.A.Whole.New.Whirled.2160p.MAX.WEB-DL.DDP5.1.Atmos.DV.HDR.H.265-WADU.mkv,198
1765723017,,,/mnt/my-zfs/mediarr/torrent/arch/Peacemaker.S01.2160p.MAX.WEB-DL.DDP5.1.Atmos.DV.HDR.H.265-WADU/Peacemaker.S01E01.A.Whole.New.Whirled.2160p.MAX.WEB-DL.DDP5.1.Atmos.DV.HDR.H.265-WADU.mkv,198
1765723025,,,/mnt/my-zfs/mediarr/torrent/arch/Peacemaker.S01.2160p.MAX.WEB-DL.DDP5.1.Atmos.DV.HDR.H.265-WADU/Peacemaker.S01E02.Best.Friends.for.Never.2160p.MAX.WEB-DL.DDP5.1.Atmos.DV.HDR.H.265-WADU.mkv,201
1765723032,,,/mnt/my-zfs/mediarr/torrent/arch/Peacemaker.S01.2160p.MAX.WEB-DL.DDP5.1.Atmos.DV.HDR.H.265-WADU/Peacemaker.S01E03.Better.Goff.Dead.2160p.MAX.WEB-DL.DDP5.1.Atmos.DV.HDR.H.265-WADU.mkv,195
1765723038,,,/mnt/my-zfs/mediarr/torrent/arch/Peacemaker.S01.2160p.MAX.WEB-DL.DDP5.1.Atmos.DV.HDR.H.265-WADU/Peacemaker.S01E02.Best.Friends.for.Never.2160p.MAX.WEB-DL.DDP5.1.Atmos.DV.HDR.H.265-WADU.mkv,201
1765723043,,,/mnt/my-zfs/mediarr/torrent/arch/Peacemaker.S01.2160p.MAX.WEB-DL.DDP5.1.Atmos.DV.HDR.H.265-WADU/Peacemaker.S01E01.A.Whole.New.Whirled.2160p.MAX.WEB-DL.DDP5.1.Atmos.DV.HDR.H.265-WADU.mkv,198
1765723056,,,/mnt/my-zfs/mediarr/torrent/arch/Mickey.17.2025.2160p.iT.WEB-DL.DDP5.1.Atmos.DV.HDR.H.265-BYNDR.mkv,112
1765723068,25,キュア AKA Cure (1997),/mnt/my-zfs/mediarr/torrent/arch/Cure.1997.REPACK.UHD.BluRay.Remux.2160p.DV.HDR.HEVC.FLAC.2.0-ZQ.mkv,140
1765724638,22,The Dark Knight (2008),/mnt/my-zfs/mediarr/torrent/arch/The.Dark.Knight.2008.UHD.BluRay.2160p.TrueHD.5.1.DV.HEVC.HYBRID.REMUX-FraMeSToR/The.Dark.Knight.2008.UHD.BluRay.2160p.TrueHD.5.1.DV.HEVC.HYBRID.REMUX-FraMeSToR.mkv,233
1765724825,22,The Dark Knight (2008),/mnt/my-zfs/mediarr/torrent/arch/The.Dark.Knight.2008.UHD.BluRay.2160p.TrueHD.5.1.DV.HEVC.HYBRID.REMUX-FraMeSToR/The.Dark.Knight.2008.UHD.BluRay.2160p.TrueHD.5.1.DV.HEVC.HYBRID.REMUX-FraMeSToR.mkv,233
1765724851,22,The Dark Knight (2008),/mnt/my-zfs/mediarr/torrent/arch/The.Dark.Knight.2008.UHD.BluRay.2160p.TrueHD.5.1.DV.HEVC.HYBRID.REMUX-FraMeSToR/The.Dark.Knight.2008.UHD.BluRay.2160p.TrueHD.5.1.DV.HEVC.HYBRID.REMUX-FraMeSToR.mkv,233
1765725086,25,キュア AKA Cure (1997),/mnt/my-zfs/mediarr/torrent/arch/Cure.1997.REPACK.UHD.BluRay.Remux.2160p.DV.HDR.HEVC.FLAC.2.0-ZQ.mkv,140
1765865851,,,/mnt/my-zfs/mediarr/torrent/arch/My.Neighbor.Totoro.1988.REPACK.2160p.DCPRip.DTS-HD.MA.5.1.DV.HDR.H.265-DRX.mkv,124
1765894234,,,/mnt/my-zfs/mediarr/torrent/arch/When Harry Met Sally 1989 2160p BluRay DV HDR x265-dkore/When Harry Met Sally 1989 2160p BluRay DV HDR x265-dkore.mkv,163
1765894250,,,/mnt/my-zfs/mediarr/torrent/arch/When Harry Met Sally 1989 2160p BluRay DV HDR x265-dkore/When Harry Met Sally 1989 2160p BluRay DV HDR x265-dkore.mkv,163
1765894668,,,/mnt/my-zfs/mediarr/torrent/arch/When Harry Met Sally 1989 2160p BluRay DV HDR x265-dkore/When Harry Met Sally 1989 2160p BluRay DV HDR x265-dkore.mkv,163
1765912204,,,/mnt/my-zfs/mediarr/torrent/arch/When Harry Met Sally 1989 2160p BluRay DV HDR x265-dkore/When Harry Met Sally 1989 2160p BluRay DV HDR x265-dkore.mkv,163
1765912223,,,/mnt/my-zfs/mediarr/torrent/arch/My.Neighbor.Totoro.1988.REPACK.2160p.DCPRip.DTS-HD.MA.5.1.DV.HDR.H.265-DRX.mkv,124
1765912238,25,キュア AKA Cure (1997),/mnt/my-zfs/mediarr/torrent/arch/Cure.1997.REPACK.UHD.BluRay.Remux.2160p.DV.HDR.HEVC.FLAC.2.0-ZQ.mkv,140
1765912265,,,/mnt/my-zfs/mediarr/torrent/arch/[ASW] Dandadan - 13 [1080p HEVC][9417038A].mkv,92
1765912298,,,/mnt/my-zfs/mediarr/torrent/arch/[ASW] Dandadan - 23 [1080p HEVC][099ADC77].mkv,92
1765912399,58,Falling | Terror in Resonance / Zankyou no Terror - S01E01,/mnt/my-zfs/mediarr/torrent/arch/[Arid] Terror in Resonance [Dual-Audio][BDRip 1920x1080 Hi10 FLAC]/[Arid] Terror in Resonance - S01E01 (BDRip 1920x1080 Hi10 FLAC) [4719F17A].mkv,251
1765912444,17,Don't Look Behind,/mnt/my-zfs/mediarr/torrent/arch/[Anime Time] Black Lagoon (Complete Series) (Season 01+02+03+OST) [BD] [Dual Audio] [1080p][HEVC 10bit x265][AAC][Eng Sub]/NCOP and NCED/[Anime Time] Black Lagoon ED 01  - Don't Look Behind.mkv,258
1765912489,,,/mnt/my-zfs/mediarr/torrent/arch/[Moozzi2] Ore dake Level Up na Ken [ x265-10Bit Ver. ] - TV + Tokuten BD/[Moozzi2] Ore dake Level Up na Ken - 01 (BD 1920x1080 x265-10Bit Flac).mkv,193
1765912797,,,/mnt/my-zfs/mediarr/torrent/arch/[Moozzi2] Ore dake Level Up na Ken [ x265-10Bit Ver. ] - TV + Tokuten BD/[Moozzi2] Ore dake Level Up na Ken - 01 (BD 1920x1080 x265-10Bit Flac).mkv,193
1765912811,17,Don't Look Behind,/mnt/my-zfs/mediarr/torrent/arch/[Anime Time] Black Lagoon (Complete Series) (Season 01+02+03+OST) [BD] [Dual Audio] [1080p][HEVC 10bit x265][AAC][Eng Sub]/NCOP and NCED/[Anime Time] Black Lagoon ED 01  - Don't Look Behind.mkv,258
1765912819,58,Falling | Terror in Resonance / Zankyou no Terror - S01E01,/mnt/my-zfs/mediarr/torrent/arch/[Arid] Terror in Resonance [Dual-Audio][BDRip 1920x1080 Hi10 FLAC]/[Arid] Terror in Resonance - S01E01 (BDRip 1920x1080 Hi10 FLAC) [4719F17A].mkv,251
1765912882,,,/mnt/my-zfs/mediarr/torrent/arch/[SubsPlease] Solo Leveling S02 (1080p)/[SubsPlease] Solo Leveling - 13 (1080p) [69C63E88].mkv,139
1765912937,58,Falling | Terror in Resonance / Zankyou no Terror - S01E01,/mnt/my-zfs/mediarr/torrent/arch/[Arid] Terror in Resonance [Dual-Audio][BDRip 1920x1080 Hi10 FLAC]/[Arid] Terror in Resonance - S01E01 (BDRip 1920x1080 Hi10 FLAC) [4719F17A].mkv,251
1765912995,17,Don't Look Behind,/mnt/my-zfs/mediarr/torrent/arch/[Anime Time] Black Lagoon (Complete Series) (Season 01+02+03+OST) [BD] [Dual Audio] [1080p][HEVC 10bit x265][AAC][Eng Sub]/NCOP and NCED/[Anime Time] Black Lagoon ED 01  - Don't Look Behind.mkv,258
1765913243,17,Don't Look Behind,/mnt/my-zfs/mediarr/torrent/arch/[Anime Time] Black Lagoon (Complete Series) (Season 01+02+03+OST) [BD] [Dual Audio] [1080p][HEVC 10bit x265][AAC][Eng Sub]/NCOP and NCED/[Anime Time] Black Lagoon ED 01  - Don't Look Behind.mkv,258
1765913250,58,Falling | Terror in Resonance / Zankyou no Terror - S01E01,/mnt/my-zfs/mediarr/torrent/arch/[Arid] Terror in Resonance [Dual-Audio][BDRip 1920x1080 Hi10 FLAC]/[Arid] Terror in Resonance - S01E01 (BDRip 1920x1080 Hi10 FLAC) [4719F17A].mkv,251
1765913257,,,/mnt/my-zfs/mediarr/torrent/arch/[SubsPlease] Solo Leveling S02 (1080p)/[SubsPlease] Solo Leveling - 13 (1080p) [69C63E88].mkv,139
1765913312,,,/mnt/my-zfs/mediarr/torrent/arch/[Moozzi2] Ore dake Level Up na Ken [ x265-10Bit Ver. ] - TV + Tokuten BD/[Moozzi2] Ore dake Level Up na Ken - 01 (BD 1920x1080 x265-10Bit Flac).mkv,193
1765913317,,,/mnt/my-zfs/mediarr/torrent/arch/[Moozzi2] Ore dake Level Up na Ken [ x265-10Bit Ver. ] - TV + Tokuten BD/[Moozzi2] Ore dake Level Up na Ken - 02 (BD 1920x1080 x265-10Bit Flac).mkv,193
1765913321,,,/mnt/my-zfs/mediarr/torrent/arch/[Moozzi2] Ore dake Level Up na Ken [ x265-10Bit Ver. ] - TV + Tokuten BD/[Moozzi2] Ore dake Level Up na Ken - 01 (BD 1920x1080 x265-10Bit Flac).mkv,193
1765913343,,,/mnt/my-zfs/mediarr/torrent/arch/[SubsPlease] Solo Leveling S02 (1080p)/[SubsPlease] Solo Leveling - 13 (1080p) [69C63E88].mkv,139
1765913585,,,/mnt/my-zfs/mediarr/torrent/arch/[SubsPlease] Solo Leveling S02 (1080p)/[SubsPlease] Solo Leveling - 13 (1080p) [69C63E88].mkv,139
1765913605,,,/mnt/my-zfs/mediarr/torrent/arch/[Moozzi2] Ore dake Level Up na Ken [ x265-10Bit Ver. ] - TV + Tokuten BD/[Moozzi2] Ore dake Level Up na Ken - 01 (BD 1920x1080 x265-10Bit Flac).mkv,193
1765913624,,,/mnt/my-zfs/mediarr/torrent/arch/[ASW] Dandadan - 23 [1080p HEVC][099ADC77].mkv,92
1765914303,,,/mnt/my-zfs/mediarr/torrent/arch/[ASW] Dandadan - 23 [1080p HEVC][099ADC77].mkv,92
1765914457,,,/mnt/my-zfs/mediarr/torrent/arch/[ASW] Dandadan - 23 [1080p HEVC][099ADC77].mkv,92
1765914618,,,/mnt/my-zfs/mediarr/torrent/arch/[ASW] Dandadan - 23 [1080p HEVC][099ADC77].mkv,92
1765914664,,,/mnt/my-zfs/mediarr/torrent/arch/[Moozzi2] Ore dake Level Up na Ken [ x265-10Bit Ver. ] - TV + Tokuten BD/[Moozzi2] Ore dake Level Up na Ken - 01 (BD 1920x1080 x265-10Bit Flac).mkv,193
1765914708,25,キュア AKA Cure (1997),/mnt/my-zfs/mediarr/torrent/arch/Cure.1997.REPACK.UHD.BluRay.Remux.2160p.DV.HDR.HEVC.FLAC.2.0-ZQ.mkv,140
1765914726,,,/mnt/my-zfs/mediarr/torrent/arch/Peacemaker.S01.2160p.MAX.WEB-DL.DDP5.1.Atmos.DV.HDR.H.265-WADU/Peacemaker.S01E01.A.Whole.New.Whirled.2160p.MAX.WEB-DL.DDP5.1.Atmos.DV.HDR.H.265-WADU.mkv,198
1765914731,,,/mnt/my-zfs/mediarr/torrent/arch/Peacemaker.S01.2160p.MAX.WEB-DL.DDP5.1.Atmos.DV.HDR.H.265-WADU/Peacemaker.S01E02.Best.Friends.for.Never.2160p.MAX.WEB-DL.DDP5.1.Atmos.DV.HDR.H.265-WADU.mkv,201
1765914736,,,/mnt/my-zfs/mediarr/torrent/arch/Peacemaker.S01.2160p.MAX.WEB-DL.DDP5.1.Atmos.DV.HDR.H.265-WADU/Peacemaker.S01E01.A.Whole.New.Whirled.2160p.MAX.WEB-DL.DDP5.1.Atmos.DV.HDR.H.265-WADU.mkv,198
1765914772,,,/mnt/my-zfs/mediarr/torrent/arch/[ASW] Dandadan - 23 [1080p HEVC][099ADC77].mkv,92
1765915929,,,/mnt/my-zfs/mediarr/torrent/arch/[ASW] Dandadan - 23 [1080p HEVC][099ADC77].mkv,92
1765915987,,,/mnt/my-zfs/mediarr/torrent/arch/Peacemaker.S01.2160p.MAX.WEB-DL.DDP5.1.Atmos.DV.HDR.H.265-WADU/Peacemaker.S01E01.A.Whole.New.Whirled.2160p.MAX.WEB-DL.DDP5.1.Atmos.DV.HDR.H.265-WADU.mkv,198
1765915998,,,/mnt/my-zfs/mediarr/torrent/arch/[Moozzi2] Ore dake Level Up na Ken [ x265-10Bit Ver. ] - TV + Tokuten BD/[Moozzi2] Ore dake Level Up na Ken - 01 (BD 1920x1080 x265-10Bit Flac).mkv,193
1765916015,,,/mnt/my-zfs/mediarr/torrent/arch/[ASW] Dandadan - 23 [1080p HEVC][099ADC77].mkv,92
1765963529,18,After Hours (1985),/mnt/my-zfs/mediarr/torrent/arch/After Hours (1985) (2160p UHD BluRay x265 DV HDR DDP 1.0 English - DiscoD HONE).mkv,149
1765971875,18,After Hours (1985),/mnt/my-zfs/mediarr/torrent/arch/After Hours (1985) (2160p UHD BluRay x265 DV HDR DDP 1.0 English - DiscoD HONE).mkv,149
1765972203,18,After Hours (1985),/mnt/my-zfs/mediarr/torrent/arch/After Hours (1985) (2160p UHD BluRay x265 DV HDR DDP 1.0 English - DiscoD HONE).mkv,149
1765982753,18,After Hours (1985),/mnt/my-zfs/mediarr/torrent/arch/After Hours (1985) (2160p UHD BluRay x265 DV HDR DDP 1.0 English - DiscoD HONE).mkv,149
1765982762,,,/mnt/my-zfs/mediarr/torrent/arch/[ASW] Dandadan - 23 [1080p HEVC][099ADC77].mkv,92
1765982781,,,/mnt/my-zfs/mediarr/torrent/arch/[Moozzi2] Ore dake Level Up na Ken [ x265-10Bit Ver. ] - TV + Tokuten BD/[Moozzi2] Ore dake Level Up na Ken - 01 (BD 1920x1080 x265-10Bit Flac).mkv,193
1765982792,,,/mnt/my-zfs/mediarr/torrent/arch/[Moozzi2] Ore dake Level Up na Ken [ x265-10Bit Ver. ] - TV + Tokuten BD/[Moozzi2] Ore dake Level Up na Ken - 02 (BD 1920x1080 x265-10Bit Flac).mkv,193
1765982997,,,/mnt/my-zfs/mediarr/torrent/arch/[Moozzi2] Ore dake Level Up na Ken [ x265-10Bit Ver. ] - TV + Tokuten BD/[Moozzi2] Ore dake Level Up na Ken - 02 (BD 1920x1080 x265-10Bit Flac).mkv,193
1765983001,,,/mnt/my-zfs/mediarr/torrent/arch/[Moozzi2] Ore dake Level Up na Ken [ x265-10Bit Ver. ] - TV + Tokuten BD/[Moozzi2] Ore dake Level Up na Ken - 01 (BD 1920x1080 x265-10Bit Flac).mkv,193
1765983006,,,/mnt/my-zfs/mediarr/torrent/arch/[Moozzi2] Ore dake Level Up na Ken [ x265-10Bit Ver. ] - TV + Tokuten BD/[Moozzi2] Ore dake Level Up na Ken - 02 (BD 1920x1080 x265-10Bit Flac).mkv,193
1765983007,,,/mnt/my-zfs/mediarr/torrent/arch/[Moozzi2] Ore dake Level Up na Ken [ x265-10Bit Ver. ] - TV + Tokuten BD/[Moozzi2] Ore dake Level Up na Ken - 03 (BD 1920x1080 x265-10Bit Flac).mkv,193
1765983013,,,/mnt/my-zfs/mediarr/torrent/arch/[ASW] Dandadan - 23 [1080p HEVC][099ADC77].mkv,92
1765983019,,,/mnt/my-zfs/mediarr/torrent/arch/[ASW] Dandadan - 22 [1080p HEVC][6D1ED6C3].mkv,92
1765994554,,,/mnt/my-zfs/mediarr/torrent/arch/[ASW] Dandadan - 23 [1080p HEVC][099ADC77].mkv,92
1765994603,,,/mnt/my-zfs/mediarr/torrent/arch/[Moozzi2] Ore dake Level Up na Ken [ x265-10Bit Ver. ] - TV + Tokuten BD/[Moozzi2] Ore dake Level Up na Ken - 03 (BD 1920x1080 x265-10Bit Flac).mkv,193
1765994610,,,/mnt/my-zfs/mediarr/torrent/arch/[Moozzi2] Ore dake Level Up na Ken [ x265-10Bit Ver. ] - TV + Tokuten BD/[Moozzi2] Ore dake Level Up na Ken - 03 (BD 1920x1080 x265-10Bit Flac).mkv,193
1765995086,,,/mnt/my-zfs/mediarr/torrent/arch/[Moozzi2] Ore dake Level Up na Ken [ x265-10Bit Ver. ] - TV + Tokuten BD/[Moozzi2] Ore dake Level Up na Ken - 03 (BD 1920x1080 x265-10Bit Flac).mkv,193
1765995088,,,/mnt/my-zfs/mediarr/torrent/arch/[Moozzi2] Ore dake Level Up na Ken [ x265-10Bit Ver. ] - TV + Tokuten BD/[Moozzi2] Ore dake Level Up na Ken - 02 (BD 1920x1080 x265-10Bit Flac).mkv,193
1765995091,,,/mnt/my-zfs/mediarr/torrent/arch/[Moozzi2] Ore dake Level Up na Ken [ x265-10Bit Ver. ] - TV + Tokuten BD/[Moozzi2] Ore dake Level Up na Ken - 01 (BD 1920x1080 x265-10Bit Flac).mkv,193
1765995110,,,/mnt/my-zfs/mediarr/torrent/arch/[Moozzi2] Ore dake Level Up na Ken [ x265-10Bit Ver. ] - TV + Tokuten BD/[Moozzi2] Ore dake Level Up na Ken - 01 (BD 1920x1080 x265-10Bit Flac).mkv,193
1765995475,,,/mnt/my-zfs/mediarr/torrent/arch/[Moozzi2] Ore dake Level Up na Ken [ x265-10Bit Ver. ] - TV + Tokuten BD/[Moozzi2] Ore dake Level Up na Ken - 01 (BD 1920x1080 x265-10Bit Flac).mkv,193
1765995487,,,/mnt/my-zfs/mediarr/torrent/arch/[Moozzi2] Ore dake Level Up na Ken [ x265-10Bit Ver. ] - TV + Tokuten BD/[Moozzi2] Ore dake Level Up na Ken - 02 (BD 1920x1080 x265-10Bit Flac).mkv,193
1765995490,,,/mnt/my-zfs/mediarr/torrent/arch/[Moozzi2] Ore dake Level Up na Ken [ x265-10Bit Ver. ] - TV + Tokuten BD/[Moozzi2] Ore dake Level Up na Ken - 01 (BD 1920x1080 x265-10Bit Flac).mkv,193
1765995636,,,/mnt/my-zfs/mediarr/torrent/arch/[Moozzi2] Ore dake Level Up na Ken [ x265-10Bit Ver. ] - TV + Tokuten BD/[Moozzi2] Ore dake Level Up na Ken - 01 (BD 1920x1080 x265-10Bit Flac).mkv,193
1765995641,,,/mnt/my-zfs/mediarr/torrent/arch/[Moozzi2] Ore dake Level Up na Ken [ x265-10Bit Ver. ] - TV + Tokuten BD/[Moozzi2] Ore dake Level Up na Ken - 02 (BD 1920x1080 x265-10Bit Flac).mkv,193
1765995645,,,/mnt/my-zfs/mediarr/torrent/arch/[Moozzi2] Ore dake Level Up na Ken [ x265-10Bit Ver. ] - TV + Tokuten BD/[Moozzi2] Ore dake Level Up na Ken - 03 (BD 1920x1080 x265-10Bit Flac).mkv,193
1765995646,,,/mnt/my-zfs/mediarr/torrent/arch/[Moozzi2] Ore dake Level Up na Ken [ x265-10Bit Ver. ] - TV + Tokuten BD/[Moozzi2] Ore dake Level Up na Ken - 02 (BD 1920x1080 x265-10Bit Flac).mkv,193
1765995646,,,/mnt/my-zfs/mediarr/torrent/arch/[Moozzi2] Ore dake Level Up na Ken [ x265-10Bit Ver. ] - TV + Tokuten BD/[Moozzi2] Ore dake Level Up na Ken - 01 (BD 1920x1080 x265-10Bit Flac).mkv,193
1765995652,,,/mnt/my-zfs/mediarr/torrent/arch/[Moozzi2] Ore dake Level Up na Ken [ x265-10Bit Ver. ] - TV + Tokuten BD/[Moozzi2] Ore dake Level Up na Ken - 01 (BD 1920x1080 x265-10Bit Flac).mkv,193
1765995677,,,/mnt/my-zfs/mediarr/torrent/arch/[ASW] Dandadan - 23 [1080p HEVC][099ADC77].mkv,92
1765995685,18,After Hours (1985),/mnt/my-zfs/mediarr/torrent/arch/After Hours (1985) (2160p UHD BluRay x265 DV HDR DDP 1.0 English - DiscoD HONE).mkv,149
1765995696,20,Batman Begins (2005),/mnt/my-zfs/mediarr/torrent/arch/Batman.Begins.2005.UHD.BluRay.2160p.DTS-HD.MA.5.1.DV.HEVC.HYBRID.REMUX-FraMeSToR.mkv,152
1765995723,18,After Hours (1985),/mnt/my-zfs/mediarr/torrent/arch/After Hours (1985) (2160p UHD BluRay x265 DV HDR DDP 1.0 English - DiscoD HONE).mkv,149
1765995737,25,キュア AKA Cure (1997),/mnt/my-zfs/mediarr/torrent/arch/Cure.1997.REPACK.UHD.BluRay.Remux.2160p.DV.HDR.HEVC.FLAC.2.0-ZQ.mkv,140
1765996070,25,キュア AKA Cure (1997),/mnt/my-zfs/mediarr/torrent/arch/Cure.1997.REPACK.UHD.BluRay.Remux.2160p.DV.HDR.HEVC.FLAC.2.0-ZQ.mkv,140
1765996080,25,キュア AKA Cure (1997),/mnt/my-zfs/mediarr/torrent/arch/Cure.1997.REPACK.UHD.BluRay.Remux.2160p.DV.HDR.HEVC.FLAC.2.0-ZQ.mkv,140
1765996111,25,キュア AKA Cure (1997),/mnt/my-zfs/mediarr/torrent/arch/Cure.1997.REPACK.UHD.BluRay.Remux.2160p.DV.HDR.HEVC.FLAC.2.0-ZQ.mkv,140
1765996507,25,キュア AKA Cure (1997),/mnt/my-zfs/mediarr/torrent/arch/Cure.1997.REPACK.UHD.BluRay.Remux.2160p.DV.HDR.HEVC.FLAC.2.0-ZQ.mkv,140
1765996514,25,キュア AKA Cure (1997),/mnt/my-zfs/mediarr/torrent/arch/Cure.1997.REPACK.UHD.BluRay.Remux.2160p.DV.HDR.HEVC.FLAC.2.0-ZQ.mkv,140
1765996532,18,After Hours (1985),/mnt/my-zfs/mediarr/torrent/arch/After Hours (1985) (2160p UHD BluRay x265 DV HDR DDP 1.0 English - DiscoD HONE).mkv,149
1765996540,18,After Hours (1985),/mnt/my-zfs/mediarr/torrent/arch/After Hours (1985) (2160p UHD BluRay x265 DV HDR DDP 1.0 English - DiscoD HONE).mkv,149
1765996585,,,/mnt/my-zfs/mediarr/torrent/arch/[ASW] Dandadan - 18 [1080p HEVC][0B9ED491].mkv,92
1765996599,,,/mnt/my-zfs/mediarr/torrent/arch/[ASW] Dandadan - 19 [1080p HEVC][E705D225].mkv,92
1765996605,,,/mnt/my-zfs/mediarr/torrent/arch/[ASW] Dandadan - 20 [1080p HEVC][589D53BF].mkv,92
1765996611,,,/mnt/my-zfs/mediarr/torrent/arch/[ASW] Dandadan - 21 [1080p HEVC][63891274].mkv,92
1765996629,,,/mnt/my-zfs/mediarr/torrent/arch/[ASW] Dandadan - 18 [1080p HEVC][0B9ED491].mkv,92
1765996744,,,/mnt/my-zfs/mediarr/torrent/arch/[Moozzi2] Ore dake Level Up na Ken [ x265-10Bit Ver. ] - TV + Tokuten BD/[Moozzi2] Ore dake Level Up na Ken - 01 (BD 1920x1080 x265-10Bit Flac).mkv,193
1765996755,,,/mnt/my-zfs/mediarr/torrent/arch/[Moozzi2] Ore dake Level Up na Ken [ x265-10Bit Ver. ] - TV + Tokuten BD/[Moozzi2] Ore dake Level Up na Ken - 02 (BD 1920x1080 x265-10Bit Flac).mkv,193
1765996757,,,/mnt/my-zfs/mediarr/torrent/arch/[Moozzi2] Ore dake Level Up na Ken [ x265-10Bit Ver. ] - TV + Tokuten BD/[Moozzi2] Ore dake Level Up na Ken - 03 (BD 1920x1080 x265-10Bit Flac).mkv,193
1765996760,,,/mnt/my-zfs/mediarr/torrent/arch/[Moozzi2] Ore dake Level Up na Ken [ x265-10Bit Ver. ] - TV + Tokuten BD/[Moozzi2] Ore dake Level Up na Ken - 03 (BD 1920x1080 x265-10Bit Flac).mkv,193
1765996763,,,/mnt/my-zfs/mediarr/torrent/arch/[Moozzi2] Ore dake Level Up na Ken [ x265-10Bit Ver. ] - TV + Tokuten BD/[Moozzi2] Ore dake Level Up na Ken - 02 (BD 1920x1080 x265-10Bit Flac).mkv,193
1765996764,,,/mnt/my-zfs/mediarr/torrent/arch/[Moozzi2] Ore dake Level Up na Ken [ x265-10Bit Ver. ] - TV + Tokuten BD/[Moozzi2] Ore dake Level Up na Ken - 01 (BD 1920x1080 x265-10Bit Flac).mkv,193
1765996810,17,Don't Look Behind,/mnt/my-zfs/mediarr/torrent/arch/[Anime Time] Black Lagoon (Complete Series) (Season 01+02+03+OST) [BD] [Dual Audio] [1080p][HEVC 10bit x265][AAC][Eng Sub]/NCOP and NCED/[Anime Time] Black Lagoon ED 01  - Don't Look Behind.mkv,258
1765996913,,,/mnt/my-zfs/mediarr/torrent/arch/[ASW] Dandadan - 18 [1080p HEVC][0B9ED491].mkv,92
1765996923,,,/mnt/my-zfs/mediarr/torrent/arch/[Moozzi2] Ore dake Level Up na Ken [ x265-10Bit Ver. ] - TV + Tokuten BD/[Moozzi2] Ore dake Level Up na Ken - 01 (BD 1920x1080 x265-10Bit Flac).mkv,193
1765996932,18,After Hours (1985),/mnt/my-zfs/mediarr/torrent/arch/After Hours (1985) (2160p UHD BluRay x265 DV HDR DDP 1.0 English - DiscoD HONE).mkv,149
1765996940,18,After Hours (1985),/mnt/my-zfs/mediarr/torrent/arch/After Hours (1985) (2160p UHD BluRay x265 DV HDR DDP 1.0 English - DiscoD HONE).mkv,149
1765996950,,,/mnt/my-zfs/mediarr/torrent/arch/[ASW] Dandadan - 18 [1080p HEVC][0B9ED491].mkv,92
1765996969,,,/mnt/my-zfs/mediarr/torrent/arch/[ASW] Dandadan - 18 [1080p HEVC][0B9ED491].mkv,92
1765996984,,,/mnt/my-zfs/mediarr/torrent/arch/[ASW] Dandadan - 18 [1080p HEVC][0B9ED491].mkv,92
1765996990,,,/mnt/my-zfs/mediarr/torrent/arch/[ASW] Dandadan - 18 [1080p HEVC][0B9ED491].mkv,92
1765997004,,,/mnt/my-zfs/mediarr/torrent/arch/[ASW] Dandadan - 18 [1080p HEVC][0B9ED491].mkv,92
1765997222,,,/mnt/my-zfs/mediarr/torrent/arch/[ASW] Dandadan - 18 [1080p HEVC][0B9ED491].mkv,92
1765997244,,,/mnt/my-zfs/mediarr/torrent/arch/[ASW] Dandadan - 18 [1080p HEVC][0B9ED491].mkv,92
1766000643,,,/mnt/my-zfs/mediarr/torrent/arch/[ASW] Dandadan - 18 [1080p HEVC][0B9ED491].mkv,92
1766000669,,,/mnt/my-zfs/mediarr/torrent/arch/[ASW] Dandadan - 18 [1080p HEVC][0B9ED491].mkv,92
1766000685,,,/mnt/my-zfs/mediarr/torrent/arch/[ASW] Dandadan - 18 [1080p HEVC][0B9ED491].mkv,92
1766000701,,,/mnt/my-zfs/mediarr/torrent/arch/[ASW] Dandadan - 13 [1080p HEVC][9417038A].mkv,92
1766000709,18,After Hours (1985),/mnt/my-zfs/mediarr/torrent/arch/After Hours (1985) (2160p UHD BluRay x265 DV HDR DDP 1.0 English - DiscoD HONE).mkv,149
1766000724,25,キュア AKA Cure (1997),/mnt/my-zfs/mediarr/torrent/arch/Cure.1997.REPACK.UHD.BluRay.Remux.2160p.DV.HDR.HEVC.FLAC.2.0-ZQ.mkv,140
1766001247,,,/mnt/my-zfs/mediarr/torrent/arch/MobLand.S01.2160p.PMTP.WEB-DL.DDP5.1.DV.HDR.H.265-FLUX/MobLand.S01E03.Plan.B.2160p.PMTP.WEB-DL.DDP5.1.DV.HDR.H.265-FLUX.mkv,169
1766001247,,,/mnt/my-zfs/mediarr/torrent/arch/MobLand.S01.2160p.PMTP.WEB-DL.DDP5.1.DV.HDR.H.265-FLUX/MobLand.S01E07.The.Crossroads.2160p.PMTP.WEB-DL.DDP5.1.DV.HDR.H.265-FLUX.mkv,177
1766001247,,,/mnt/my-zfs/mediarr/torrent/arch/MobLand.S01.2160p.PMTP.WEB-DL.DDP5.1.DV.HDR.H.265-FLUX/MobLand.S01E08.Helter.Skelter.2160p.PMTP.WEB-DL.DDP5.1.DV.HDR.H.265-FLUX.mkv,177
1766001247,,,/mnt/my-zfs/mediarr/torrent/arch/MobLand.S01.2160p.PMTP.WEB-DL.DDP5.1.DV.HDR.H.265-FLUX/MobLand.S01E06.Antwerp.Blues.2160p.PMTP.WEB-DL.DDP5.1.DV.HDR.H.265-FLUX.mkv,176
1766001247,,,/mnt/my-zfs/mediarr/torrent/arch/MobLand.S01.2160p.PMTP.WEB-DL.DDP5.1.DV.HDR.H.265-FLUX/MobLand.S01E10.The.Beast.in.Me.2160p.PMTP.WEB-DL.DDP5.1.DV.HDR.H.265-FLUX.mkv,178
1766001247,,,/mnt/my-zfs/mediarr/torrent/arch/MobLand.S01.2160p.PMTP.WEB-DL.DDP5.1.DV.HDR.H.265-FLUX/MobLand.S01E04.Rat.Trap.2160p.PMTP.WEB-DL.DDP5.1.DV.HDR.H.265-FLUX.mkv,171
1766001247,,,/mnt/my-zfs/mediarr/torrent/arch/MobLand.S01.2160p.PMTP.WEB-DL.DDP5.1.DV.HDR.H.265-FLUX/MobLand.S01E02.Jigsaw.Puzzle.2160p.PMTP.WEB-DL.DDP5.1.DV.HDR.H.265-FLUX.mkv,176
1766001247,,,/mnt/my-zfs/mediarr/torrent/arch/MobLand.S01.2160p.PMTP.WEB-DL.DDP5.1.DV.HDR.H.265-FLUX/MobLand.S01E01.Stick.or.Twist.2160p.PMTP.WEB-DL.DDP5.1.DV.HDR.H.265-FLUX.mkv,177
1766001262,21,Rick.and.Morty.S08E08,/mnt/my-zfs/mediarr/torrent/arch/Rick.and.Morty.S08E08.1080p.x265-ELiTE/Rick.and.Morty.S08E08.1080p.x265-ELiTE.mkv,150
1766001262,17,La La Land (2016),/mnt/my-zfs/mediarr/torrent/arch/La.La.Land.2016.REPACK.UHD.BluRay.2160p.TrueHD.Atmos.7.1.DV.HEVC.HYBRID.REMUX-FraMeSToR/La.La.Land.2016.REPACK.UHD.BluRay.2160p.TrueHD.Atmos.7.1.DV.HEVC.HYBRID.REMUX-FraMeSToR.mkv,244
1766001262,50,Game of Thrones S02E08 The Prince of Winterfell 4K,/mnt/my-zfs/mediarr/torrent/arch/Game.of.Thrones.S01-S08.2160p.UHD.BluRay.REMUX.DV.HDR.HEVC.TrueHD.7.1.Atmos-FraMeSToR/Game.of.Thrones.S02.UHD.BluRay.2160p.TrueHD.Atmos.7.1.DV.HEVC.REMUX-FraMeSToR/Game.of.Thrones.S02E08.The.Prince.of.Winterfell.2160p.TrueHD.Atmos.7.1.DV.HEVC.REMUX-FraMeSToR.mkv,360
1766001263,36,Game of Thrones S02E09 Blackwater 4K,/mnt/my-zfs/mediarr/torrent/arch/Game.of.Thrones.S01-S08.2160p.UHD.BluRay.REMUX.DV.HDR.HEVC.TrueHD.7.1.Atmos-FraMeSToR/Game.of.Thrones.S02.UHD.BluRay.2160p.TrueHD.Atmos.7.1.DV.HEVC.REMUX-FraMeSToR/Game.of.Thrones.S02E09.Blackwater.2160p.TrueHD.Atmos.7.1.DV.HEVC.REMUX-FraMeSToR.mkv,332
1766001263,41,Game of Thrones S02E04 Garden of Bones 4K,/mnt/my-zfs/mediarr/torrent/arch/Game.of.Thrones.S01-S08.2160p.UHD.BluRay.REMUX.DV.HDR.HEVC.TrueHD.7.1.Atmos-FraMeSToR/Game.of.Thrones.S02.UHD.BluRay.2160p.TrueHD.Atmos.7.1.DV.HEVC.REMUX-FraMeSToR/Game.of.Thrones.S02E04.Garden.of.Bones.2160p.TrueHD.Atmos.7.1.DV.HEVC.REMUX-FraMeSToR.mkv,342
1766001263,,,/mnt/my-zfs/mediarr/torrent/arch/Spirited.Away.2001.2160p.UPSCALE_AI.BDRip.x265.DD.5.1-USER.mkv,108
1766001263,,,/mnt/my-zfs/mediarr/torrent/arch/MobLand.S01.2160p.PMTP.WEB-DL.DDP5.1.DV.HDR.H.265-FLUX/MobLand.S01E09.Beggars.Banquet.2160p.PMTP.WEB-DL.DDP5.1.DV.HDR.H.265-FLUX.mkv,178
1766001263,,,/mnt/my-zfs/mediarr/torrent/arch/MobLand.S01.2160p.PMTP.WEB-DL.DDP5.1.DV.HDR.H.265-FLUX/MobLand.S01E05.Funeral.for.a.Friend.2160p.PMTP.WEB-DL.DDP5.1.DV.HDR.H.265-FLUX.mkv,183
1766001278,45,Game of Thrones S02E07 A Man Without Honor 4K,/mnt/my-zfs/mediarr/torrent/arch/Game.of.Thrones.S01-S08.2160p.UHD.BluRay.REMUX.DV.HDR.HEVC.TrueHD.7.1.Atmos-FraMeSToR/Game.of.Thrones.S02.UHD.BluRay.2160p.TrueHD.Atmos.7.1.DV.HEVC.REMUX-FraMeSToR/Game.of.Thrones.S02E07.A.Man.Without.Honor.2160p.TrueHD.Atmos.7.1.DV.HEVC.REMUX-FraMeSToR.mkv,350
1766001278,41,Game of Thrones S02E02 The Night Lands 4K,/mnt/my-zfs/mediarr/torrent/arch/Game.of.Thrones.S01-S08.2160p.UHD.BluRay.REMUX.DV.HDR.HEVC.TrueHD.7.1.Atmos-FraMeSToR/Game.of.Thrones.S02.UHD.BluRay.2160p.TrueHD.Atmos.7.1.DV.HEVC.REMUX-FraMeSToR/Game.of.Thrones.S02E02.The.Night.Lands.2160p.TrueHD.Atmos.7.1.DV.HEVC.REMUX-FraMeSToR.mkv,342
1766001278,45,Game of Thrones S02E01 The North Remembers 4K,/mnt/my-zfs/mediarr/torrent/arch/Game.of.Thrones.S01-S08.2160p.UHD.BluRay.REMUX.DV.HDR.HEVC.TrueHD.7.1.Atmos-FraMeSToR/Game.of.Thrones.S02.UHD.BluRay.2160p.TrueHD.Atmos.7.1.DV.HEVC.REMUX-FraMeSToR/Game.of.Thrones.S02E01.The.North.Remembers.2160p.TrueHD.Atmos.7.1.DV.HEVC.REMUX-FraMeSToR.mkv,350
1766001278,52,Game of Thrones S02E03 What is Dead May Never Die 4K,/mnt/my-zfs/mediarr/torrent/arch/Game.of.Thrones.S01-S08.2160p.UHD.BluRay.REMUX.DV.HDR.HEVC.TrueHD.7.1.Atmos-FraMeSToR/Game.of.Thrones.S02.UHD.BluRay.2160p.TrueHD.Atmos.7.1.DV.HEVC.REMUX-FraMeSToR/Game.of.Thrones.S02E03.What.is.Dead.May.Never.Die.2160p.TrueHD.Atmos.7.1.DV.HEVC.REMUX-FraMeSToR.mkv,364
1766001278,41,Game of Thrones S02E10 Valar Morghulis 4K,/mnt/my-zfs/mediarr/torrent/arch/Game.of.Thrones.S01-S08.2160p.UHD.BluRay.REMUX.DV.HDR.HEVC.TrueHD.7.1.Atmos-FraMeSToR/Game.of.Thrones.S02.UHD.BluRay.2160p.TrueHD.Atmos.7.1.DV.HEVC.REMUX-FraMeSToR/Game.of.Thrones.S02E10.Valar.Morghulis.2160p.TrueHD.Atmos.7.1.DV.HEVC.REMUX-FraMeSToR.mkv,342
1766001278,48,Game of Thrones S02E05 The Ghost of Harrenhal 4K,/mnt/my-zfs/mediarr/torrent/arch/Game.of.Thrones.S01-S08.2160p.UHD.BluRay.REMUX.DV.HDR.HEVC.TrueHD.7.1.Atmos-FraMeSToR/Game.of.Thrones.S02.UHD.BluRay.2160p.TrueHD.Atmos.7.1.DV.HEVC.REMUX-FraMeSToR/Game.of.Thrones.S02E05.The.Ghost.of.Harrenhal.2160p.TrueHD.Atmos.7.1.DV.HEVC.REMUX-FraMeSToR.mkv,356
1766001278,50,Game of Thrones S02E06 The Old Gods and the New 4K,/mnt/my-zfs/mediarr/torrent/arch/Game.of.Thrones.S01-S08.2160p.UHD.BluRay.REMUX.DV.HDR.HEVC.TrueHD.7.1.Atmos-FraMeSToR/Game.of.Thrones.S02.UHD.BluRay.2160p.TrueHD.Atmos.7.1.DV.HEVC.REMUX-FraMeSToR/Game.of.Thrones.S02E06.The.Old.Gods.and.the.New.2160p.TrueHD.Atmos.7.1.DV.HEVC.REMUX-FraMeSToR.mkv,360
1766001278,35,Game of Thrones S07E05 Eastwatch 4K,/mnt/my-zfs/mediarr/torrent/arch/Game.of.Thrones.S01-S08.2160p.UHD.BluRay.REMUX.DV.HDR.HEVC.TrueHD.7.1.Atmos-FraMeSToR/Game.of.Thrones.S07.UHD.BluRay.2160p.TrueHD.Atmos.7.1.DV.HEVC.REMUX-FraMeSToR/Game.of.Thrones.S07E05.Eastwatch.2160p.TrueHD.Atmos.7.1.DV.HEVC.REMUX-FraMeSToR.mkv,330
1766001293,43,Game of Thrones S07E04 The Spoils of War 4K,/mnt/my-zfs/mediarr/torrent/arch/Game.of.Thrones.S01-S08.2160p.UHD.BluRay.REMUX.DV.HDR.HEVC.TrueHD.7.1.Atmos-FraMeSToR/Game.of.Thrones.S07.UHD.BluRay.2160p.TrueHD.Atmos.7.1.DV.HEVC.REMUX-FraMeSToR/Game.of.Thrones.S07E04.The.Spoils.of.War.2160p.TrueHD.Atmos.7.1.DV.HEVC.REMUX-FraMeSToR.mkv,346
1766001293,49,Game of Thrones S07E07 The Dragon and the Wolf 4K,/mnt/my-zfs/mediarr/torrent/arch/Game.of.Thrones.S01-S08.2160p.UHD.BluRay.REMUX.DV.HDR.HEVC.TrueHD.7.1.Atmos-FraMeSToR/Game.of.Thrones.S07.UHD.BluRay.2160p.TrueHD.Atmos.7.1.DV.HEVC.REMUX-FraMeSToR/Game.of.Thrones.S07E07.The.Dragon.and.the.Wolf.2160p.TrueHD.Atmos.7.1.DV.HEVC.REMUX-FraMeSToR.mkv,358
1766001293,41,Game of Thrones S07E06 Beyond the Wall 4K,/mnt/my-zfs/mediarr/torrent/arch/Game.of.Thrones.S01-S08.2160p.UHD.BluRay.REMUX.DV.HDR.HEVC.TrueHD.7.1.Atmos-FraMeSToR/Game.of.Thrones.S07.UHD.BluRay.2160p.TrueHD.Atmos.7.1.DV.HEVC.REMUX-FraMeSToR/Game.of.Thrones.S07E06.Beyond.the.Wall.2160p.TrueHD.Atmos.7.1.DV.HEVC.REMUX-FraMeSToR.mkv,342
1766001293,35,Game of Thrones S07E02 Stormborn 4K,/mnt/my-zfs/mediarr/torrent/arch/Game.of.Thrones.S01-S08.2160p.UHD.BluRay.REMUX.DV.HDR.HEVC.TrueHD.7.1.Atmos-FraMeSToR/Game.of.Thrones.S07.UHD.BluRay.2160p.TrueHD.Atmos.7.1.DV.HEVC.REMUX-FraMeSToR/Game.of.Thrones.S07E02.Stormborn.2160p.TrueHD.Atmos.7.1.DV.HEVC.REMUX-FraMeSToR.mkv,330
1766001984,,,/mnt/my-zfs/mediarr/torrent/arch/MobLand.S01.2160p.PMTP.WEB-DL.DDP5.1.DV.HDR.H.265-FLUX/MobLand.S01E02.Jigsaw.Puzzle.2160p.PMTP.WEB-DL.DDP5.1.DV.HDR.H.265-FLUX.mkv,176
1766001984,,,/mnt/my-zfs/mediarr/torrent/arch/MobLand.S01.2160p.PMTP.WEB-DL.DDP5.1.DV.HDR.H.265-FLUX/MobLand.S01E04.Rat.Trap.2160p.PMTP.WEB-DL.DDP5.1.DV.HDR.H.265-FLUX.mkv,171
1766001985,,,/mnt/my-zfs/mediarr/torrent/arch/MobLand.S01.2160p.PMTP.WEB-DL.DDP5.1.DV.HDR.H.265-FLUX/MobLand.S01E07.The.Crossroads.2160p.PMTP.WEB-DL.DDP5.1.DV.HDR.H.265-FLUX.mkv,177
1766001985,,,/mnt/my-zfs/mediarr/torrent/arch/MobLand.S01.2160p.PMTP.WEB-DL.DDP5.1.DV.HDR.H.265-FLUX/MobLand.S01E06.Antwerp.Blues.2160p.PMTP.WEB-DL.DDP5.1.DV.HDR.H.265-FLUX.mkv,176
1766001985,,,/mnt/my-zfs/mediarr/torrent/arch/MobLand.S01.2160p.PMTP.WEB-DL.DDP5.1.DV.HDR.H.265-FLUX/MobLand.S01E01.Stick.or.Twist.2160p.PMTP.WEB-DL.DDP5.1.DV.HDR.H.265-FLUX.mkv,177
1766001985,,,/mnt/my-zfs/mediarr/torrent/arch/MobLand.S01.2160p.PMTP.WEB-DL.DDP5.1.DV.HDR.H.265-FLUX/MobLand.S01E10.The.Beast.in.Me.2160p.PMTP.WEB-DL.DDP5.1.DV.HDR.H.265-FLUX.mkv,178
1766001985,,,/mnt/my-zfs/mediarr/torrent/arch/MobLand.S01.2160p.PMTP.WEB-DL.DDP5.1.DV.HDR.H.265-FLUX/MobLand.S01E03.Plan.B.2160p.PMTP.WEB-DL.DDP5.1.DV.HDR.H.265-FLUX.mkv,169
1766001985,,,/mnt/my-zfs/mediarr/torrent/arch/MobLand.S01.2160p.PMTP.WEB-DL.DDP5.1.DV.HDR.H.265-FLUX/MobLand.S01E08.Helter.Skelter.2160p.PMTP.WEB-DL.DDP5.1.DV.HDR.H.265-FLUX.mkv,177
1766002000,,,/mnt/my-zfs/mediarr/torrent/arch/Spirited.Away.2001.2160p.UPSCALE_AI.BDRip.x265.DD.5.1-USER.mkv,108
1766002000,50,Game of Thrones S02E08 The Prince of Winterfell 4K,/mnt/my-zfs/mediarr/torrent/arch/Game.of.Thrones.S01-S08.2160p.UHD.BluRay.REMUX.DV.HDR.HEVC.TrueHD.7.1.Atmos-FraMeSToR/Game.of.Thrones.S02.UHD.BluRay.2160p.TrueHD.Atmos.7.1.DV.HEVC.REMUX-FraMeSToR/Game.of.Thrones.S02E08.The.Prince.of.Winterfell.2160p.TrueHD.Atmos.7.1.DV.HEVC.REMUX-FraMeSToR.mkv,360
1766002000,17,La La Land (2016),/mnt/my-zfs/mediarr/torrent/arch/La.La.Land.2016.REPACK.UHD.BluRay.2160p.TrueHD.Atmos.7.1.DV.HEVC.HYBRID.REMUX-FraMeSToR/La.La.Land.2016.REPACK.UHD.BluRay.2160p.TrueHD.Atmos.7.1.DV.HEVC.HYBRID.REMUX-FraMeSToR.mkv,244
1766002000,41,Game of Thrones S02E04 Garden of Bones 4K,/mnt/my-zfs/mediarr/torrent/arch/Game.of.Thrones.S01-S08.2160p.UHD.BluRay.REMUX.DV.HDR.HEVC.TrueHD.7.1.Atmos-FraMeSToR/Game.of.Thrones.S02.UHD.BluRay.2160p.TrueHD.Atmos.7.1.DV.HEVC.REMUX-FraMeSToR/Game.of.Thrones.S02E04.Garden.of.Bones.2160p.TrueHD.Atmos.7.1.DV.HEVC.REMUX-FraMeSToR.mkv,342
1766002000,36,Game of Thrones S02E09 Blackwater 4K,/mnt/my-zfs/mediarr/torrent/arch/Game.of.Thrones.S01-S08.2160p.UHD.BluRay.REMUX.DV.HDR.HEVC.TrueHD.7.1.Atmos-FraMeSToR/Game.of.Thrones.S02.UHD.BluRay.2160p.TrueHD.Atmos.7.1.DV.HEVC.REMUX-FraMeSToR/Game.of.Thrones.S02E09.Blackwater.2160p.TrueHD.Atmos.7.1.DV.HEVC.REMUX-FraMeSToR.mkv,332
1766002000,,,/mnt/my-zfs/mediarr/torrent/arch/MobLand.S01.2160p.PMTP.WEB-DL.DDP5.1.DV.HDR.H.265-FLUX/MobLand.S01E09.Beggars.Banquet.2160p.PMTP.WEB-DL.DDP5.1.DV.HDR.H.265-FLUX.mkv,178
1766002000,,,/mnt/my-zfs/mediarr/torrent/arch/MobLand.S01.2160p.PMTP.WEB-DL.DDP5.1.DV.HDR.H.265-FLUX/MobLand.S01E05.Funeral.for.a.Friend.2160p.PMTP.WEB-DL.DDP5.1.DV.HDR.H.265-FLUX.mkv,183
1766002000,21,Rick.and.Morty.S08E08,/mnt/my-zfs/mediarr/torrent/arch/Rick.and.Morty.S08E08.1080p.x265-ELiTE/Rick.and.Morty.S08E08.1080p.x265-ELiTE.mkv,150
1766002015,52,Game of Thrones S02E03 What is Dead May Never Die 4K,/mnt/my-zfs/mediarr/torrent/arch/Game.of.Thrones.S01-S08.2160p.UHD.BluRay.REMUX.DV.HDR.HEVC.TrueHD.7.1.Atmos-FraMeSToR/Game.of.Thrones.S02.UHD.BluRay.2160p.TrueHD.Atmos.7.1.DV.HEVC.REMUX-FraMeSToR/Game.of.Thrones.S02E03.What.is.Dead.May.Never.Die.2160p.TrueHD.Atmos.7.1.DV.HEVC.REMUX-FraMeSToR.mkv,364
1766002015,48,Game of Thrones S02E05 The Ghost of Harrenhal 4K,/mnt/my-zfs/mediarr/torrent/arch/Game.of.Thrones.S01-S08.2160p.UHD.BluRay.REMUX.DV.HDR.HEVC.TrueHD.7.1.Atmos-FraMeSToR/Game.of.Thrones.S02.UHD.BluRay.2160p.TrueHD.Atmos.7.1.DV.HEVC.REMUX-FraMeSToR/Game.of.Thrones.S02E05.The.Ghost.of.Harrenhal.2160p.TrueHD.Atmos.7.1.DV.HEVC.REMUX-FraMeSToR.mkv,356
1766002015,41,Game of Thrones S02E02 The Night Lands 4K,/mnt/my-zfs/mediarr/torrent/arch/Game.of.Thrones.S01-S08.2160p.UHD.BluRay.REMUX.DV.HDR.HEVC.TrueHD.7.1.Atmos-FraMeSToR/Game.of.Thrones.S02.UHD.BluRay.2160p.TrueHD.Atmos.7.1.DV.HEVC.REMUX-FraMeSToR/Game.of.Thrones.S02E02.The.Night.Lands.2160p.TrueHD.Atmos.7.1.DV.HEVC.REMUX-FraMeSToR.mkv,342
1766002015,41,Game of Thrones S02E10 Valar Morghulis 4K,/mnt/my-zfs/mediarr/torrent/arch/Game.of.Thrones.S01-S08.2160p.UHD.BluRay.REMUX.DV.HDR.HEVC.TrueHD.7.1.Atmos-FraMeSToR/Game.of.Thrones.S02.UHD.BluRay.2160p.TrueHD.Atmos.7.1.DV.HEVC.REMUX-FraMeSToR/Game.of.Thrones.S02E10.Valar.Morghulis.2160p.TrueHD.Atmos.7.1.DV.HEVC.REMUX-FraMeSToR.mkv,342
1766002016,45,Game of Thrones S02E01 The North Remembers 4K,/mnt/my-zfs/mediarr/torrent/arch/Game.of.Thrones.S01-S08.2160p.UHD.BluRay.REMUX.DV.HDR.HEVC.TrueHD.7.1.Atmos-FraMeSToR/Game.of.Thrones.S02.UHD.BluRay.2160p.TrueHD.Atmos.7.1.DV.HEVC.REMUX-FraMeSToR/Game.of.Thrones.S02E01.The.North.Remembers.2160p.TrueHD.Atmos.7.1.DV.HEVC.REMUX-FraMeSToR.mkv,350
1766002016,45,Game of Thrones S02E07 A Man Without Honor 4K,/mnt/my-zfs/mediarr/torrent/arch/Game.of.Thrones.S01-S08.2160p.UHD.BluRay.REMUX.DV.HDR.HEVC.TrueHD.7.1.Atmos-FraMeSToR/Game.of.Thrones.S02.UHD.BluRay.2160p.TrueHD.Atmos.7.1.DV.HEVC.REMUX-FraMeSToR/Game.of.Thrones.S02E07.A.Man.Without.Honor.2160p.TrueHD.Atmos.7.1.DV.HEVC.REMUX-FraMeSToR.mkv,350
1766002016,35,Game of Thrones S07E05 Eastwatch 4K,/mnt/my-zfs/mediarr/torrent/arch/Game.of.Thrones.S01-S08.2160p.UHD.BluRay.REMUX.DV.HDR.HEVC.TrueHD.7.1.Atmos-FraMeSToR/Game.of.Thrones.S07.UHD.BluRay.2160p.TrueHD.Atmos.7.1.DV.HEVC.REMUX-FraMeSToR/Game.of.Thrones.S07E05.Eastwatch.2160p.TrueHD.Atmos.7.1.DV.HEVC.REMUX-FraMeSToR.mkv,330
1766002016,50,Game of Thrones S02E06 The Old Gods and the New 4K,/mnt/my-zfs/mediarr/torrent/arch/Game.of.Thrones.S01-S08.2160p.UHD.BluRay.REMUX.DV.HDR.HEVC.TrueHD.7.1.Atmos-FraMeSToR/Game.of.Thrones.S02.UHD.BluRay.2160p.TrueHD.Atmos.7.1.DV.HEVC.REMUX-FraMeSToR/Game.of.Thrones.S02E06.The.Old.Gods.and.the.New.2160p.TrueHD.Atmos.7.1.DV.HEVC.REMUX-FraMeSToR.mkv,360
1766002031,43,Game of Thrones S07E04 The Spoils of War 4K,/mnt/my-zfs/mediarr/torrent/arch/Game.of.Thrones.S01-S08.2160p.UHD.BluRay.REMUX.DV.HDR.HEVC.TrueHD.7.1.Atmos-FraMeSToR/Game.of.Thrones.S07.UHD.BluRay.2160p.TrueHD.Atmos.7.1.DV.HEVC.REMUX-FraMeSToR/Game.of.Thrones.S07E04.The.Spoils.of.War.2160p.TrueHD.Atmos.7.1.DV.HEVC.REMUX-FraMeSToR.mkv,346
1766002031,49,Game of Thrones S07E07 The Dragon and the Wolf 4K,/mnt/my-zfs/mediarr/torrent/arch/Game.of.Thrones.S01-S08.2160p.UHD.BluRay.REMUX.DV.HDR.HEVC.TrueHD.7.1.Atmos-FraMeSToR/Game.of.Thrones.S07.UHD.BluRay.2160p.TrueHD.Atmos.7.1.DV.HEVC.REMUX-FraMeSToR/Game.of.Thrones.S07E07.The.Dragon.and.the.Wolf.2160p.TrueHD.Atmos.7.1.DV.HEVC.REMUX-FraMeSToR.mkv,358
1766002031,35,Game of Thrones S07E02 Stormborn 4K,/mnt/my-zfs/mediarr/torrent/arch/Game.of.Thrones.S01-S08.2160p.UHD.BluRay.REMUX.DV.HDR.HEVC.TrueHD.7.1.Atmos-FraMeSToR/Game.of.Thrones.S07.UHD.BluRay.2160p.TrueHD.Atmos.7.1.DV.HEVC.REMUX-FraMeSToR/Game.of.Thrones.S07E02.Stormborn.2160p.TrueHD.Atmos.7.1.DV.HEVC.REMUX-FraMeSToR.mkv,330
1766002031,41,Game of Thrones S07E06 Beyond the Wall 4K,/mnt/my-zfs/mediarr/torrent/arch/Game.of.Thrones.S01-S08.2160p.UHD.BluRay.REMUX.DV.HDR.HEVC.TrueHD.7.1.Atmos-FraMeSToR/Game.of.Thrones.S07.UHD.BluRay.2160p.TrueHD.Atmos.7.1.DV.HEVC.REMUX-FraMeSToR/Game.of.Thrones.S07E06.Beyond.the.Wall.2160p.TrueHD.Atmos.7.1.DV.HEVC.REMUX-FraMeSToR.mkv,342
1766002031,45,Game of Thrones S07E03 The Queen's Justice 4K,/mnt/my-zfs/mediarr/torrent/arch/Game.of.Thrones.S01-S08.2160p.UHD.BluRay.REMUX.DV.HDR.HEVC.TrueHD.7.1.Atmos-FraMeSToR/Game.of.Thrones.S07.UHD.BluRay.2160p.TrueHD.Atmos.7.1.DV.HEVC.REMUX-FraMeSToR/Game.of.Thrones.S07E03.The.Queen's.Justice.2160p.TrueHD.Atmos.7.1.DV.HEVC.REMUX-FraMeSToR.mkv,350
1766002031,36,Game of Thrones S08E01 Winterfell 4K,/mnt/my-zfs/mediarr/torrent/arch/Game.of.Thrones.S01-S08.2160p.UHD.BluRay.REMUX.DV.HDR.HEVC.TrueHD.7.1.Atmos-FraMeSToR/Game.of.Thrones.S08.UHD.BluRay.2160p.TrueHD.Atmos.7.1.DV.HEVC.REMUX-FraMeSToR/Game.of.Thrones.S08E01.Winterfell.2160p.TrueHD.Atmos.7.1.DV.HEVC.REMUX-FraMeSToR.mkv,332
1766002031,37,Game of Thrones S07E01 Dragonstone 4K,/mnt/my-zfs/mediarr/torrent/arch/Game.of.Thrones.S01-S08.2160p.UHD.BluRay.REMUX.DV.HDR.HEVC.TrueHD.7.1.Atmos-FraMeSToR/Game.of.Thrones.S07.UHD.BluRay.2160p.TrueHD.Atmos.7.1.DV.HEVC.REMUX-FraMeSToR/Game.of.Thrones.S07E01.Dragonstone.2160p.TrueHD.Atmos.7.1.DV.HEVC.REMUX-FraMeSToR.mkv,334
1766002031,35,Game of Thrones S08E05 The Bells 4K,/mnt/my-zfs/mediarr/torrent/arch/Game.of.Thrones.S01-S08.2160p.UHD.BluRay.REMUX.DV.HDR.HEVC.TrueHD.7.1.Atmos-FraMeSToR/Game.of.Thrones.S08.UHD.BluRay.2160p.TrueHD.Atmos.7.1.DV.HEVC.REMUX-FraMeSToR/Game.of.Thrones.S08E05.The.Bells.2160p.TrueHD.Atmos.7.1.DV.HEVC.REMUX-FraMeSToR.mkv,330
1766002047,48,Game of Thrones S08E04 The Last of the Starks 4K,/mnt/my-zfs/mediarr/torrent/arch/Game.of.Thrones.S01-S08.2160p.UHD.BluRay.REMUX.DV.HDR.HEVC.TrueHD.7.1.Atmos-FraMeSToR/Game.of.Thrones.S08.UHD.BluRay.2160p.TrueHD.Atmos.7.1.DV.HEVC.REMUX-FraMeSToR/Game.of.Thrones.S08E04.The.Last.of.the.Starks.2160p.TrueHD.Atmos.7.1.DV.HEVC.REMUX-FraMeSToR.mkv,356
1766002047,56,Game of Thrones S08E02 A Knight of the Seven Kingdoms 4K,/mnt/my-zfs/mediarr/torrent/arch/Game.of.Thrones.S01-S08.2160p.UHD.BluRay.REMUX.DV.HDR.HEVC.TrueHD.7.1.Atmos-FraMeSToR/Game.of.Thrones.S08.UHD.BluRay.2160p.TrueHD.Atmos.7.1.DV.HEVC.REMUX-FraMeSToR/Game.of.Thrones.S08E02.A.Knight.of.the.Seven.Kingdoms.2160p.TrueHD.Atmos.7.1.DV.HEVC.REMUX-FraMeSToR.mkv,372
1766002047,41,Game of Thrones S08E06 The Iron Throne 4K,/mnt/my-zfs/mediarr/torrent/arch/Game.of.Thrones.S01-S08.2160p.UHD.BluRay.REMUX.DV.HDR.HEVC.TrueHD.7.1.Atmos-FraMeSToR/Game.of.Thrones.S08.UHD.BluRay.2160p.TrueHD.Atmos.7.1.DV.HEVC.REMUX-FraMeSToR/Game.of.Thrones.S08E06.The.Iron.Throne.2160p.TrueHD.Atmos.7.1.DV.HEVC.REMUX-FraMeSToR.mkv,342
1766002047,42,Game of Thrones S05E01 The Wars to Come 4K,/mnt/my-zfs/mediarr/torrent/arch/Game.of.Thrones.S01-S08.2160p.UHD.BluRay.REMUX.DV.HDR.HEVC.TrueHD.7.1.Atmos-FraMeSToR/Game.of.Thrones.S05.UHD.BluRay.2160p.TrueHD.Atmos.7.1.DV.HEVC.REMUX-FraMeSToR/Game.of.Thrones.S05E01.The.Wars.to.Come.2160p.TrueHD.Atmos.7.1.DV.HEVC.REMUX-FraMeSToR.mkv,344
1766002047,38,Game of Thrones S05E05 Kill the Boy 4K,/mnt/my-zfs/mediarr/torrent/arch/Game.of.Thrones.S01-S08.2160p.UHD.BluRay.REMUX.DV.HDR.HEVC.TrueHD.7.1.Atmos-FraMeSToR/Game.of.Thrones.S05.UHD.BluRay.2160p.TrueHD.Atmos.7.1.DV.HEVC.REMUX-FraMeSToR/Game.of.Thrones.S05E05.Kill.the.Boy.2160p.TrueHD.Atmos.7.1.DV.HEVC.REMUX-FraMeSToR.mkv,336
1766002047,40,Game of Thrones S08E03 The Long Night 4K,/mnt/my-zfs/mediarr/torrent/arch/Game.of.Thrones.S01-S08.2160p.UHD.BluRay.REMUX.DV.HDR.HEVC.TrueHD.7.1.Atmos-FraMeSToR/Game.of.Thrones.S08.UHD.BluRay.2160p.TrueHD.Atmos.7.1.DV.HEVC.REMUX-FraMeSToR/Game.of.Thrones.S08E03.The.Long.Night.2160p.TrueHD.Atmos.7.1.DV.HEVC.REMUX-FraMeSToR.mkv,340
1766002047,40,Game of Thrones S05E10 Mother's Mercy 4K,/mnt/my-zfs/mediarr/torrent/arch/Game.of.Thrones.S01-S08.2160p.UHD.BluRay.REMUX.DV.HDR.HEVC.TrueHD.7.1.Atmos-FraMeSToR/Game.of.Thrones.S05.UHD.BluRay.2160p.TrueHD.Atmos.7.1.DV.HEVC.REMUX-FraMeSToR/Game.of.Thrones.S05E10.Mother's.Mercy.2160p.TrueHD.Atmos.7.1.DV.HEVC.REMUX-FraMeSToR.mkv,340
1766002047,46,Game of Thrones S05E09 The Dance of Dragons 4K,/mnt/my-zfs/mediarr/torrent/arch/Game.of.Thrones.S01-S08.2160p.UHD.BluRay.REMUX.DV.HDR.HEVC.TrueHD.7.1.Atmos-FraMeSToR/Game.of.Thrones.S05.UHD.BluRay.2160p.TrueHD.Atmos.7.1.DV.HEVC.REMUX-FraMeSToR/Game.of.Thrones.S05E09.The.Dance.of.Dragons.2160p.TrueHD.Atmos.7.1.DV.HEVC.REMUX-FraMeSToR.mkv,352
1766002062,51,Game of Thrones S05E06 Unbowed, Unbent, Unbroken 4K,/mnt/my-zfs/mediarr/torrent/arch/Game.of.Thrones.S01-S08.2160p.UHD.BluRay.REMUX.DV.HDR.HEVC.TrueHD.7.1.Atmos-FraMeSToR/Game.of.Thrones.S05.UHD.BluRay.2160p.TrueHD.Atmos.7.1.DV.HEVC.REMUX-FraMeSToR/Game.of.Thrones.S05E06.Unbowed.Unbent.Unbroken.2160p.TrueHD.Atmos.7.1.DV.HEVC.REMUX-FraMeSToR.mkv,360
1766002062,43,Game of Thrones S05E04 Sons of the Harpy 4K,/mnt/my-zfs/mediarr/torrent/arch/Game.of.Thrones.S01-S08.2160p.UHD.BluRay.REMUX.DV.HDR.HEVC.TrueHD.7.1.Atmos-FraMeSToR/Game.of.Thrones.S05.UHD.BluRay.2160p.TrueHD.Atmos.7.1.DV.HEVC.REMUX-FraMeSToR/Game.of.Thrones.S05E04.Sons.of.the.Harpy.2160p.TrueHD.Atmos.7.1.DV.HEVC.REMUX-FraMeSToR.mkv,346
1766002062,54,Game of Thrones S05E02 The House of Black and White 4K,/mnt/my-zfs/mediarr/torrent/arch/Game.of.Thrones.S01-S08.2160p.UHD.BluRay.REMUX.DV.HDR.HEVC.TrueHD.7.1.Atmos-FraMeSToR/Game.of.Thrones.S05.UHD.BluRay.2160p.TrueHD.Atmos.7.1.DV.HEVC.REMUX-FraMeSToR/Game.of.Thrones.S05E02.The.House.of.Black.and.White.2160p.TrueHD.Atmos.7.1.DV.HEVC.REMUX-FraMeSToR.mkv,368
1766002062,43,Game of Thrones S04E03 Breaker of Chains 4K,/mnt/my-zfs/mediarr/torrent/arch/Game.of.Thrones.S01-S08.2160p.UHD.BluRay.REMUX.DV.HDR.HEVC.TrueHD.7.1.Atmos-FraMeSToR/Game.of.Thrones.S04.UHD.BluRay.2160p.TrueHD.Atmos.7.1.DV.HEVC.REMUX-FraMeSToR/Game.of.Thrones.S04E03.Breaker.of.Chains.2160p.TrueHD.Atmos.7.1.DV.HEVC.REMUX-FraMeSToR.mkv,346
1766002062,34,Game of Thrones S05E07 The Gift 4K,/mnt/my-zfs/mediarr/torrent/arch/Game.of.Thrones.S01-S08.2160p.UHD.BluRay.REMUX.DV.HDR.HEVC.TrueHD.7.1.Atmos-FraMeSToR/Game.of.Thrones.S05.UHD.BluRay.2160p.TrueHD.Atmos.7.1.DV.HEVC.REMUX-FraMeSToR/Game.of.Thrones.S05E07.The.Gift.2160p.TrueHD.Atmos.7.1.DV.HEVC.REMUX-FraMeSToR.mkv,328
1766002062,34,Game of Thrones S05E08 Hardhome 4K,/mnt/my-zfs/mediarr/torrent/arch/Game.of.Thrones.S01-S08.2160p.UHD.BluRay.REMUX.DV.HDR.HEVC.TrueHD.7.1.Atmos-FraMeSToR/Game.of.Thrones.S05.UHD.BluRay.2160p.TrueHD.Atmos.7.1.DV.HEVC.REMUX-FraMeSToR/Game.of.Thrones.S05E08.Hardhome.2160p.TrueHD.Atmos.7.1.DV.HEVC.REMUX-FraMeSToR.mkv,328
1766002062,38,Game of Thrones S05E03 High Sparrow 4K,/mnt/my-zfs/mediarr/torrent/arch/Game.of.Thrones.S01-S08.2160p.UHD.BluRay.REMUX.DV.HDR.HEVC.TrueHD.7.1.Atmos-FraMeSToR/Game.of.Thrones.S05.UHD.BluRay.2160p.TrueHD.Atmos.7.1.DV.HEVC.REMUX-FraMeSToR/Game.of.Thrones.S05E03.High.Sparrow.2160p.TrueHD.Atmos.7.1.DV.HEVC.REMUX-FraMeSToR.mkv,336
1766002062,37,Game of Thrones S04E07 Mockingbird 4K,/mnt/my-zfs/mediarr/torrent/arch/Game.of.Thrones.S01-S08.2160p.UHD.BluRay.REMUX.DV.HDR.HEVC.TrueHD.7.1.Atmos-FraMeSToR/Game.of.Thrones.S04.UHD.BluRay.2160p.TrueHD.Atmos.7.1.DV.HEVC.REMUX-FraMeSToR/Game.of.Thrones.S04E07.Mockingbird.2160p.TrueHD.Atmos.7.1.DV.HEVC.REMUX-FraMeSToR.mkv,334
1766002077,47,Game of Thrones S04E02 The Lion and the Rose 4K,/mnt/my-zfs/mediarr/torrent/arch/Game.of.Thrones.S01-S08.2160p.UHD.BluRay.REMUX.DV.HDR.HEVC.TrueHD.7.1.Atmos-FraMeSToR/Game.of.Thrones.S04.UHD.BluRay.2160p.TrueHD.Atmos.7.1.DV.HEVC.REMUX-FraMeSToR/Game.of.Thrones.S04E02.The.Lion.and.the.Rose.2160p.TrueHD.Atmos.7.1.DV.HEVC.REMUX-FraMeSToR.mkv,354
1766002078,50,Game of Thrones S04E06 The Laws of Gods and Men 4K,/mnt/my-zfs/mediarr/torrent/arch/Game.of.Thrones.S01-S08.2160p.UHD.BluRay.REMUX.DV.HDR.HEVC.TrueHD.7.1.Atmos-FraMeSToR/Game.of.Thrones.S04.UHD.BluRay.2160p.TrueHD.Atmos.7.1.DV.HEVC.REMUX-FraMeSToR/Game.of.Thrones.S04E06.The.Laws.of.Gods.and.Men.2160p.TrueHD.Atmos.7.1.DV.HEVC.REMUX-FraMeSToR.mkv,360
1766002078,36,Game of Thrones S04E04 Oathkeeper 4K,/mnt/my-zfs/mediarr/torrent/arch/Game.of.Thrones.S01-S08.2160p.UHD.BluRay.REMUX.DV.HDR.HEVC.TrueHD.7.1.Atmos-FraMeSToR/Game.of.Thrones.S04.UHD.BluRay.2160p.TrueHD.Atmos.7.1.DV.HEVC.REMUX-FraMeSToR/Game.of.Thrones.S04E04.Oathkeeper.2160p.TrueHD.Atmos.7.1.DV.HEVC.REMUX-FraMeSToR.mkv,332
1766002078,36,Game of Thrones S04E01 Two Swords 4K,/mnt/my-zfs/mediarr/torrent/arch/Game.of.Thrones.S01-S08.2160p.UHD.BluRay.REMUX.DV.HDR.HEVC.TrueHD.7.1.Atmos-FraMeSToR/Game.of.Thrones.S04.UHD.BluRay.2160p.TrueHD.Atmos.7.1.DV.HEVC.REMUX-FraMeSToR/Game.of.Thrones.S04E01.Two.Swords.2160p.TrueHD.Atmos.7.1.DV.HEVC.REMUX-FraMeSToR.mkv,332
1766002078,43,Game of Thrones S04E05 First of His Name 4K,/mnt/my-zfs/mediarr/torrent/arch/Game.of.Thrones.S01-S08.2160p.UHD.BluRay.REMUX.DV.HDR.HEVC.TrueHD.7.1.Atmos-FraMeSToR/Game.of.Thrones.S04.UHD.BluRay.2160p.TrueHD.Atmos.7.1.DV.HEVC.REMUX-FraMeSToR/Game.of.Thrones.S04E05.First.of.His.Name.2160p.TrueHD.Atmos.7.1.DV.HEVC.REMUX-FraMeSToR.mkv,346
1766002078,52,Game of Thrones S04E08 The Mountain and the Viper 4K,/mnt/my-zfs/mediarr/torrent/arch/Game.of.Thrones.S01-S08.2160p.UHD.BluRay.REMUX.DV.HDR.HEVC.TrueHD.7.1.Atmos-FraMeSToR/Game.of.Thrones.S04.UHD.BluRay.2160p.TrueHD.Atmos.7.1.DV.HEVC.REMUX-FraMeSToR/Game.of.Thrones.S04E08.The.Mountain.and.the.Viper.2160p.TrueHD.Atmos.7.1.DV.HEVC.REMUX-FraMeSToR.mkv,364
1766002078,50,Game of Thrones S04E09 The Watchers on the Wall 4K,/mnt/my-zfs/mediarr/torrent/arch/Game.of.Thrones.S01-S08.2160p.UHD.BluRay.REMUX.DV.HDR.HEVC.TrueHD.7.1.Atmos-FraMeSToR/Game.of.Thrones.S04.UHD.BluRay.2160p.TrueHD.Atmos.7.1.DV.HEVC.REMUX-FraMeSToR/Game.of.Thrones.S04E09.The.Watchers.on.the.Wall.2160p.TrueHD.Atmos.7.1.DV.HEVC.REMUX-FraMeSToR.mkv,360
1766002078,38,Game of Thrones S04E10 The Children 4K,/mnt/my-zfs/mediarr/torrent/arch/Game.of.Thrones.S01-S08.2160p.UHD.BluRay.REMUX.DV.HDR.HEVC.TrueHD.7.1.Atmos-FraMeSToR/Game.of.Thrones.S04.UHD.BluRay.2160p.TrueHD.Atmos.7.1.DV.HEVC.REMUX-FraMeSToR/Game.of.Thrones.S04E10.The.Children.2160p.TrueHD.Atmos.7.1.DV.HEVC.REMUX-FraMeSToR.mkv,336
1766002092,32,Game of Thrones S01E09 Baelor 4K,/mnt/my-zfs/mediarr/torrent/arch/Game.of.Thrones.S01-S08.2160p.UHD.BluRay.REMUX.DV.HDR.HEVC.TrueHD.7.1.Atmos-FraMeSToR/Game.of.Thrones.S01.UHD.BluRay.2160p.TrueHD.Atmos.7.1.DV.HEVC.REMUX-FraMeSToR/Game.of.Thrones.S01E09.Baelor.2160p.TrueHD.Atmos.7.1.DV.HEVC.REMUX-FraMeSToR.mkv,324
1766002093,63,Game of Thrones S01E04 Cripples, Bastards, and Broken Things 4K,/mnt/my-zfs/mediarr/torrent/arch/Game.of.Thrones.S01-S08.2160p.UHD.BluRay.REMUX.DV.HDR.HEVC.TrueHD.7.1.Atmos-FraMeSToR/Game.of.Thrones.S01.UHD.BluRay.2160p.TrueHD.Atmos.7.1.DV.HEVC.REMUX-FraMeSToR/Game.of.Thrones.S01E04.Cripples.Bastards.and.Broken.Things.2160p.TrueHD.Atmos.7.1.DV.HEVC.REMUX-FraMeSToR.mkv,384
1766002093,40,Game of Thrones S01E10 Fire and Blood 4K,/mnt/my-zfs/mediarr/torrent/arch/Game.of.Thrones.S01-S08.2160p.UHD.BluRay.REMUX.DV.HDR.HEVC.TrueHD.7.1.Atmos-FraMeSToR/Game.of.Thrones.S01.UHD.BluRay.2160p.TrueHD.Atmos.7.1.DV.HEVC.REMUX-FraMeSToR/Game.of.Thrones.S01E10.Fire.and.Blood.2160p.TrueHD.Atmos.7.1.DV.HEVC.REMUX-FraMeSToR.mkv,340
1766002093,40,Game of Thrones S01E06 A Golden Crown 4K,/mnt/my-zfs/mediarr/torrent/arch/Game.of.Thrones.S01-S08.2160p.UHD.BluRay.REMUX.DV.HDR.HEVC.TrueHD.7.1.Atmos-FraMeSToR/Game.of.Thrones.S01.UHD.BluRay.2160p.TrueHD.Atmos.7.1.DV.HEVC.REMUX-FraMeSToR/Game.of.Thrones.S01E06.A.Golden.Crown.2160p.TrueHD.Atmos.7.1.DV.HEVC.REMUX-FraMeSToR.mkv,340
1766002093,47,Game of Thrones S01E05 The Wolf and the Lion 4K,/mnt/my-zfs/mediarr/torrent/arch/Game.of.Thrones.S01-S08.2160p.UHD.BluRay.REMUX.DV.HDR.HEVC.TrueHD.7.1.Atmos-FraMeSToR/Game.of.Thrones.S01.UHD.BluRay.2160p.TrueHD.Atmos.7.1.DV.HEVC.REMUX-FraMeSToR/Game.of.Thrones.S01E05.The.Wolf.and.the.Lion.2160p.TrueHD.Atmos.7.1.DV.HEVC.REMUX-FraMeSToR.mkv,354
1766002093,39,Game of Thrones S01E02 The Kingsroad 4K,/mnt/my-zfs/mediarr/torrent/arch/Game.of.Thrones.S01-S08.2160p.UHD.BluRay.REMUX.DV.HDR.HEVC.TrueHD.7.1.Atmos-FraMeSToR/Game.of.Thrones.S01.UHD.BluRay.2160p.TrueHD.Atmos.7.1.DV.HEVC.REMUX-FraMeSToR/Game.of.Thrones.S01E02.The.Kingsroad.2160p.TrueHD.Atmos.7.1.DV.HEVC.REMUX-FraMeSToR.mkv,338
1766002093,40,Game of Thrones S01E08 The Pointy End 4K,/mnt/my-zfs/mediarr/torrent/arch/Game.of.Thrones.S01-S08.2160p.UHD.BluRay.REMUX.DV.HDR.HEVC.TrueHD.7.1.Atmos-FraMeSToR/Game.of.Thrones.S01.UHD.BluRay.2160p.TrueHD.Atmos.7.1.DV.HEVC.REMUX-FraMeSToR/Game.of.Thrones.S01E08.The.Pointy.End.2160p.TrueHD.Atmos.7.1.DV.HEVC.REMUX-FraMeSToR.mkv,340
1766002093,42,Game of Thrones S01E01 Winter Is Coming 4K,/mnt/my-zfs/mediarr/torrent/arch/Game.of.Thrones.S01-S08.2160p.UHD.BluRay.REMUX.DV.HDR.HEVC.TrueHD.7.1.Atmos-FraMeSToR/Game.of.Thrones.S01.UHD.BluRay.2160p.TrueHD.Atmos.7.1.DV.HEVC.REMUX-FraMeSToR/Game.of.Thrones.S01E01.Winter.Is.Coming.2160p.TrueHD.Atmos.7.1.DV.HEVC.REMUX-FraMeSToR.mkv,344
1766002108,44,Game of Thrones S01E07 You Win or You Die 4K,/mnt/my-zfs/mediarr/torrent/arch/Game.of.Thrones.S01-S08.2160p.UHD.BluRay.REMUX.DV.HDR.HEVC.TrueHD.7.1.Atmos-FraMeSToR/Game.of.Thrones.S01.UHD.BluRay.2160p.TrueHD.Atmos.7.1.DV.HEVC.REMUX-FraMeSToR/Game.of.Thrones.S01E07.You.Win.or.You.Die.2160p.TrueHD.Atmos.7.1.DV.HEVC.REMUX-FraMeSToR.mkv,348
1766002108,48,Game of Thrones S03E02 Dark Wings, Dark Words 4K,/mnt/my-zfs/mediarr/torrent/arch/Game.of.Thrones.S01-S08.2160p.UHD.BluRay.REMUX.DV.HDR.HEVC.TrueHD.7.1.Atmos-FraMeSToR/Game.of.Thrones.S03.UHD.BluRay.2160p.TrueHD.Atmos.7.1.DV.HEVC.REMUX-FraMeSToR/Game.of.Thrones.S03E02.Dark.Wings.Dark.Words.2160p.TrueHD.Atmos.7.1.DV.HEVC.REMUX-FraMeSToR.mkv,355
1766002108,35,Game of Thrones S03E06 The Climb 4K,/mnt/my-zfs/mediarr/torrent/arch/Game.of.Thrones.S01-S08.2160p.UHD.BluRay.REMUX.DV.HDR.HEVC.TrueHD.7.1.Atmos-FraMeSToR/Game.of.Thrones.S03.UHD.BluRay.2160p.TrueHD.Atmos.7.1.DV.HEVC.REMUX-FraMeSToR/Game.of.Thrones.S03E06.The.Climb.2160p.TrueHD.Atmos.7.1.DV.HEVC.REMUX-FraMeSToR.mkv,330
1766002108,31,Game of Thrones S03E10 Mhysa 4K,/mnt/my-zfs/mediarr/torrent/arch/Game.of.Thrones.S01-S08.2160p.UHD.BluRay.REMUX.DV.HDR.HEVC.TrueHD.7.1.Atmos-FraMeSToR/Game.of.Thrones.S03.UHD.BluRay.2160p.TrueHD.Atmos.7.1.DV.HEVC.REMUX-FraMeSToR/Game.of.Thrones.S03E10.Mhysa.2160p.TrueHD.Atmos.7.1.DV.HEVC.REMUX-FraMeSToR.mkv,322
1766002108,35,Game of Thrones S01E03 Lord Snow 4K,/mnt/my-zfs/mediarr/torrent/arch/Game.of.Thrones.S01-S08.2160p.UHD.BluRay.REMUX.DV.HDR.HEVC.TrueHD.7.1.Atmos-FraMeSToR/Game.of.Thrones.S01.UHD.BluRay.2160p.TrueHD.Atmos.7.1.DV.HEVC.REMUX-FraMeSToR/Game.of.Thrones.S01E03.Lord.Snow.2160p.TrueHD.Atmos.7.1.DV.HEVC.REMUX-FraMeSToR.mkv,330
1766002108,40,Game of Thrones S03E01 Valar Dohaeris 4K,/mnt/my-zfs/mediarr/torrent/arch/Game.of.Thrones.S01-S08.2160p.UHD.BluRay.REMUX.DV.HDR.HEVC.TrueHD.7.1.Atmos-FraMeSToR/Game.of.Thrones.S03.UHD.BluRay.2160p.TrueHD.Atmos.7.1.DV.HEVC.REMUX-FraMeSToR/Game.of.Thrones.S03E01.Valar.Dohaeris.2160p.TrueHD.Atmos.7.1.DV.HEVC.REMUX-FraMeSToR.mkv,340
1766002108,44,Game of Thrones S03E03 Walk of Punishment 4K,/mnt/my-zfs/mediarr/torrent/arch/Game.of.Thrones.S01-S08.2160p.UHD.BluRay.REMUX.DV.HDR.HEVC.TrueHD.7.1.Atmos-FraMeSToR/Game.of.Thrones.S03.UHD.BluRay.2160p.TrueHD.Atmos.7.1.DV.HEVC.REMUX-FraMeSToR/Game.of.Thrones.S03E03.Walk.of.Punishment.2160p.TrueHD.Atmos.7.1.DV.HEVC.REMUX-FraMeSToR.mkv,348
1766002108,48,Game of Thrones S03E09 The Rains of Castamere 4K,/mnt/my-zfs/mediarr/torrent/arch/Game.of.Thrones.S01-S08.2160p.UHD.BluRay.REMUX.DV.HDR.HEVC.TrueHD.7.1.Atmos-FraMeSToR/Game.of.Thrones.S03.UHD.BluRay.2160p.TrueHD.Atmos.7.1.DV.HEVC.REMUX-FraMeSToR/Game.of.Thrones.S03E09.The.Rains.of.Castamere.2160p.TrueHD.Atmos.7.1.DV.HEVC.REMUX-FraMeSToR.mkv,356
1766002123,37,Game of Thrones S03E08 Second Sons 4K,/mnt/my-zfs/mediarr/torrent/arch/Game.of.Thrones.S01-S08.2160p.UHD.BluRay.REMUX.DV.HDR.HEVC.TrueHD.7.1.Atmos-FraMeSToR/Game.of.Thrones.S03.UHD.BluRay.2160p.TrueHD.Atmos.7.1.DV.HEVC.REMUX-FraMeSToR/Game.of.Thrones.S03E08.Second.Sons.2160p.TrueHD.Atmos.7.1.DV.HEVC.REMUX-FraMeSToR.mkv,334
1766002123,40,Game of Thrones S03E05 Kissed by Fire 4K,/mnt/my-zfs/mediarr/torrent/arch/Game.of.Thrones.S01-S08.2160p.UHD.BluRay.REMUX.DV.HDR.HEVC.TrueHD.7.1.Atmos-FraMeSToR/Game.of.Thrones.S03.UHD.BluRay.2160p.TrueHD.Atmos.7.1.DV.HEVC.REMUX-FraMeSToR/Game.of.Thrones.S03E05.Kissed.by.Fire.2160p.TrueHD.Atmos.7.1.DV.HEVC.REMUX-FraMeSToR.mkv,340
1766002123,54,Game of Thrones S03E07 The Bear and the Maiden Fair 4K,/mnt/my-zfs/mediarr/torrent/arch/Game.of.Thrones.S01-S08.2160p.UHD.BluRay.REMUX.DV.HDR.HEVC.TrueHD.7.1.Atmos-FraMeSToR/Game.of.Thrones.S03.UHD.BluRay.2160p.TrueHD.Atmos.7.1.DV.HEVC.REMUX-FraMeSToR/Game.of.Thrones.S03E07.The.Bear.and.the.Maiden.Fair.2160p.TrueHD.Atmos.7.1.DV.HEVC.REMUX-FraMeSToR.mkv,368
1766002123,52,Game of Thrones S03E04 And Now His Watch Is Ended 4K,/mnt/my-zfs/mediarr/torrent/arch/Game.of.Thrones.S01-S08.2160p.UHD.BluRay.REMUX.DV.HDR.HEVC.TrueHD.7.1.Atmos-FraMeSToR/Game.of.Thrones.S03.UHD.BluRay.2160p.TrueHD.Atmos.7.1.DV.HEVC.REMUX-FraMeSToR/Game.of.Thrones.S03E04.And.Now.His.Watch.Is.Ended.2160p.TrueHD.Atmos.7.1.DV.HEVC.REMUX-FraMeSToR.mkv,364
1766002124,32,Game of Thrones S06E08 No One 4K,/mnt/my-zfs/mediarr/torrent/arch/Game.of.Thrones.S01-S08.2160p.UHD.BluRay.REMUX.DV.HDR.HEVC.TrueHD.7.1.Atmos-FraMeSToR/Game.of.Thrones.S06.UHD.BluRay.2160p.TrueHD.Atmos.7.1.DV.HEVC.REMUX-FraMeSToR/Game.of.Thrones.S06E08.No.One.2160p.TrueHD.Atmos.7.1.DV.HEVC.REMUX-FraMeSToR.mkv,324
1766002124,43,Game of Thrones S06E06 Blood of My Blood 4K,/mnt/my-zfs/mediarr/torrent/arch/Game.of.Thrones.S01-S08.2160p.UHD.BluRay.REMUX.DV.HDR.HEVC.TrueHD.7.1.Atmos-FraMeSToR/Game.of.Thrones.S06.UHD.BluRay.2160p.TrueHD.Atmos.7.1.DV.HEVC.REMUX-FraMeSToR/Game.of.Thrones.S06E06.Blood.of.My.Blood.2160p.TrueHD.Atmos.7.1.DV.HEVC.REMUX-FraMeSToR.mkv,346
1766002124,37,Game of Thrones S06E03 Oathbreaker 4K,/mnt/my-zfs/mediarr/torrent/arch/Game.of.Thrones.S01-S08.2160p.UHD.BluRay.REMUX.DV.HDR.HEVC.TrueHD.7.1.Atmos-FraMeSToR/Game.of.Thrones.S06.UHD.BluRay.2160p.TrueHD.Atmos.7.1.DV.HEVC.REMUX-FraMeSToR/Game.of.Thrones.S06E03.Oathbreaker.2160p.TrueHD.Atmos.7.1.DV.HEVC.REMUX-FraMeSToR.mkv,334
1766002124,40,Game of Thrones S06E07 The Broken Man 4K,/mnt/my-zfs/mediarr/torrent/arch/Game.of.Thrones.S01-S08.2160p.UHD.BluRay.REMUX.DV.HDR.HEVC.TrueHD.7.1.Atmos-FraMeSToR/Game.of.Thrones.S06.UHD.BluRay.2160p.TrueHD.Atmos.7.1.DV.HEVC.REMUX-FraMeSToR/Game.of.Thrones.S06E07.The.Broken.Man.2160p.TrueHD.Atmos.7.1.DV.HEVC.REMUX-FraMeSToR.mkv,340
1766002139,48,Game of Thrones S06E09 Battle of the Bastards 4K,/mnt/my-zfs/mediarr/torrent/arch/Game.of.Thrones.S01-S08.2160p.UHD.BluRay.REMUX.DV.HDR.HEVC.TrueHD.7.1.Atmos-FraMeSToR/Game.of.Thrones.S06.UHD.BluRay.2160p.TrueHD.Atmos.7.1.DV.HEVC.REMUX-FraMeSToR/Game.of.Thrones.S06E09.Battle.of.the.Bastards.2160p.TrueHD.Atmos.7.1.DV.HEVC.REMUX-FraMeSToR.mkv,356
1766002139,30,Game of Thrones S06E02 Home 4K,/mnt/my-zfs/mediarr/torrent/arch/Game.of.Thrones.S01-S08.2160p.UHD.BluRay.REMUX.DV.HDR.HEVC.TrueHD.7.1.Atmos-FraMeSToR/Game.of.Thrones.S06.UHD.BluRay.2160p.TrueHD.Atmos.7.1.DV.HEVC.REMUX-FraMeSToR/Game.of.Thrones.S06E02.Home.2160p.TrueHD.Atmos.7.1.DV.HEVC.REMUX-FraMeSToR.mkv,320
1766002139,34,Game of Thrones S06E05 The Door 4K,/mnt/my-zfs/mediarr/torrent/arch/Game.of.Thrones.S01-S08.2160p.UHD.BluRay.REMUX.DV.HDR.HEVC.TrueHD.7.1.Atmos-FraMeSToR/Game.of.Thrones.S06.UHD.BluRay.2160p.TrueHD.Atmos.7.1.DV.HEVC.REMUX-FraMeSToR/Game.of.Thrones.S06E05.The.Door.2160p.TrueHD.Atmos.7.1.DV.HEVC.REMUX-FraMeSToR.mkv,328
1766002139,39,Game of Thrones S06E01 The Red Woman 4K,/mnt/my-zfs/mediarr/torrent/arch/Game.of.Thrones.S01-S08.2160p.UHD.BluRay.REMUX.DV.HDR.HEVC.TrueHD.7.1.Atmos-FraMeSToR/Game.of.Thrones.S06.UHD.BluRay.2160p.TrueHD.Atmos.7.1.DV.HEVC.REMUX-FraMeSToR/Game.of.Thrones.S06E01.The.Red.Woman.2160p.TrueHD.Atmos.7.1.DV.HEVC.REMUX-FraMeSToR.mkv,338
1766002139,45,Game of Thrones S06E10 The Winds of Winter 4K,/mnt/my-zfs/mediarr/torrent/arch/Game.of.Thrones.S01-S08.2160p.UHD.BluRay.REMUX.DV.HDR.HEVC.TrueHD.7.1.Atmos-FraMeSToR/Game.of.Thrones.S06.UHD.BluRay.2160p.TrueHD.Atmos.7.1.DV.HEVC.REMUX-FraMeSToR/Game.of.Thrones.S06E10.The.Winds.of.Winter.2160p.TrueHD.Atmos.7.1.DV.HEVC.REMUX-FraMeSToR.mkv,350
1766002139,14,Weapons (2025),/mnt/my-zfs/mediarr/torrent/arch/Weapons.2025.2160p.UHD.Blu-ray.Remux.DV.HDR.HEVC.TrueHD.Atmos.7.1-CiNEPHiLES.mkv,142
1766002139,46,Game of Thrones S06E04 Book of the Stranger 4K,/mnt/my-zfs/mediarr/torrent/arch/Game.of.Thrones.S01-S08.2160p.UHD.BluRay.REMUX.DV.HDR.HEVC.TrueHD.7.1.Atmos-FraMeSToR/Game.of.Thrones.S06.UHD.BluRay.2160p.TrueHD.Atmos.7.1.DV.HEVC.REMUX-FraMeSToR/Game.of.Thrones.S06E04.Book.of.the.Stranger.2160p.TrueHD.Atmos.7.1.DV.HEVC.REMUX-FraMeSToR.mkv,352
1766002139,18,The King of Comedy,/mnt/my-zfs/mediarr/torrent/arch/The.King.of.Comedy.1982.BluRay.1080p.AVC.DTS-HD.MA.1.0.REMUX-FraMeSToR.mkv,140
1766002153,21,Rick.and.Morty.S08E09,/mnt/my-zfs/mediarr/torrent/arch/Rick.and.Morty.S08E09.1080p.x265-ELiTE/Rick.and.Morty.S08E09.1080p.x265-ELiTE.mkv,150
1766002155,,,/mnt/my-zfs/mediarr/torrent/arch/The.Day.of.the.Jackal.S01.REPACK.2160p.PCOK.WEB-DL.DDP5.1.DV.HDR.H.265-FLUX/The.Day.of.the.Jackal.S01E08.Episode.8.REPACK.2160p.PCOK.WEB-DL.DDP5.1.DV.HDR.H.265-FLUX.mkv,214
1766002155,,,/mnt/my-zfs/mediarr/torrent/arch/The.Day.of.the.Jackal.S01.REPACK.2160p.PCOK.WEB-DL.DDP5.1.DV.HDR.H.265-FLUX/The.Day.of.the.Jackal.S01E09.Episode.9.REPACK.2160p.PCOK.WEB-DL.DDP5.1.DV.HDR.H.265-FLUX.mkv,214
1766002155,,,/mnt/my-zfs/mediarr/torrent/arch/The.Day.of.the.Jackal.S01.REPACK.2160p.PCOK.WEB-DL.DDP5.1.DV.HDR.H.265-FLUX/The.Day.of.the.Jackal.S01E04.Episode.4.REPACK.2160p.PCOK.WEB-DL.DDP5.1.DV.HDR.H.265-FLUX.mkv,214
1766002155,,,/mnt/my-zfs/mediarr/torrent/arch/[ASW] Dandadan - 17 [1080p HEVC][9263DB93].mkv,92
1766002155,,,/mnt/my-zfs/mediarr/torrent/arch/The.Day.of.the.Jackal.S01.REPACK.2160p.PCOK.WEB-DL.DDP5.1.DV.HDR.H.265-FLUX/The.Day.of.the.Jackal.S01E10.Episode.10.REPACK.2160p.PCOK.WEB-DL.DDP5.1.DV.HDR.H.265-FLUX.mkv,215
1766002157,22,The Dark Knight (2008),/mnt/my-zfs/mediarr/torrent/arch/The.Dark.Knight.2008.UHD.BluRay.2160p.TrueHD.5.1.DV.HEVC.HYBRID.REMUX-FraMeSToR/The.Dark.Knight.2008.UHD.BluRay.2160p.TrueHD.5.1.DV.HEVC.HYBRID.REMUX-FraMeSToR.mkv,233
1766002157,11,Dune (2021),/mnt/my-zfs/mediarr/torrent/arch/Dune.Part.One.2021.Hybrid.2160p.UHD.BluRay.REMUX.DV.HDR10Plus.HEVC.TrueHD.7.1.Atmos-WiLDCAT.mkv,154
1766002169,,,/mnt/my-zfs/mediarr/torrent/arch/The.Day.of.the.Jackal.S01.REPACK.2160p.PCOK.WEB-DL.DDP5.1.DV.HDR.H.265-FLUX/The.Day.of.the.Jackal.S01E05.Episode.5.REPACK.2160p.PCOK.WEB-DL.DDP5.1.DV.HDR.H.265-FLUX.mkv,214
1766002169,,,/mnt/my-zfs/mediarr/torrent/arch/The.Day.of.the.Jackal.S01.REPACK.2160p.PCOK.WEB-DL.DDP5.1.DV.HDR.H.265-FLUX/The.Day.of.the.Jackal.S01E07.Episode.7.REPACK.2160p.PCOK.WEB-DL.DDP5.1.DV.HDR.H.265-FLUX.mkv,214
1766002169,,,/mnt/my-zfs/mediarr/torrent/arch/[ASW] Dandadan - 18 [1080p HEVC][0B9ED491].mkv,92
1766002169,,,/mnt/my-zfs/mediarr/torrent/arch/The.Day.of.the.Jackal.S01.REPACK.2160p.PCOK.WEB-DL.DDP5.1.DV.HDR.H.265-FLUX/The.Day.of.the.Jackal.S01E06.Episode.6.REPACK.2160p.PCOK.WEB-DL.DDP5.1.DV.HDR.H.265-FLUX.mkv,214
1766002170,,,/mnt/my-zfs/mediarr/torrent/arch/The.Day.of.the.Jackal.S01.REPACK.2160p.PCOK.WEB-DL.DDP5.1.DV.HDR.H.265-FLUX/The.Day.of.the.Jackal.S01E01.Episode.1.REPACK.2160p.PCOK.WEB-DL.DDP5.1.DV.HDR.H.265-FLUX.mkv,214
1766002170,,,/mnt/my-zfs/mediarr/torrent/arch/The.Day.of.the.Jackal.S01.REPACK.2160p.PCOK.WEB-DL.DDP5.1.DV.HDR.H.265-FLUX/The.Day.of.the.Jackal.S01E02.Episode.2.REPACK.2160p.PCOK.WEB-DL.DDP5.1.DV.HDR.H.265-FLUX.mkv,214
1766002170,,,/mnt/my-zfs/mediarr/torrent/arch/The.Day.of.the.Jackal.S01.REPACK.2160p.PCOK.WEB-DL.DDP5.1.DV.HDR.H.265-FLUX/The.Day.of.the.Jackal.S01E03.Episode.3.REPACK.2160p.PCOK.WEB-DL.DDP5.1.DV.HDR.H.265-FLUX.mkv,214
1766002170,,,/mnt/my-zfs/mediarr/torrent/arch/F1.The.Movie.2025.2160p.iT.WEB-DL.DDP5.1.Atmos.DV.HDR.H.265-BYNDR.mkv,115
1766002185,20,Jerry Maguire (1996),/mnt/my-zfs/mediarr/torrent/arch/Jerry.Maguire.1996.UHD.BluRay.2160p.TrueHD.Atmos.7.1.DV.HEVC.HYBRID.REMUX-FraMeSToR/Jerry.Maguire.1996.UHD.BluRay.2160p.TrueHD.Atmos.7.1.DV.HEVC.HYBRID.REMUX-FraMeSToR.mkv,239
1766002185,24,Dune: Part Two (2024) 4K,/mnt/my-zfs/mediarr/torrent/arch/Dune.Part.Two.2024.UHD.BluRay.2160p.TrueHD.Atmos.7.1.DV.HEVC.REMUX-FraMeSToR/Dune.Part.Two.2024.UHD.BluRay.2160p.TrueHD.Atmos.7.1.DV.HEVC.REMUX-FraMeSToR.mkv,229
1766002185,,,/mnt/my-zfs/mediarr/torrent/arch/[ASW] Dandadan - 15 [1080p HEVC][A1A2497C].mkv,92
1766002185,5,POWER,/mnt/my-zfs/mediarr/torrent/arch/Hobal.2024.2160p.SHAHID.WEB-DL.AAC2.0.H.265-POWER.mkv,105
1766002185,18,Rain Man (1988) 4K,/mnt/my-zfs/mediarr/torrent/arch/Rain.Man.1988.UHD.BluRay.2160p.DTS-HD.MA.5.1.DV.HEVC.REMUX-FraMeSToR/Rain.Man.1988.UHD.BluRay.2160p.DTS-HD.MA.5.1.DV.HEVC.REMUX-FraMeSToR.mkv,207
1766002185,,,/mnt/my-zfs/mediarr/torrent/arch/[ASW] Dandadan - 23 [1080p HEVC][099ADC77].mkv,92
1766002185,,,/mnt/my-zfs/mediarr/torrent/arch/Capturing.The.Friedmans.2003.1080p.WEB.H264-CBFM/Sample/capturing.the.friedmans.2003.1080p.web.h264-cbfm-sample.mkv,161
1766002185,,,/mnt/my-zfs/mediarr/torrent/arch/Capturing.The.Friedmans.2003.1080p.WEB.H264-CBFM/capturing.the.friedmans.2003.1080p.web.h264-cbfm.mkv,147
1766002200,42,Game of Thrones S05E01 The Wars to Come 4K,/mnt/my-zfs/mediarr/torrent/arch/Game.of.Thrones.2011.S01-S08.2160p.BluRay.HDR10.10bit.x265.HEVC.TrueHD.Atmos.7.1-PHOCiS/Season 05/Game.of.Thrones.S05E01.The.Wars.to.Come.2160p.BluRay.HDR10.10bit.x265.HEVC.TrueHD.Atmos.7.1-PHOCiS.mkv,290
1766002200,,,/mnt/my-zfs/mediarr/torrent/arch/When Harry Met Sally 1989 2160p BluRay DV HDR x265-dkore/When Harry Met Sally 1989 2160p BluRay DV HDR x265-dkore.mkv,163
1766002200,28,The Boy and the Heron (2023),/mnt/my-zfs/mediarr/torrent/arch/The.Boy.and.the.Heron.2023.UHD.BluRay.2160p.TrueHD.Atmos.7.1.DV.HEVC.REMUX-FraMeSToR/The.Boy.and.the.Heron.2023.UHD.BluRay.2160p.TrueHD.Atmos.7.1.DV.HEVC.REMUX-FraMeSToR.mkv,249
1766002200,51,Game of Thrones S05E06 Unbowed, Unbent, Unbroken 4K,/mnt/my-zfs/mediarr/torrent/arch/Game.of.Thrones.2011.S01-S08.2160p.BluRay.HDR10.10bit.x265.HEVC.TrueHD.Atmos.7.1-PHOCiS/Season 05/Game.of.Thrones.S05E06.Unbowed,.Unbent,.Unbroken.2160p.BluRay.HDR10.10bit.x265.HEVC.TrueHD.Atmos.7.1-PHOCiS.mkv,308
1766002200,40,Game of Thrones S05E10 Mother's Mercy 4K,/mnt/my-zfs/mediarr/torrent/arch/Game.of.Thrones.2011.S01-S08.2160p.BluRay.HDR10.10bit.x265.HEVC.TrueHD.Atmos.7.1-PHOCiS/Season 05/Game.of.Thrones.S05E10.Mother's.Mercy.2160p.BluRay.HDR10.10bit.x265.HEVC.TrueHD.Atmos.7.1-PHOCiS.mkv,286
1766002200,43,Game of Thrones S05E04 Sons of the Harpy 4K,/mnt/my-zfs/mediarr/torrent/arch/Game.of.Thrones.2011.S01-S08.2160p.BluRay.HDR10.10bit.x265.HEVC.TrueHD.Atmos.7.1-PHOCiS/Season 05/Game.of.Thrones.S05E04.Sons.of.the.Harpy.2160p.BluRay.HDR10.10bit.x265.HEVC.TrueHD.Atmos.7.1-PHOCiS.mkv,292
1766002200,54,Game of Thrones S05E02 The House of Black and White 4K,/mnt/my-zfs/mediarr/torrent/arch/Game.of.Thrones.2011.S01-S08.2160p.BluRay.HDR10.10bit.x265.HEVC.TrueHD.Atmos.7.1-PHOCiS/Season 05/Game.of.Thrones.S05E02.The.House.of.Black.and.White.2160p.BluRay.HDR10.10bit.x265.HEVC.TrueHD.Atmos.7.1-PHOCiS.mkv,314
1766002200,38,Game of Thrones S05E03 High Sparrow 4K,/mnt/my-zfs/mediarr/torrent/arch/Game.of.Thrones.2011.S01-S08.2160p.BluRay.HDR10.10bit.x265.HEVC.TrueHD.Atmos.7.1-PHOCiS/Season 05/Game.of.Thrones.S05E03.High.Sparrow.2160p.BluRay.HDR10.10bit.x265.HEVC.TrueHD.Atmos.7.1-PHOCiS.mkv,282
1766002215,38,Game of Thrones S05E05 Kill the Boy 4K,/mnt/my-zfs/mediarr/torrent/arch/Game.of.Thrones.2011.S01-S08.2160p.BluRay.HDR10.10bit.x265.HEVC.TrueHD.Atmos.7.1-PHOCiS/Season 05/Game.of.Thrones.S05E05.Kill.the.Boy.2160p.BluRay.HDR10.10bit.x265.HEVC.TrueHD.Atmos.7.1-PHOCiS.mkv,282
1766002215,46,Game of Thrones S05E09 The Dance of Dragons 4K,/mnt/my-zfs/mediarr/torrent/arch/Game.of.Thrones.2011.S01-S08.2160p.BluRay.HDR10.10bit.x265.HEVC.TrueHD.Atmos.7.1-PHOCiS/Season 05/Game.of.Thrones.S05E09.The.Dance.of.Dragons.2160p.BluRay.HDR10.10bit.x265.HEVC.TrueHD.Atmos.7.1-PHOCiS.mkv,298
1766002215,34,Game of Thrones S05E08 Hardhome 4K,/mnt/my-zfs/mediarr/torrent/arch/Game.of.Thrones.2011.S01-S08.2160p.BluRay.HDR10.10bit.x265.HEVC.TrueHD.Atmos.7.1-PHOCiS/Season 05/Game.of.Thrones.S05E08.Hardhome.2160p.BluRay.HDR10.10bit.x265.HEVC.TrueHD.Atmos.7.1-PHOCiS.mkv,274
1766002216,48,Game of Thrones S08E04 The Last of the Starks 4K,/mnt/my-zfs/mediarr/torrent/arch/Game.of.Thrones.2011.S01-S08.2160p.BluRay.HDR10.10bit.x265.HEVC.TrueHD.Atmos.7.1-PHOCiS/Season 08/Game.of.Thrones.S08E04.The.Last.of.the.Starks.2160p.BluRay.HDR10.10bit.x265.HEVC.TrueHD.Atmos.7.1-PHOCiS.mkv,302
1766002216,40,Game of Thrones S08E03 The Long Night 4K,/mnt/my-zfs/mediarr/torrent/arch/Game.of.Thrones.2011.S01-S08.2160p.BluRay.HDR10.10bit.x265.HEVC.TrueHD.Atmos.7.1-PHOCiS/Season 08/Game.of.Thrones.S08E03.The.Long.Night.2160p.BluRay.HDR10.10bit.x265.HEVC.TrueHD.Atmos.7.1-PHOCiS.mkv,286
1766002216,36,Game of Thrones S08E01 Winterfell 4K,/mnt/my-zfs/mediarr/torrent/arch/Game.of.Thrones.2011.S01-S08.2160p.BluRay.HDR10.10bit.x265.HEVC.TrueHD.Atmos.7.1-PHOCiS/Season 08/Game.of.Thrones.S08E01.Winterfell.2160p.BluRay.HDR10.10bit.x265.HEVC.TrueHD.Atmos.7.1-PHOCiS.mkv,278
1766002216,34,Game of Thrones S05E07 The Gift 4K,/mnt/my-zfs/mediarr/torrent/arch/Game.of.Thrones.2011.S01-S08.2160p.BluRay.HDR10.10bit.x265.HEVC.TrueHD.Atmos.7.1-PHOCiS/Season 05/Game.of.Thrones.S05E07.The.Gift.2160p.BluRay.HDR10.10bit.x265.HEVC.TrueHD.Atmos.7.1-PHOCiS.mkv,274
1766002216,41,Game of Thrones S08E06 The Iron Throne 4K,/mnt/my-zfs/mediarr/torrent/arch/Game.of.Thrones.2011.S01-S08.2160p.BluRay.HDR10.10bit.x265.HEVC.TrueHD.Atmos.7.1-PHOCiS/Season 08/Game.of.Thrones.S08E06.The.Iron.Throne.2160p.BluRay.HDR10.10bit.x265.HEVC.TrueHD.Atmos.7.1-PHOCiS.mkv,288
1766002230,56,Game of Thrones S08E02 A Knight of the Seven Kingdoms 4K,/mnt/my-zfs/mediarr/torrent/arch/Game.of.Thrones.2011.S01-S08.2160p.BluRay.HDR10.10bit.x265.HEVC.TrueHD.Atmos.7.1-PHOCiS/Season 08/Game.of.Thrones.S08E02.A.Knight.of.the.Seven.Kingdoms.2160p.BluRay.HDR10.10bit.x265.HEVC.TrueHD.Atmos.7.1-PHOCiS.mkv,318
1766002231,41,Game of Thrones S02E04 Garden of Bones 4K,/mnt/my-zfs/mediarr/torrent/arch/Game.of.Thrones.2011.S01-S08.2160p.BluRay.HDR10.10bit.x265.HEVC.TrueHD.Atmos.7.1-PHOCiS/Season 02/Game.of.Thrones.S02E04.Garden.of.Bones.2160p.BluRay.HDR10.10bit.x265.HEVC.TrueHD.Atmos.7.1-PHOCiS.mkv,288
1766002231,41,Game of Thrones S02E02 The Night Lands 4K,/mnt/my-zfs/mediarr/torrent/arch/Game.of.Thrones.2011.S01-S08.2160p.BluRay.HDR10.10bit.x265.HEVC.TrueHD.Atmos.7.1-PHOCiS/Season 02/Game.of.Thrones.S02E02.The.Night.Lands.2160p.BluRay.HDR10.10bit.x265.HEVC.TrueHD.Atmos.7.1-PHOCiS.mkv,288
1766002231,35,Game of Thrones S08E05 The Bells 4K,/mnt/my-zfs/mediarr/torrent/arch/Game.of.Thrones.2011.S01-S08.2160p.BluRay.HDR10.10bit.x265.HEVC.TrueHD.Atmos.7.1-PHOCiS/Season 08/Game.of.Thrones.S08E05.The.Bells.2160p.BluRay.HDR10.10bit.x265.HEVC.TrueHD.Atmos.7.1-PHOCiS.mkv,276
1766002231,41,Game of Thrones S02E10 Valar Morghulis 4K,/mnt/my-zfs/mediarr/torrent/arch/Game.of.Thrones.2011.S01-S08.2160p.BluRay.HDR10.10bit.x265.HEVC.TrueHD.Atmos.7.1-PHOCiS/Season 02/Game.of.Thrones.S02E10.Valar.Morghulis.2160p.BluRay.HDR10.10bit.x265.HEVC.TrueHD.Atmos.7.1-PHOCiS.mkv,288
1766002231,50,Game of Thrones S02E06 The Old Gods and the New 4K,/mnt/my-zfs/mediarr/torrent/arch/Game.of.Thrones.2011.S01-S08.2160p.BluRay.HDR10.10bit.x265.HEVC.TrueHD.Atmos.7.1-PHOCiS/Season 02/Game.of.Thrones.S02E06.The.Old.Gods.and.the.New.2160p.BluRay.HDR10.10bit.x265.HEVC.TrueHD.Atmos.7.1-PHOCiS.mkv,306
1766002232,52,Game of Thrones S02E03 What is Dead May Never Die 4K,/mnt/my-zfs/mediarr/torrent/arch/Game.of.Thrones.2011.S01-S08.2160p.BluRay.HDR10.10bit.x265.HEVC.TrueHD.Atmos.7.1-PHOCiS/Season 02/Game.of.Thrones.S02E03.What.is.Dead.May.Never.Die.2160p.BluRay.HDR10.10bit.x265.HEVC.TrueHD.Atmos.7.1-PHOCiS.mkv,310
1766002232,50,Game of Thrones S02E08 The Prince of Winterfell 4K,/mnt/my-zfs/mediarr/torrent/arch/Game.of.Thrones.2011.S01-S08.2160p.BluRay.HDR10.10bit.x265.HEVC.TrueHD.Atmos.7.1-PHOCiS/Season 02/Game.of.Thrones.S02E08.The.Prince.of.Winterfell.2160p.BluRay.HDR10.10bit.x265.HEVC.TrueHD.Atmos.7.1-PHOCiS.mkv,306
1766002246,36,Game of Thrones S02E09 Blackwater 4K,/mnt/my-zfs/mediarr/torrent/arch/Game.of.Thrones.2011.S01-S08.2160p.BluRay.HDR10.10bit.x265.HEVC.TrueHD.Atmos.7.1-PHOCiS/Season 02/Game.of.Thrones.S02E09.Blackwater.2160p.BluRay.HDR10.10bit.x265.HEVC.TrueHD.Atmos.7.1-PHOCiS.mkv,278
1766002246,48,Game of Thrones S02E05 The Ghost of Harrenhal 4K,/mnt/my-zfs/mediarr/torrent/arch/Game.of.Thrones.2011.S01-S08.2160p.BluRay.HDR10.10bit.x265.HEVC.TrueHD.Atmos.7.1-PHOCiS/Season 02/Game.of.Thrones.S02E05.The.Ghost.of.Harrenhal.2160p.BluRay.HDR10.10bit.x265.HEVC.TrueHD.Atmos.7.1-PHOCiS.mkv,302
1766002247,32,Game of Thrones S06E08 No One 4K,/mnt/my-zfs/mediarr/torrent/arch/Game.of.Thrones.2011.S01-S08.2160p.BluRay.HDR10.10bit.x265.HEVC.TrueHD.Atmos.7.1-PHOCiS/Season 06/Game.of.Thrones.S06E08.No.One.2160p.BluRay.HDR10.10bit.x265.HEVC.TrueHD.Atmos.7.1-PHOCiS.mkv,270
1766002247,45,Game of Thrones S02E01 The North Remembers 4K,/mnt/my-zfs/mediarr/torrent/arch/Game.of.Thrones.2011.S01-S08.2160p.BluRay.HDR10.10bit.x265.HEVC.TrueHD.Atmos.7.1-PHOCiS/Season 02/Game.of.Thrones.S02E01.The.North.Remembers.2160p.BluRay.HDR10.10bit.x265.HEVC.TrueHD.Atmos.7.1-PHOCiS.mkv,296
1766002247,45,Game of Thrones S02E07 A Man Without Honor 4K,/mnt/my-zfs/mediarr/torrent/arch/Game.of.Thrones.2011.S01-S08.2160p.BluRay.HDR10.10bit.x265.HEVC.TrueHD.Atmos.7.1-PHOCiS/Season 02/Game.of.Thrones.S02E07.A.Man.Without.Honor.2160p.BluRay.HDR10.10bit.x265.HEVC.TrueHD.Atmos.7.1-PHOCiS.mkv,296
1766002247,48,Game of Thrones S06E09 Battle of the Bastards 4K,/mnt/my-zfs/mediarr/torrent/arch/Game.of.Thrones.2011.S01-S08.2160p.BluRay.HDR10.10bit.x265.HEVC.TrueHD.Atmos.7.1-PHOCiS/Season 06/Game.of.Thrones.S06E09.Battle.of.the.Bastards.2160p.BluRay.HDR10.10bit.x265.HEVC.TrueHD.Atmos.7.1-PHOCiS.mkv,302
1766002247,39,Game of Thrones S06E01 The Red Woman 4K,/mnt/my-zfs/mediarr/torrent/arch/Game.of.Thrones.2011.S01-S08.2160p.BluRay.HDR10.10bit.x265.HEVC.TrueHD.Atmos.7.1-PHOCiS/Season 06/Game.of.Thrones.S06E01.The.Red.Woman.2160p.BluRay.HDR10.10bit.x265.HEVC.TrueHD.Atmos.7.1-PHOCiS.mkv,284
1766002247,37,Game of Thrones S06E03 Oathbreaker 4K,/mnt/my-zfs/mediarr/torrent/arch/Game.of.Thrones.2011.S01-S08.2160p.BluRay.HDR10.10bit.x265.HEVC.TrueHD.Atmos.7.1-PHOCiS/Season 06/Game.of.Thrones.S06E03.Oathbreaker.2160p.BluRay.HDR10.10bit.x265.HEVC.TrueHD.Atmos.7.1-PHOCiS.mkv,280
1766002262,45,Game of Thrones S06E10 The Winds of Winter 4K,/mnt/my-zfs/mediarr/torrent/arch/Game.of.Thrones.2011.S01-S08.2160p.BluRay.HDR10.10bit.x265.HEVC.TrueHD.Atmos.7.1-PHOCiS/Season 06/Game.of.Thrones.S06E10.The.Winds.of.Winter.2160p.BluRay.HDR10.10bit.x265.HEVC.TrueHD.Atmos.7.1-PHOCiS.mkv,296
1766002262,40,Game of Thrones S06E07 The Broken Man 4K,/mnt/my-zfs/mediarr/torrent/arch/Game.of.Thrones.2011.S01-S08.2160p.BluRay.HDR10.10bit.x265.HEVC.TrueHD.Atmos.7.1-PHOCiS/Season 06/Game.of.Thrones.S06E07.The.Broken.Man.2160p.BluRay.HDR10.10bit.x265.HEVC.TrueHD.Atmos.7.1-PHOCiS.mkv,286
1766002262,34,Game of Thrones S06E05 The Door 4K,/mnt/my-zfs/mediarr/torrent/arch/Game.of.Thrones.2011.S01-S08.2160p.BluRay.HDR10.10bit.x265.HEVC.TrueHD.Atmos.7.1-PHOCiS/Season 06/Game.of.Thrones.S06E05.The.Door.2160p.BluRay.HDR10.10bit.x265.HEVC.TrueHD.Atmos.7.1-PHOCiS.mkv,274
1766002262,46,Game of Thrones S06E04 Book of the Stranger 4K,/mnt/my-zfs/mediarr/torrent/arch/Game.of.Thrones.2011.S01-S08.2160p.BluRay.HDR10.10bit.x265.HEVC.TrueHD.Atmos.7.1-PHOCiS/Season 06/Game.of.Thrones.S06E04.Book.of.the.Stranger.2160p.BluRay.HDR10.10bit.x265.HEVC.TrueHD.Atmos.7.1-PHOCiS.mkv,298
1766002262,43,Game of Thrones S06E06 Blood of My Blood 4K,/mnt/my-zfs/mediarr/torrent/arch/Game.of.Thrones.2011.S01-S08.2160p.BluRay.HDR10.10bit.x265.HEVC.TrueHD.Atmos.7.1-PHOCiS/Season 06/Game.of.Thrones.S06E06.Blood.of.My.Blood.2160p.BluRay.HDR10.10bit.x265.HEVC.TrueHD.Atmos.7.1-PHOCiS.mkv,292
1766002262,30,Game of Thrones S06E02 Home 4K,/mnt/my-zfs/mediarr/torrent/arch/Game.of.Thrones.2011.S01-S08.2160p.BluRay.HDR10.10bit.x265.HEVC.TrueHD.Atmos.7.1-PHOCiS/Season 06/Game.of.Thrones.S06E02.Home.2160p.BluRay.HDR10.10bit.x265.HEVC.TrueHD.Atmos.7.1-PHOCiS.mkv,266
1766002262,44,Game of Thrones S01E07 You Win or You Die 4K,/mnt/my-zfs/mediarr/torrent/arch/Game.of.Thrones.2011.S01-S08.2160p.BluRay.HDR10.10bit.x265.HEVC.TrueHD.Atmos.7.1-PHOCiS/Season 01/Game.of.Thrones.S01E07.You.Win.or.You.Die.2160p.BluRay.HDR10.10bit.x265.HEVC.TrueHD.Atmos.7.1-PHOCiS.mkv,294
1766002262,47,Game of Thrones S01E05 The Wolf and the Lion 4K,/mnt/my-zfs/mediarr/torrent/arch/Game.of.Thrones.2011.S01-S08.2160p.BluRay.HDR10.10bit.x265.HEVC.TrueHD.Atmos.7.1-PHOCiS/Season 01/Game.of.Thrones.S01E05.The.Wolf.and.the.Lion.2160p.BluRay.HDR10.10bit.x265.HEVC.TrueHD.Atmos.7.1-PHOCiS.mkv,300
1766002276,35,Game of Thrones S01E03 Lord Snow 4K,/mnt/my-zfs/mediarr/torrent/arch/Game.of.Thrones.2011.S01-S08.2160p.BluRay.HDR10.10bit.x265.HEVC.TrueHD.Atmos.7.1-PHOCiS/Season 01/Game.of.Thrones.S01E03.Lord.Snow.2160p.BluRay.HDR10.10bit.x265.HEVC.TrueHD.Atmos.7.1-PHOCiS.mkv,276
1766002277,40,Game of Thrones S01E10 Fire and Blood 4K,/mnt/my-zfs/mediarr/torrent/arch/Game.of.Thrones.2011.S01-S08.2160p.BluRay.HDR10.10bit.x265.HEVC.TrueHD.Atmos.7.1-PHOCiS/Season 01/Game.of.Thrones.S01E10.Fire.and.Blood.2160p.BluRay.HDR10.10bit.x265.HEVC.TrueHD.Atmos.7.1-PHOCiS.mkv,286
1766002277,40,Game of Thrones S01E08 The Pointy End 4K,/mnt/my-zfs/mediarr/torrent/arch/Game.of.Thrones.2011.S01-S08.2160p.BluRay.HDR10.10bit.x265.HEVC.TrueHD.Atmos.7.1-PHOCiS/Season 01/Game.of.Thrones.S01E08.The.Pointy.End.2160p.BluRay.HDR10.10bit.x265.HEVC.TrueHD.Atmos.7.1-PHOCiS.mkv,286
1766002277,40,Game of Thrones S01E06 A Golden Crown 4K,/mnt/my-zfs/mediarr/torrent/arch/Game.of.Thrones.2011.S01-S08.2160p.BluRay.HDR10.10bit.x265.HEVC.TrueHD.Atmos.7.1-PHOCiS/Season 01/Game.of.Thrones.S01E06.A.Golden.Crown.2160p.BluRay.HDR10.10bit.x265.HEVC.TrueHD.Atmos.7.1-PHOCiS.mkv,286
1766002277,63,Game of Thrones S01E04 Cripples, Bastards, and Broken Things 4K,/mnt/my-zfs/mediarr/torrent/arch/Game.of.Thrones.2011.S01-S08.2160p.BluRay.HDR10.10bit.x265.HEVC.TrueHD.Atmos.7.1-PHOCiS/Season 01/Game.of.Thrones.S01E04.Cripples,.Bastards,.and.Broken.Things.2160p.BluRay.HDR10.10bit.x265.HEVC.TrueHD.Atmos.7.1-PHOCiS.mkv,332
1766002277,42,Game of Thrones S01E01 Winter Is Coming 4K,/mnt/my-zfs/mediarr/torrent/arch/Game.of.Thrones.2011.S01-S08.2160p.BluRay.HDR10.10bit.x265.HEVC.TrueHD.Atmos.7.1-PHOCiS/Season 01/Game.of.Thrones.S01E01.Winter.Is.Coming.2160p.BluRay.HDR10.10bit.x265.HEVC.TrueHD.Atmos.7.1-PHOCiS.mkv,290
1766002277,32,Game of Thrones S01E09 Baelor 4K,/mnt/my-zfs/mediarr/torrent/arch/Game.of.Thrones.2011.S01-S08.2160p.BluRay.HDR10.10bit.x265.HEVC.TrueHD.Atmos.7.1-PHOCiS/Season 01/Game.of.Thrones.S01E09.Baelor.2160p.BluRay.HDR10.10bit.x265.HEVC.TrueHD.Atmos.7.1-PHOCiS.mkv,270
1766002277,39,Game of Thrones S01E02 The Kingsroad 4K,/mnt/my-zfs/mediarr/torrent/arch/Game.of.Thrones.2011.S01-S08.2160p.BluRay.HDR10.10bit.x265.HEVC.TrueHD.Atmos.7.1-PHOCiS/Season 01/Game.of.Thrones.S01E02.The.Kingsroad.2160p.BluRay.HDR10.10bit.x265.HEVC.TrueHD.Atmos.7.1-PHOCiS.mkv,284
1766002291,31,Game of Thrones S03E10 Mhysa 4K,/mnt/my-zfs/mediarr/torrent/arch/Game.of.Thrones.2011.S01-S08.2160p.BluRay.HDR10.10bit.x265.HEVC.TrueHD.Atmos.7.1-PHOCiS/Season 03/Game.of.Thrones.S03E10.Mhysa.2160p.BluRay.HDR10.10bit.x265.HEVC.TrueHD.Atmos.7.1-PHOCiS.mkv,268
1766002292,48,Game of Thrones S03E09 The Rains of Castamere 4K,/mnt/my-zfs/mediarr/torrent/arch/Game.of.Thrones.2011.S01-S08.2160p.BluRay.HDR10.10bit.x265.HEVC.TrueHD.Atmos.7.1-PHOCiS/Season 03/Game.of.Thrones.S03E09.The.Rains.of.Castamere.2160p.BluRay.HDR10.10bit.x265.HEVC.TrueHD.Atmos.7.1-PHOCiS.mkv,302
1766002292,40,Game of Thrones S03E05 Kissed by Fire 4K,/mnt/my-zfs/mediarr/torrent/arch/Game.of.Thrones.2011.S01-S08.2160p.BluRay.HDR10.10bit.x265.HEVC.TrueHD.Atmos.7.1-PHOCiS/Season 03/Game.of.Thrones.S03E05.Kissed.by.Fire.2160p.BluRay.HDR10.10bit.x265.HEVC.TrueHD.Atmos.7.1-PHOCiS.mkv,286
1766002292,52,Game of Thrones S03E04 And Now His Watch Is Ended 4K,/mnt/my-zfs/mediarr/torrent/arch/Game.of.Thrones.2011.S01-S08.2160p.BluRay.HDR10.10bit.x265.HEVC.TrueHD.Atmos.7.1-PHOCiS/Season 03/Game.of.Thrones.S03E04.And.Now.His.Watch.Is.Ended.2160p.BluRay.HDR10.10bit.x265.HEVC.TrueHD.Atmos.7.1-PHOCiS.mkv,310
1766002292,40,Game of Thrones S03E01 Valar Dohaeris 4K,/mnt/my-zfs/mediarr/torrent/arch/Game.of.Thrones.2011.S01-S08.2160p.BluRay.HDR10.10bit.x265.HEVC.TrueHD.Atmos.7.1-PHOCiS/Season 03/Game.of.Thrones.S03E01.Valar.Dohaeris.2160p.BluRay.HDR10.10bit.x265.HEVC.TrueHD.Atmos.7.1-PHOCiS.mkv,286
1766002292,48,Game of Thrones S03E02 Dark Wings, Dark Words 4K,/mnt/my-zfs/mediarr/torrent/arch/Game.of.Thrones.2011.S01-S08.2160p.BluRay.HDR10.10bit.x265.HEVC.TrueHD.Atmos.7.1-PHOCiS/Season 03/Game.of.Thrones.S03E02.Dark.Wings,.Dark.Words.2160p.BluRay.HDR10.10bit.x265.HEVC.TrueHD.Atmos.7.1-PHOCiS.mkv,302
1766002293,37,Game of Thrones S03E08 Second Sons 4K,/mnt/my-zfs/mediarr/torrent/arch/Game.of.Thrones.2011.S01-S08.2160p.BluRay.HDR10.10bit.x265.HEVC.TrueHD.Atmos.7.1-PHOCiS/Season 03/Game.of.Thrones.S03E08.Second.Sons.2160p.BluRay.HDR10.10bit.x265.HEVC.TrueHD.Atmos.7.1-PHOCiS.mkv,280
1766002295,35,Game of Thrones S03E06 The Climb 4K,/mnt/my-zfs/mediarr/torrent/arch/Game.of.Thrones.2011.S01-S08.2160p.BluRay.HDR10.10bit.x265.HEVC.TrueHD.Atmos.7.1-PHOCiS/Season 03/Game.of.Thrones.S03E06.The.Climb.2160p.BluRay.HDR10.10bit.x265.HEVC.TrueHD.Atmos.7.1-PHOCiS.mkv,276
1766002307,54,Game of Thrones S03E07 The Bear and the Maiden Fair 4K,/mnt/my-zfs/mediarr/torrent/arch/Game.of.Thrones.2011.S01-S08.2160p.BluRay.HDR10.10bit.x265.HEVC.TrueHD.Atmos.7.1-PHOCiS/Season 03/Game.of.Thrones.S03E07.The.Bear.and.the.Maiden.Fair.2160p.BluRay.HDR10.10bit.x265.HEVC.TrueHD.Atmos.7.1-PHOCiS.mkv,314
1766002307,52,Game of Thrones S04E08 The Mountain and the Viper 4K,/mnt/my-zfs/mediarr/torrent/arch/Game.of.Thrones.2011.S01-S08.2160p.BluRay.HDR10.10bit.x265.HEVC.TrueHD.Atmos.7.1-PHOCiS/Season 04/Game.of.Thrones.S04E08.The.Mountain.and.the.Viper.2160p.BluRay.HDR10.10bit.x265.HEVC.TrueHD.Atmos.7.1-PHOCiS.mkv,310
1766002307,37,Game of Thrones S04E07 Mockingbird 4K,/mnt/my-zfs/mediarr/torrent/arch/Game.of.Thrones.2011.S01-S08.2160p.BluRay.HDR10.10bit.x265.HEVC.TrueHD.Atmos.7.1-PHOCiS/Season 04/Game.of.Thrones.S04E07.Mockingbird.2160p.BluRay.HDR10.10bit.x265.HEVC.TrueHD.Atmos.7.1-PHOCiS.mkv,280
1766002307,47,Game of Thrones S04E02 The Lion and the Rose 4K,/mnt/my-zfs/mediarr/torrent/arch/Game.of.Thrones.2011.S01-S08.2160p.BluRay.HDR10.10bit.x265.HEVC.TrueHD.Atmos.7.1-PHOCiS/Season 04/Game.of.Thrones.S04E02.The.Lion.and.the.Rose.2160p.BluRay.HDR10.10bit.x265.HEVC.TrueHD.Atmos.7.1-PHOCiS.mkv,300
1766002307,36,Game of Thrones S04E01 Two Swords 4K,/mnt/my-zfs/mediarr/torrent/arch/Game.of.Thrones.2011.S01-S08.2160p.BluRay.HDR10.10bit.x265.HEVC.TrueHD.Atmos.7.1-PHOCiS/Season 04/Game.of.Thrones.S04E01.Two.Swords.2160p.BluRay.HDR10.10bit.x265.HEVC.TrueHD.Atmos.7.1-PHOCiS.mkv,278
1766002307,38,Game of Thrones S04E10 The Children 4K,/mnt/my-zfs/mediarr/torrent/arch/Game.of.Thrones.2011.S01-S08.2160p.BluRay.HDR10.10bit.x265.HEVC.TrueHD.Atmos.7.1-PHOCiS/Season 04/Game.of.Thrones.S04E10.The.Children.2160p.BluRay.HDR10.10bit.x265.HEVC.TrueHD.Atmos.7.1-PHOCiS.mkv,282
1766002307,43,Game of Thrones S04E03 Breaker of Chains 4K,/mnt/my-zfs/mediarr/torrent/arch/Game.of.Thrones.2011.S01-S08.2160p.BluRay.HDR10.10bit.x265.HEVC.TrueHD.Atmos.7.1-PHOCiS/Season 04/Game.of.Thrones.S04E03.Breaker.of.Chains.2160p.BluRay.HDR10.10bit.x265.HEVC.TrueHD.Atmos.7.1-PHOCiS.mkv,292
1766002307,43,Game of Thrones S04E05 First of His Name 4K,/mnt/my-zfs/mediarr/torrent/arch/Game.of.Thrones.2011.S01-S08.2160p.BluRay.HDR10.10bit.x265.HEVC.TrueHD.Atmos.7.1-PHOCiS/Season 04/Game.of.Thrones.S04E05.First.of.His.Name.2160p.BluRay.HDR10.10bit.x265.HEVC.TrueHD.Atmos.7.1-PHOCiS.mkv,292
1766002322,45,Game of Thrones S07E03 The Queen's Justice 4K,/mnt/my-zfs/mediarr/torrent/arch/Game.of.Thrones.2011.S01-S08.2160p.BluRay.HDR10.10bit.x265.HEVC.TrueHD.Atmos.7.1-PHOCiS/Season 07/Game.of.Thrones.S07E03.The.Queen's.Justice.2160p.BluRay.HDR10.10bit.x265.HEVC.TrueHD.Atmos.7.1-PHOCiS.mkv,296
1766002322,50,Game of Thrones S04E09 The Watchers on the Wall 4K,/mnt/my-zfs/mediarr/torrent/arch/Game.of.Thrones.2011.S01-S08.2160p.BluRay.HDR10.10bit.x265.HEVC.TrueHD.Atmos.7.1-PHOCiS/Season 04/Game.of.Thrones.S04E09.The.Watchers.on.the.Wall.2160p.BluRay.HDR10.10bit.x265.HEVC.TrueHD.Atmos.7.1-PHOCiS.mkv,306
1766002323,41,Game of Thrones S07E06 Beyond the Wall 4K,/mnt/my-zfs/mediarr/torrent/arch/Game.of.Thrones.2011.S01-S08.2160p.BluRay.HDR10.10bit.x265.HEVC.TrueHD.Atmos.7.1-PHOCiS/Season 07/Game.of.Thrones.S07E06.Beyond.the.Wall.2160p.BluRay.HDR10.10bit.x265.HEVC.TrueHD.Atmos.7.1-PHOCiS.mkv,288
1766002323,37,Game of Thrones S07E01 Dragonstone 4K,/mnt/my-zfs/mediarr/torrent/arch/Game.of.Thrones.2011.S01-S08.2160p.BluRay.HDR10.10bit.x265.HEVC.TrueHD.Atmos.7.1-PHOCiS/Season 07/Game.of.Thrones.S07E01.Dragonstone.2160p.BluRay.HDR10.10bit.x265.HEVC.TrueHD.Atmos.7.1-PHOCiS.mkv,280
1766002323,50,Game of Thrones S04E06 The Laws of Gods and Men 4K,/mnt/my-zfs/mediarr/torrent/arch/Game.of.Thrones.2011.S01-S08.2160p.BluRay.HDR10.10bit.x265.HEVC.TrueHD.Atmos.7.1-PHOCiS/Season 04/Game.of.Thrones.S04E06.The.Laws.of.Gods.and.Men.2160p.BluRay.HDR10.10bit.x265.HEVC.TrueHD.Atmos.7.1-PHOCiS.mkv,306
1766002323,36,Game of Thrones S04E04 Oathkeeper 4K,/mnt/my-zfs/mediarr/torrent/arch/Game.of.Thrones.2011.S01-S08.2160p.BluRay.HDR10.10bit.x265.HEVC.TrueHD.Atmos.7.1-PHOCiS/Season 04/Game.of.Thrones.S04E04.Oathkeeper.2160p.BluRay.HDR10.10bit.x265.HEVC.TrueHD.Atmos.7.1-PHOCiS.mkv,278
1766002323,49,Game of Thrones S07E07 The Dragon and the Wolf 4K,/mnt/my-zfs/mediarr/torrent/arch/Game.of.Thrones.2011.S01-S08.2160p.BluRay.HDR10.10bit.x265.HEVC.TrueHD.Atmos.7.1-PHOCiS/Season 07/Game.of.Thrones.S07E07.The.Dragon.and.the.Wolf.2160p.BluRay.HDR10.10bit.x265.HEVC.TrueHD.Atmos.7.1-PHOCiS.mkv,304
1766002323,43,Game of Thrones S07E04 The Spoils of War 4K,/mnt/my-zfs/mediarr/torrent/arch/Game.of.Thrones.2011.S01-S08.2160p.BluRay.HDR10.10bit.x265.HEVC.TrueHD.Atmos.7.1-PHOCiS/Season 07/Game.of.Thrones.S07E04.The.Spoils.of.War.2160p.BluRay.HDR10.10bit.x265.HEVC.TrueHD.Atmos.7.1-PHOCiS.mkv,292
1766002337,35,Game of Thrones S07E05 Eastwatch 4K,/mnt/my-zfs/mediarr/torrent/arch/Game.of.Thrones.2011.S01-S08.2160p.BluRay.HDR10.10bit.x265.HEVC.TrueHD.Atmos.7.1-PHOCiS/Season 07/Game.of.Thrones.S07E05.Eastwatch.2160p.BluRay.HDR10.10bit.x265.HEVC.TrueHD.Atmos.7.1-PHOCiS.mkv,276
1766002337,18,After Hours (1985),/mnt/my-zfs/mediarr/torrent/arch/After Hours (1985) (2160p UHD BluRay x265 DV HDR DDP 1.0 English - DiscoD HONE).mkv,149
1766002337,35,Game of Thrones S07E02 Stormborn 4K,/mnt/my-zfs/mediarr/torrent/arch/Game.of.Thrones.2011.S01-S08.2160p.BluRay.HDR10.10bit.x265.HEVC.TrueHD.Atmos.7.1-PHOCiS/Season 07/Game.of.Thrones.S07E02.Stormborn.2160p.BluRay.HDR10.10bit.x265.HEVC.TrueHD.Atmos.7.1-PHOCiS.mkv,276
1766002339,23,Casino Royale (2006) DV,/mnt/my-zfs/mediarr/torrent/arch/Casino.Royale.2006.UHD.BluRay.2160p.DTS-HD.MA.5.1.DV.HEVC.REMUX-FraMeSToR/Casino.Royale.2006.UHD.BluRay.2160p.DTS-HD.MA.5.1.DV.HEVC.REMUX-FraMeSToR.mkv,222
1766002341,35,Serial Experiments Lain: 01 - Weird,/mnt/my-zfs/mediarr/torrent/arch/Serial Experiments Lain 1998 1080p BluRay FLAC 2.0 x264-Chotab/Serial Experiments Lain E01 Weird 1080p BluRay FLAC 2.0 x264-Chotab.mkv,217
1766002341,34,Serial Experiments Lain: 06 - Kids,/mnt/my-zfs/mediarr/torrent/arch/Serial Experiments Lain 1998 1080p BluRay FLAC 2.0 x264-Chotab/Serial Experiments Lain E06 Kids 1080p BluRay FLAC 2.0 x264-Chotab.mkv,215
1766002341,36,Serial Experiments Lain: 08 - Rumors,/mnt/my-zfs/mediarr/torrent/arch/Serial Experiments Lain 1998 1080p BluRay FLAC 2.0 x264-Chotab/Serial Experiments Lain E08 Rumors 1080p BluRay FLAC 2.0 x264-Chotab.mkv,219
1766002341,35,Serial Experiments Lain: 02 - Girls,/mnt/my-zfs/mediarr/torrent/arch/Serial Experiments Lain 1998 1080p BluRay FLAC 2.0 x264-Chotab/Serial Experiments Lain E02 Girls 1080p BluRay FLAC 2.0 x264-Chotab.mkv,217
1766002353,43,Serial Experiments Lain: 11 - Infornography,/mnt/my-zfs/mediarr/torrent/arch/Serial Experiments Lain 1998 1080p BluRay FLAC 2.0 x264-Chotab/Serial Experiments Lain E11 Infornography 1080p BluRay FLAC 2.0 x264-Chotab.mkv,233
1766002353,39,Serial Experiments Lain: 12 - Landscape,/mnt/my-zfs/mediarr/torrent/arch/Serial Experiments Lain 1998 1080p BluRay FLAC 2.0 x264-Chotab/Serial Experiments Lain E12 Landscape 1080p BluRay FLAC 2.0 x264-Chotab.mkv,225
1766002353,36,Serial Experiments Lain: 03 - Psyche,/mnt/my-zfs/mediarr/torrent/arch/Serial Experiments Lain 1998 1080p BluRay FLAC 2.0 x264-Chotab/Serial Experiments Lain E03 Psyche 1080p BluRay FLAC 2.0 x264-Chotab.mkv,219
1766002355,34,Serial Experiments Lain: 10 - Love,/mnt/my-zfs/mediarr/torrent/arch/Serial Experiments Lain 1998 1080p BluRay FLAC 2.0 x264-Chotab/Serial Experiments Lain E10 Love 1080p REPACK BluRay FLAC 2.0 x264-Chotab.mkv,222
1766002355,40,Serial Experiments Lain: 05 - Distortion,/mnt/my-zfs/mediarr/torrent/arch/Serial Experiments Lain 1998 1080p BluRay FLAC 2.0 x264-Chotab/Serial Experiments Lain E05 Distortion 1080p BluRay FLAC 2.0 x264-Chotab.mkv,227
1766002355,33,Serial Experiments Lain: 13 - Ego,/mnt/my-zfs/mediarr/torrent/arch/Serial Experiments Lain 1998 1080p BluRay FLAC 2.0 x264-Chotab/Serial Experiments Lain E13 Ego 1080p BluRay FLAC 2.0 x264-Chotab.mkv,213
1766002355,37,Serial Experiments Lain: 07 - Society,/mnt/my-zfs/mediarr/torrent/arch/Serial Experiments Lain 1998 1080p BluRay FLAC 2.0 x264-Chotab/Serial Experiments Lain E07 Society 1080p BluRay FLAC 2.0 x264-Chotab.mkv,221
1766002355,38,Serial Experiments Lain: 04 - Religion,/mnt/my-zfs/mediarr/torrent/arch/Serial Experiments Lain 1998 1080p BluRay FLAC 2.0 x264-Chotab/Serial Experiments Lain E04 Religion 1080p BluRay FLAC 2.0 x264-Chotab.mkv,223
1766002368,,,/mnt/my-zfs/mediarr/torrent/arch/Sinners.2025.REAPCK.2160p.WEB-DL.DDP5.1.Atmos.DV.HDR.H.265-WADU.mkv,113
1766002369,28,The Dark Knight Rises (2012),/mnt/my-zfs/mediarr/torrent/arch/The.Dark.Knight.Rises.2012.UHD.BluRay.2160p.DTS-HD.MA.5.1.DV.HEVC.HYBRID.REMUX-FraMeSToR/The.Dark.Knight.Rises.2012.UHD.BluRay.2160p.DTS-HD.MA.5.1.DV.HEVC.HYBRID.REMUX-FraMeSToR.mkv,257
1766002369,23,Eastern Promises (2007),/mnt/my-zfs/mediarr/torrent/arch/Eastern.Promises.2007.2160p.UHD.BluRay.REMUX.DV.HDR10Plus.HEVC.DTS-HD.MA.7.1-WiLDCAT.mkv,159
1766002369,27,Howl's Moving Castle (2004),/mnt/my-zfs/mediarr/torrent/arch/Howl's.Moving.Castle.2004.BluRay.1080p.DTS-HD.MA.5.1.AVC.REMUX-FraMeSToR.mkv,151
1766002369,38,Serial Experiments Lain: 09 - Protocol,/mnt/my-zfs/mediarr/torrent/arch/Serial Experiments Lain 1998 1080p BluRay FLAC 2.0 x264-Chotab/Serial Experiments Lain E09 Protocol 1080p BluRay FLAC 2.0 x264-Chotab.mkv,223
1766002373,66,Call & Response | Terror in Resonance / Zankyou no Terror - S01E02,/mnt/my-zfs/mediarr/torrent/arch/[Arid] Terror in Resonance [Dual-Audio][BDRip 1920x1080 Hi10 FLAC]/[Arid] Terror in Resonance - S01E02 (BDRip 1920x1080 Hi10 FLAC) [2948987B].mkv,259
1766002373,63,Highs & Lows | Terror in Resonance / Zankyou no Terror - S01E09,/mnt/my-zfs/mediarr/torrent/arch/[Arid] Terror in Resonance [Dual-Audio][BDRip 1920x1080 Hi10 FLAC]/[Arid] Terror in Resonance - S01E09 (BDRip 1920x1080 Hi10 FLAC) [D501FFD2].mkv,256
1766002373,63,My Fair Lady | Terror in Resonance / Zankyou no Terror - S01E08,/mnt/my-zfs/mediarr/torrent/arch/[Arid] Terror in Resonance [Dual-Audio][BDRip 1920x1080 Hi10 FLAC]/[Arid] Terror in Resonance - S01E08 (BDRip 1920x1080 Hi10 FLAC) [36D7C504].mkv,256
1766002386,58,Falling | Terror in Resonance / Zankyou no Terror - S01E01,/mnt/my-zfs/mediarr/torrent/arch/[Arid] Terror in Resonance [Dual-Audio][BDRip 1920x1080 Hi10 FLAC]/[Arid] Terror in Resonance - S01E01 (BDRip 1920x1080 Hi10 FLAC) [4719F17A].mkv,251
1766002386,64,Break Through | Terror in Resonance / Zankyou no Terror - S01E04,/mnt/my-zfs/mediarr/torrent/arch/[Arid] Terror in Resonance [Dual-Audio][BDRip 1920x1080 Hi10 FLAC]/[Arid] Terror in Resonance - S01E04 (BDRip 1920x1080 Hi10 FLAC) [3F539C02].mkv,257
1766002388,62,Hide & Seek | Terror in Resonance / Zankyou no Terror - S01E05,/mnt/my-zfs/mediarr/torrent/arch/[Arid] Terror in Resonance [Dual-Audio][BDRip 1920x1080 Hi10 FLAC]/[Arid] Terror in Resonance - S01E05 (BDRip 1920x1080 Hi10 FLAC) [4B6EB2F6].mkv,255
1766002390,67,Search & Destroy | Terror in Resonance / Zankyou no Terror - S01E03,/mnt/my-zfs/mediarr/torrent/arch/[Arid] Terror in Resonance [Dual-Audio][BDRip 1920x1080 Hi10 FLAC]/[Arid] Terror in Resonance - S01E03 (BDRip 1920x1080 Hi10 FLAC) [3F7264A4].mkv,260
1766002390,56,Deuce | Terror in Resonance / Zankyou no Terror - S01E07,/mnt/my-zfs/mediarr/torrent/arch/[Arid] Terror in Resonance [Dual-Audio][BDRip 1920x1080 Hi10 FLAC]/[Arid] Terror in Resonance - S01E07 (BDRip 1920x1080 Hi10 FLAC) [6D0F5ACE].mkv,249
1766002390,54,VON | Terror in Resonance / Zankyou no Terror - S01E11,/mnt/my-zfs/mediarr/torrent/arch/[Arid] Terror in Resonance [Dual-Audio][BDRip 1920x1080 Hi10 FLAC]/[Arid] Terror in Resonance - S01E11 (BDRip 1920x1080 Hi10 FLAC) [E1BCD4B3].mkv,247
1766002390,63,Ready or Not | Terror in Resonance / Zankyou no Terror - S01E06,/mnt/my-zfs/mediarr/torrent/arch/[Arid] Terror in Resonance [Dual-Audio][BDRip 1920x1080 Hi10 FLAC]/[Arid] Terror in Resonance - S01E06 (BDRip 1920x1080 Hi10 FLAC) [0FE3E2A2].mkv,256
1766002390,65,Helter Skelter | Terror in Resonance / Zankyou no Terror - S01E10,/mnt/my-zfs/mediarr/torrent/arch/[Arid] Terror in Resonance [Dual-Audio][BDRip 1920x1080 Hi10 FLAC]/[Arid] Terror in Resonance - S01E10 (BDRip 1920x1080 Hi10 FLAC) [03F486F5].mkv,258
1766002397,20,F1: The Movie (2025),/mnt/my-zfs/mediarr/torrent/arch/F1.The.Movie.2025.2160p.UHD.Blu-ray.Remux.DV.HDR.HEVC.TrueHD.Atmos.7.1-CiNEPHiLES.mkv,153
1766002398,,,/mnt/my-zfs/mediarr/torrent/arch/Sidewalls.2011.720p.WEB-RE.X264-WEBiOS [PublicHD]/Sidewalls.2011.720p.WEB-RE.X264-WEBiOS.mkv,138
1766002399,,,/mnt/my-zfs/mediarr/torrent/arch/Tash.Ma.Tash.1993.2011.S01.S18.720p.SHAHID.WEB-DL.AAC2.0.H264/Season 11/Tash.S11E13.720p.SHAHID.WEB-DL.AAC2.0.H.264-Turab.mkv,171
1766002399,,,/mnt/my-zfs/mediarr/torrent/arch/Tash.Ma.Tash.1993.2011.S01.S18.720p.SHAHID.WEB-DL.AAC2.0.H264/Season 11/Tash.S11E14.720p.SHAHID.WEB-DL.AAC2.0.H.264-Turab.mkv,171
1766002399,,,/mnt/my-zfs/mediarr/torrent/arch/Tash.Ma.Tash.1993.2011.S01.S18.720p.SHAHID.WEB-DL.AAC2.0.H264/Season 11/Tash.S11E03.720p.SHAHID.WEB-DL.AAC2.0.H.264-Turab.mkv,171
1766002399,,,/mnt/my-zfs/mediarr/torrent/arch/Tash.Ma.Tash.1993.2011.S01.S18.720p.SHAHID.WEB-DL.AAC2.0.H264/Season 11/Tash.S11E04.720p.SHAHID.WEB-DL.AAC2.0.H.264-Turab.mkv,171
1766002399,,,/mnt/my-zfs/mediarr/torrent/arch/Tash.Ma.Tash.1993.2011.S01.S18.720p.SHAHID.WEB-DL.AAC2.0.H264/Season 11/Tash.S11E02.720p.SHAHID.WEB-DL.AAC2.0.H.264-Turab.mkv,171
1766002399,,,/mnt/my-zfs/mediarr/torrent/arch/Tash.Ma.Tash.1993.2011.S01.S18.720p.SHAHID.WEB-DL.AAC2.0.H264/Season 11/Tash.S11E12.720p.SHAHID.WEB-DL.AAC2.0.H.264-Turab.mkv,171
1766002413,,,/mnt/my-zfs/mediarr/torrent/arch/Tash.Ma.Tash.1993.2011.S01.S18.720p.SHAHID.WEB-DL.AAC2.0.H264/Season 11/Tash.S11E15.720p.SHAHID.WEB-DL.AAC2.0.H.264-Turab.mkv,171
1766002414,,,/mnt/my-zfs/mediarr/torrent/arch/Tash.Ma.Tash.1993.2011.S01.S18.720p.SHAHID.WEB-DL.AAC2.0.H264/Season 11/Tash.S11E05.720p.SHAHID.WEB-DL.AAC2.0.H.264-Turab.mkv,171
1766002414,,,/mnt/my-zfs/mediarr/torrent/arch/Tash.Ma.Tash.1993.2011.S01.S18.720p.SHAHID.WEB-DL.AAC2.0.H264/Season 11/Tash.S11E16.720p.SHAHID.WEB-DL.AAC2.0.H.264-Turab.mkv,171
1766002414,,,/mnt/my-zfs/mediarr/torrent/arch/Tash.Ma.Tash.1993.2011.S01.S18.720p.SHAHID.WEB-DL.AAC2.0.H264/Season 11/Tash.S11E09.720p.SHAHID.WEB-DL.AAC2.0.H.264-Turab.mkv,171
1766002414,,,/mnt/my-zfs/mediarr/torrent/arch/Tash.Ma.Tash.1993.2011.S01.S18.720p.SHAHID.WEB-DL.AAC2.0.H264/Season 11/Tash.S11E01.720p.SHAHID.WEB-DL.AAC2.0.H.264-Turab.mkv,171
1766002414,,,/mnt/my-zfs/mediarr/torrent/arch/Tash.Ma.Tash.1993.2011.S01.S18.720p.SHAHID.WEB-DL.AAC2.0.H264/Season 11/Tash.S11E11.720p.SHAHID.WEB-DL.AAC2.0.H.264-Turab.mkv,171
1766002414,,,/mnt/my-zfs/mediarr/torrent/arch/Tash.Ma.Tash.1993.2011.S01.S18.720p.SHAHID.WEB-DL.AAC2.0.H264/Season 11/Tash.S11E06.720p.SHAHID.WEB-DL.AAC2.0.H.264-Turab.mkv,171
1766002415,,,/mnt/my-zfs/mediarr/torrent/arch/Tash.Ma.Tash.1993.2011.S01.S18.720p.SHAHID.WEB-DL.AAC2.0.H264/Season 11/Tash.S11E19.720p.SHAHID.WEB-DL.AAC2.0.H.264-Turab.mkv,171
1766002428,,,/mnt/my-zfs/mediarr/torrent/arch/Tash.Ma.Tash.1993.2011.S01.S18.720p.SHAHID.WEB-DL.AAC2.0.H264/Season 11/Tash.S11E17.720p.SHAHID.WEB-DL.AAC2.0.H.264-Turab.mkv,171
1766002429,,,/mnt/my-zfs/mediarr/torrent/arch/Tash.Ma.Tash.1993.2011.S01.S18.720p.SHAHID.WEB-DL.AAC2.0.H264/Season 16/Tash.S16E06.720p.SHAHID.WEB-DL.AAC2.0.H.264-Turab.mkv,171
1766002429,,,/mnt/my-zfs/mediarr/torrent/arch/Tash.Ma.Tash.1993.2011.S01.S18.720p.SHAHID.WEB-DL.AAC2.0.H264/Season 11/Tash.S11E07.720p.SHAHID.WEB-DL.AAC2.0.H.264-Turab.mkv,171
1766002429,,,/mnt/my-zfs/mediarr/torrent/arch/Tash.Ma.Tash.1993.2011.S01.S18.720p.SHAHID.WEB-DL.AAC2.0.H264/Season 11/Tash.S11E08.720p.SHAHID.WEB-DL.AAC2.0.H.264-Turab.mkv,171
1766002430,,,/mnt/my-zfs/mediarr/torrent/arch/Tash.Ma.Tash.1993.2011.S01.S18.720p.SHAHID.WEB-DL.AAC2.0.H264/Season 16/Tash.S16E21.720p.SHAHID.WEB-DL.AAC2.0.H.264-Turab.mkv,171
1766002430,,,/mnt/my-zfs/mediarr/torrent/arch/Tash.Ma.Tash.1993.2011.S01.S18.720p.SHAHID.WEB-DL.AAC2.0.H264/Season 11/Tash.S11E10.720p.SHAHID.WEB-DL.AAC2.0.H.264-Turab.mkv,171
1766002430,,,/mnt/my-zfs/mediarr/torrent/arch/Tash.Ma.Tash.1993.2011.S01.S18.720p.SHAHID.WEB-DL.AAC2.0.H264/Season 11/Tash.S11E18.720p.SHAHID.WEB-DL.AAC2.0.H.264-Turab.mkv,171
1766002430,,,/mnt/my-zfs/mediarr/torrent/arch/Tash.Ma.Tash.1993.2011.S01.S18.720p.SHAHID.WEB-DL.AAC2.0.H264/Season 16/Tash.S16E16.720p.SHAHID.WEB-DL.AAC2.0.H.264-Turab.mkv,171
1766002442,,,/mnt/my-zfs/mediarr/torrent/arch/Tash.Ma.Tash.1993.2011.S01.S18.720p.SHAHID.WEB-DL.AAC2.0.H264/Season 16/Tash.S16E09.720p.SHAHID.WEB-DL.AAC2.0.H.264-Turab.mkv,171
1766002443,,,/mnt/my-zfs/mediarr/torrent/arch/Tash.Ma.Tash.1993.2011.S01.S18.720p.SHAHID.WEB-DL.AAC2.0.H264/Season 16/Tash.S16E11.720p.SHAHID.WEB-DL.AAC2.0.H.264-Turab.mkv,171
1766002444,,,/mnt/my-zfs/mediarr/torrent/arch/Tash.Ma.Tash.1993.2011.S01.S18.720p.SHAHID.WEB-DL.AAC2.0.H264/Season 16/Tash.S16E26.720p.SHAHID.WEB-DL.AAC2.0.H.264-Turab.mkv,171
1766002444,,,/mnt/my-zfs/mediarr/torrent/arch/Tash.Ma.Tash.1993.2011.S01.S18.720p.SHAHID.WEB-DL.AAC2.0.H264/Season 16/Tash.S16E19.720p.SHAHID.WEB-DL.AAC2.0.H.264-Turab.mkv,171
1766002444,,,/mnt/my-zfs/mediarr/torrent/arch/Tash.Ma.Tash.1993.2011.S01.S18.720p.SHAHID.WEB-DL.AAC2.0.H264/Season 16/Tash.S16E01.720p.SHAHID.WEB-DL.AAC2.0.H.264-Turab.mkv,171
1766002445,,,/mnt/my-zfs/mediarr/torrent/arch/Tash.Ma.Tash.1993.2011.S01.S18.720p.SHAHID.WEB-DL.AAC2.0.H264/Season 16/Tash.S16E20.720p.SHAHID.WEB-DL.AAC2.0.H.264-Turab.mkv,171
1766002445,,,/mnt/my-zfs/mediarr/torrent/arch/Tash.Ma.Tash.1993.2011.S01.S18.720p.SHAHID.WEB-DL.AAC2.0.H264/Season 16/Tash.S16E17.720p.SHAHID.WEB-DL.AAC2.0.H.264-Turab.mkv,171
1766002445,,,/mnt/my-zfs/mediarr/torrent/arch/Tash.Ma.Tash.1993.2011.S01.S18.720p.SHAHID.WEB-DL.AAC2.0.H264/Season 16/Tash.S16E07.720p.SHAHID.WEB-DL.AAC2.0.H.264-Turab.mkv,171
1766002458,,,/mnt/my-zfs/mediarr/torrent/arch/Tash.Ma.Tash.1993.2011.S01.S18.720p.SHAHID.WEB-DL.AAC2.0.H264/Season 16/Tash.S16E18.720p.SHAHID.WEB-DL.AAC2.0.H.264-Turab.mkv,171
1766002459,,,/mnt/my-zfs/mediarr/torrent/arch/Tash.Ma.Tash.1993.2011.S01.S18.720p.SHAHID.WEB-DL.AAC2.0.H264/Season 16/Tash.S16E10.720p.SHAHID.WEB-DL.AAC2.0.H.264-Turab.mkv,171
1766002459,,,/mnt/my-zfs/mediarr/torrent/arch/Tash.Ma.Tash.1993.2011.S01.S18.720p.SHAHID.WEB-DL.AAC2.0.H264/Season 16/Tash.S16E08.720p.SHAHID.WEB-DL.AAC2.0.H.264-Turab.mkv,171
1766002459,,,/mnt/my-zfs/mediarr/torrent/arch/Tash.Ma.Tash.1993.2011.S01.S18.720p.SHAHID.WEB-DL.AAC2.0.H264/Season 16/Tash.S16E27.720p.SHAHID.WEB-DL.AAC2.0.H.264-Turab.mkv,171
1766002460,,,/mnt/my-zfs/mediarr/torrent/arch/Tash.Ma.Tash.1993.2011.S01.S18.720p.SHAHID.WEB-DL.AAC2.0.H264/Season 16/Tash.S16E13.720p.SHAHID.WEB-DL.AAC2.0.H.264-Turab.mkv,171
1766002460,,,/mnt/my-zfs/mediarr/torrent/arch/Tash.Ma.Tash.1993.2011.S01.S18.720p.SHAHID.WEB-DL.AAC2.0.H264/Season 16/Tash.S16E24.720p.SHAHID.WEB-DL.AAC2.0.H.264-Turab.mkv,171
1766002460,,,/mnt/my-zfs/mediarr/torrent/arch/Tash.Ma.Tash.1993.2011.S01.S18.720p.SHAHID.WEB-DL.AAC2.0.H264/Season 16/Tash.S16E03.720p.SHAHID.WEB-DL.AAC2.0.H.264-Turab.mkv,171
1766002460,,,/mnt/my-zfs/mediarr/torrent/arch/Tash.Ma.Tash.1993.2011.S01.S18.720p.SHAHID.WEB-DL.AAC2.0.H264/Season 16/Tash.S16E04.720p.SHAHID.WEB-DL.AAC2.0.H.264-Turab.mkv,171
1766002473,,,/mnt/my-zfs/mediarr/torrent/arch/Tash.Ma.Tash.1993.2011.S01.S18.720p.SHAHID.WEB-DL.AAC2.0.H264/Season 16/Tash.S16E14.720p.SHAHID.WEB-DL.AAC2.0.H.264-Turab.mkv,171
1766002474,,,/mnt/my-zfs/mediarr/torrent/arch/Tash.Ma.Tash.1993.2011.S01.S18.720p.SHAHID.WEB-DL.AAC2.0.H264/Season 16/Tash.S16E23.720p.SHAHID.WEB-DL.AAC2.0.H.264-Turab.mkv,171
1766002474,,,/mnt/my-zfs/mediarr/torrent/arch/Tash.Ma.Tash.1993.2011.S01.S18.720p.SHAHID.WEB-DL.AAC2.0.H264/Season 16/Tash.S16E02.720p.SHAHID.WEB-DL.AAC2.0.H.264-Turab.mkv,171
1766002474,,,/mnt/my-zfs/mediarr/torrent/arch/Tash.Ma.Tash.1993.2011.S01.S18.720p.SHAHID.WEB-DL.AAC2.0.H264/Season 16/Tash.S16E25.720p.SHAHID.WEB-DL.AAC2.0.H.264-Turab.mkv,171
1766002475,,,/mnt/my-zfs/mediarr/torrent/arch/Tash.Ma.Tash.1993.2011.S01.S18.720p.SHAHID.WEB-DL.AAC2.0.H264/Season 16/Tash.S16E15.720p.SHAHID.WEB-DL.AAC2.0.H.264-Turab.mkv,171
1766002475,,,/mnt/my-zfs/mediarr/torrent/arch/Tash.Ma.Tash.1993.2011.S01.S18.720p.SHAHID.WEB-DL.AAC2.0.H264/Season 16/Tash.S16E12.720p.SHAHID.WEB-DL.AAC2.0.H.264-Turab.mkv,171
1766002475,,,/mnt/my-zfs/mediarr/torrent/arch/Tash.Ma.Tash.1993.2011.S01.S18.720p.SHAHID.WEB-DL.AAC2.0.H264/Season 16/Tash.S16E22.720p.SHAHID.WEB-DL.AAC2.0.H.264-Turab.mkv,171
1766002475,,,/mnt/my-zfs/mediarr/torrent/arch/Tash.Ma.Tash.1993.2011.S01.S18.720p.SHAHID.WEB-DL.AAC2.0.H264/Season 16/Tash.S16E05.720p.SHAHID.WEB-DL.AAC2.0.H.264-Turab.mkv,171
1766002488,,,/mnt/my-zfs/mediarr/torrent/arch/Tash.Ma.Tash.1993.2011.S01.S18.720p.SHAHID.WEB-DL.AAC2.0.H264/Season 7/Tash.S07E20.720p.SHAHID.WEB-DL.AAC2.0.H.264-Turab.mkv,170
1766002490,,,/mnt/my-zfs/mediarr/torrent/arch/Tash.Ma.Tash.1993.2011.S01.S18.720p.SHAHID.WEB-DL.AAC2.0.H264/Season 7/Tash.S07E17.720p.SHAHID.WEB-DL.AAC2.0.H.264-Turab.mkv,170
1766002490,,,/mnt/my-zfs/mediarr/torrent/arch/Tash.Ma.Tash.1993.2011.S01.S18.720p.SHAHID.WEB-DL.AAC2.0.H264/Season 7/Tash.S07E07.720p.SHAHID.WEB-DL.AAC2.0.H.264-Turab.mkv,170
1766002490,,,/mnt/my-zfs/mediarr/torrent/arch/Tash.Ma.Tash.1993.2011.S01.S18.720p.SHAHID.WEB-DL.AAC2.0.H264/Season 7/Tash.S07E18.720p.SHAHID.WEB-DL.AAC2.0.H.264-Turab.mkv,170
1766002490,,,/mnt/my-zfs/mediarr/torrent/arch/Tash.Ma.Tash.1993.2011.S01.S18.720p.SHAHID.WEB-DL.AAC2.0.H264/Season 7/Tash.S07E10.720p.SHAHID.WEB-DL.AAC2.0.H.264-Turab.mkv,170
1766002490,,,/mnt/my-zfs/mediarr/torrent/arch/Tash.Ma.Tash.1993.2011.S01.S18.720p.SHAHID.WEB-DL.AAC2.0.H264/Season 7/Tash.S07E08.720p.SHAHID.WEB-DL.AAC2.0.H.264-Turab.mkv,170
1766002491,,,/mnt/my-zfs/mediarr/torrent/arch/Tash.Ma.Tash.1993.2011.S01.S18.720p.SHAHID.WEB-DL.AAC2.0.H264/Season 7/Tash.S07E06.720p.SHAHID.WEB-DL.AAC2.0.H.264-Turab.mkv,170
1766002491,,,/mnt/my-zfs/mediarr/torrent/arch/Tash.Ma.Tash.1993.2011.S01.S18.720p.SHAHID.WEB-DL.AAC2.0.H264/Season 7/Tash.S07E21.720p.SHAHID.WEB-DL.AAC2.0.H.264-Turab.mkv,170
1766002556,25,キュア AKA Cure (1997),/mnt/my-zfs/mediarr/torrent/arch/Cure.1997.REPACK.UHD.BluRay.Remux.2160p.DV.HDR.HEVC.FLAC.2.0-ZQ.mkv,140
1766002569,,,/mnt/my-zfs/mediarr/torrent/arch/[ASW] Dandadan - 18 [1080p HEVC][0B9ED491].mkv,92
1766002624,,,/mnt/my-zfs/mediarr/torrent/arch/Adolescence S01 2025 2160p NF WEB-DL DDP5 1 Atmos DV H 265-HHWEB/Adolescence S01E01 2025 2160p NF WEB-DL DDP5 1 Atmos DV H 265-HHWEB.mkv,182
1766002624,,,/mnt/my-zfs/mediarr/torrent/arch/Adolescence S01 2025 2160p NF WEB-DL DDP5 1 Atmos DV H 265-HHWEB/Adolescence S01E02 2025 2160p NF WEB-DL DDP5 1 Atmos DV H 265-HHWEB.mkv,182
1766002624,31,2001: A Space Odyssey (1968) 4k,/mnt/my-zfs/mediarr/torrent/arch/2001.A.Space.Odyssey.1968.PROPER.UHD.BluRay.2160p.DTS-HD.MA.5.1.DV.HEVC.REMUX-FraMeSToR.mkv,170
1766002624,,,/mnt/my-zfs/mediarr/torrent/arch/Adolescence S01 2025 2160p NF WEB-DL DDP5 1 Atmos DV H 265-HHWEB/Adolescence S01E03 2025 2160p NF WEB-DL DDP5 1 Atmos DV H 265-HHWEB.mkv,182
1766002720,12,Red fraction,/mnt/my-zfs/mediarr/torrent/arch/[Anime Time] Black Lagoon (Complete Series) (Season 01+02+03+OST) [BD] [Dual Audio] [1080p][HEVC 10bit x265][AAC][Eng Sub]/NCOP and NCED/[Anime Time] Black Lagoon OP 01 - Red Fraction.mkv,247
1766002720,17,Don't Look Behind,/mnt/my-zfs/mediarr/torrent/arch/[Anime Time] Black Lagoon (Complete Series) (Season 01+02+03+OST) [BD] [Dual Audio] [1080p][HEVC 10bit x265][AAC][Eng Sub]/NCOP and NCED/[Anime Time] Black Lagoon ED 01  - Don't Look Behind.mkv,258
1766002720,31,2001: A Space Odyssey (1968) 4k,/mnt/my-zfs/mediarr/torrent/arch/2001.A.Space.Odyssey.1968.PROPER.UHD.BluRay.2160p.DTS-HD.MA.5.1.DV.HEVC.REMUX-FraMeSToR.mkv,170
1766002720,,,/mnt/my-zfs/mediarr/torrent/arch/Adolescence S01 2025 2160p NF WEB-DL DDP5 1 Atmos DV H 265-HHWEB/Adolescence S01E03 2025 2160p NF WEB-DL DDP5 1 Atmos DV H 265-HHWEB.mkv,182
1766002720,,,/mnt/my-zfs/mediarr/torrent/arch/Adolescence S01 2025 2160p NF WEB-DL DDP5 1 Atmos DV H 265-HHWEB/Adolescence S01E02 2025 2160p NF WEB-DL DDP5 1 Atmos DV H 265-HHWEB.mkv,182
1766002720,,,/mnt/my-zfs/mediarr/torrent/arch/Adolescence S01 2025 2160p NF WEB-DL DDP5 1 Atmos DV H 265-HHWEB/Adolescence S01E01 2025 2160p NF WEB-DL DDP5 1 Atmos DV H 265-HHWEB.mkv,182
1766002721,18,After Hours (1985),/mnt/my-zfs/mediarr/torrent/arch/After Hours (1985) (2160p UHD BluRay x265 DV HDR DDP 1.0 English - DiscoD HONE).mkv,149
1766002722,,,/mnt/my-zfs/mediarr/torrent/arch/[Anime Time] Black Lagoon (Complete Series) (Season 01+02+03+OST) [BD] [Dual Audio] [1080p][HEVC 10bit x265][AAC][Eng Sub]/Season 1/[Anime Time] Black Lagoon - 002 - Mangrove Heaven.mkv,231
1766002722,,,/mnt/my-zfs/mediarr/torrent/arch/[Anime Time] Black Lagoon (Complete Series) (Season 01+02+03+OST) [BD] [Dual Audio] [1080p][HEVC 10bit x265][AAC][Eng Sub]/Season 1/[Anime Time] Black Lagoon - 001 - The Black Lagoon.mkv,232
1766002722,,,/mnt/my-zfs/mediarr/torrent/arch/[Anime Time] Black Lagoon (Complete Series) (Season 01+02+03+OST) [BD] [Dual Audio] [1080p][HEVC 10bit x265][AAC][Eng Sub]/Season 1/[Anime Time] Black Lagoon - 003 - Ring-Ding Ship Chase.mkv,236
1766002722,,,/mnt/my-zfs/mediarr/torrent/arch/[Anime Time] Black Lagoon (Complete Series) (Season 01+02+03+OST) [BD] [Dual Audio] [1080p][HEVC 10bit x265][AAC][Eng Sub]/Season 1/[Anime Time] Black Lagoon - 004 - Die Ruckkehr Des Adlers.mkv,239
1766002722,,,/mnt/my-zfs/mediarr/torrent/arch/Adolescence S01 2025 2160p NF WEB-DL DDP5 1 Atmos DV H 265-HHWEB/Adolescence S01E04 2025 2160p NF WEB-DL DDP5 1 Atmos DV H 265-HHWEB.mkv,182
1766002746,,,/mnt/my-zfs/mediarr/torrent/arch/[Anime Time] Black Lagoon (Complete Series) (Season 01+02+03+OST) [BD] [Dual Audio] [1080p][HEVC 10bit x265][AAC][Eng Sub]/Season 1/[Anime Time] Black Lagoon - 006 - Moonlit Hunting Grounds.mkv,239
1766002746,,,/mnt/my-zfs/mediarr/torrent/arch/[Anime Time] Black Lagoon (Complete Series) (Season 01+02+03+OST) [BD] [Dual Audio] [1080p][HEVC 10bit x265][AAC][Eng Sub]/Season 1/[Anime Time] Black Lagoon - 005 - Eagle Hunting And Hunting Eagles.mkv,248
1766002747,,,/mnt/my-zfs/mediarr/torrent/arch/[Anime Time] Black Lagoon (Complete Series) (Season 01+02+03+OST) [BD] [Dual Audio] [1080p][HEVC 10bit x265][AAC][Eng Sub]/Season 2 The Second Barrage/[Anime Time] Black Lagoon - 014 - Bloodsport Fairytale.mkv,255
1766002747,,,/mnt/my-zfs/mediarr/torrent/arch/[Anime Time] Black Lagoon (Complete Series) (Season 01+02+03+OST) [BD] [Dual Audio] [1080p][HEVC 10bit x265][AAC][Eng Sub]/Season 2 The Second Barrage/[Anime Time] Black Lagoon - 013 - The Vampire Twins Comen.mkv,258
1766002747,,,/mnt/my-zfs/mediarr/torrent/arch/[Anime Time] Black Lagoon (Complete Series) (Season 01+02+03+OST) [BD] [Dual Audio] [1080p][HEVC 10bit x265][AAC][Eng Sub]/Season 2 The Second Barrage/[Anime Time] Black Lagoon - 015 - Swan Song At Dawn.mkv,252
1766002747,,,/mnt/my-zfs/mediarr/torrent/arch/[Anime Time] Black Lagoon (Complete Series) (Season 01+02+03+OST) [BD] [Dual Audio] [1080p][HEVC 10bit x265][AAC][Eng Sub]/Season 1/[Anime Time] Black Lagoon - 008 - Rasta Blasta.mkv,228
1766002748,,,/mnt/my-zfs/mediarr/torrent/arch/[Anime Time] Black Lagoon (Complete Series) (Season 01+02+03+OST) [BD] [Dual Audio] [1080p][HEVC 10bit x265][AAC][Eng Sub]/Season 2 The Second Barrage/[Anime Time] Black Lagoon - 016 - Greenback Jane.mkv,249
1766002748,,,/mnt/my-zfs/mediarr/torrent/arch/[Anime Time] Black Lagoon (Complete Series) (Season 01+02+03+OST) [BD] [Dual Audio] [1080p][HEVC 10bit x265][AAC][Eng Sub]/Season 1/[Anime Time] Black Lagoon - 007 - Calm Down Two Men.mkv,233
1766002748,,,/mnt/my-zfs/mediarr/torrent/arch/[Anime Time] Black Lagoon (Complete Series) (Season 01+02+03+OST) [BD] [Dual Audio] [1080p][HEVC 10bit x265][AAC][Eng Sub]/Season 1/[Anime Time] Black Lagoon - 009 - Maid To Kill.mkv,228
1766002748,,,/mnt/my-zfs/mediarr/torrent/arch/[Anime Time] Black Lagoon (Complete Series) (Season 01+02+03+OST) [BD] [Dual Audio] [1080p][HEVC 10bit x265][AAC][Eng Sub]/Season 1/[Anime Time] Black Lagoon  -011 - Lockn Load Revolution.mkv,237
1766002748,,,/mnt/my-zfs/mediarr/torrent/arch/[Anime Time] Black Lagoon (Complete Series) (Season 01+02+03+OST) [BD] [Dual Audio] [1080p][HEVC 10bit x265][AAC][Eng Sub]/Season 1/[Anime Time] Black Lagoon - 012 - Guerrillas In The Jungle.mkv,240
1766002748,,,/mnt/my-zfs/mediarr/torrent/arch/[Anime Time] Black Lagoon (Complete Series) (Season 01+02+03+OST) [BD] [Dual Audio] [1080p][HEVC 10bit x265][AAC][Eng Sub]/Season 1/[Anime Time] Black Lagoon - 010 - The Unstoppable Chambermaid.mkv,243
1766002772,,,/mnt/my-zfs/mediarr/torrent/arch/[Anime Time] Black Lagoon (Complete Series) (Season 01+02+03+OST) [BD] [Dual Audio] [1080p][HEVC 10bit x265][AAC][Eng Sub]/Season 2 The Second Barrage/[Anime Time] Black Lagoon - 018 - Mr Bennys Good Fortune.mkv,257
1766002772,,,/mnt/my-zfs/mediarr/torrent/arch/[Anime Time] Black Lagoon (Complete Series) (Season 01+02+03+OST) [BD] [Dual Audio] [1080p][HEVC 10bit x265][AAC][Eng Sub]/Season 2 The Second Barrage/[Anime Time] Black Lagoon - 017 - The Roanapur Freakshow Circus.mkv,264
1766002772,,,/mnt/my-zfs/mediarr/torrent/arch/[Anime Time] Black Lagoon (Complete Series) (Season 01+02+03+OST) [BD] [Dual Audio] [1080p][HEVC 10bit x265][AAC][Eng Sub]/Season 2 The Second Barrage/[Anime Time] Black Lagoon - 019 - Fujiyama Gangsta Paradise.mkv,260
1766002773,,,/mnt/my-zfs/mediarr/torrent/arch/[Anime Time] Black Lagoon (Complete Series) (Season 01+02+03+OST) [BD] [Dual Audio] [1080p][HEVC 10bit x265][AAC][Eng Sub]/Season 2 The Second Barrage/[Anime Time] Black Lagoon - 021 - Two Fathers Little Soldier Girls.mkv,267
1766002773,,,/mnt/my-zfs/mediarr/torrent/arch/[Anime Time] Black Lagoon (Complete Series) (Season 01+02+03+OST) [BD] [Dual Audio] [1080p][HEVC 10bit x265][AAC][Eng Sub]/Season 2 The Second Barrage/[Anime Time] Black Lagoon - 022 - The Dark Tower.mkv,249
1766002773,,,/mnt/my-zfs/mediarr/torrent/arch/[Anime Time] Black Lagoon (Complete Series) (Season 01+02+03+OST) [BD] [Dual Audio] [1080p][HEVC 10bit x265][AAC][Eng Sub]/Season 2 The Second Barrage/[Anime Time] Black Lagoon - 023 - Snow Whites Payback.mkv,254
1766002773,,,/mnt/my-zfs/mediarr/torrent/arch/[Anime Time] Black Lagoon (Complete Series) (Season 01+02+03+OST) [BD] [Dual Audio] [1080p][HEVC 10bit x265][AAC][Eng Sub]/Season 3 Roberta's Blood Trail/[Anime Time] Black Lagoon - 027 - Angels In The Crosshairs.mkv,262
1766002773,,,/mnt/my-zfs/mediarr/torrent/arch/[Anime Time] Black Lagoon (Complete Series) (Season 01+02+03+OST) [BD] [Dual Audio] [1080p][HEVC 10bit x265][AAC][Eng Sub]/Season 3 Roberta's Blood Trail/[Anime Time] Black Lagoon - 026 - An Office Man's Tactics.mkv,261
1766002773,,,/mnt/my-zfs/mediarr/torrent/arch/[Anime Time] Black Lagoon (Complete Series) (Season 01+02+03+OST) [BD] [Dual Audio] [1080p][HEVC 10bit x265][AAC][Eng Sub]/Season 3 Roberta's Blood Trail/[Anime Time] Black Lagoon - 025 - Collateral Massacre.mkv,257
1766002773,,,/mnt/my-zfs/mediarr/torrent/arch/[Anime Time] Black Lagoon (Complete Series) (Season 01+02+03+OST) [BD] [Dual Audio] [1080p][HEVC 10bit x265][AAC][Eng Sub]/Season 2 The Second Barrage/[Anime Time] Black Lagoon - 020 - The Succession.mkv,249
1766002773,,,/mnt/my-zfs/mediarr/torrent/arch/[Anime Time] Black Lagoon (Complete Series) (Season 01+02+03+OST) [BD] [Dual Audio] [1080p][HEVC 10bit x265][AAC][Eng Sub]/Season 2 The Second Barrage/[Anime Time] Black Lagoon - 024 - The Gunslingers.mkv,250
1766002773,,,/mnt/my-zfs/mediarr/torrent/arch/[Anime Time] Black Lagoon (Complete Series) (Season 01+02+03+OST) [BD] [Dual Audio] [1080p][HEVC 10bit x265][AAC][Eng Sub]/Season 3 Roberta's Blood Trail/[Anime Time] Black Lagoon - 028 - Oversaturation Kill Box.mkv,261
1766002796,,,/mnt/my-zfs/mediarr/torrent/arch/[Anime Time] Black Lagoon (Complete Series) (Season 01+02+03+OST) [BD] [Dual Audio] [1080p][HEVC 10bit x265][AAC][Eng Sub]/Season 3 Roberta's Blood Trail/[Anime Time] Black Lagoon - 029 - Codename Paradise Status MIA.mkv,266
1766002797,,,/mnt/my-zfs/mediarr/torrent/arch/[Anime Time] Dandadan (Season 01) [Dual Audio][1080p][HEVC 10bit x265][AAC][Multi Sub]/[Anime Time] Dandadan - 01 [Dual Audio][1080p][HEVC 10bit x265][AAC][Multi Sub].mkv,216
1766002798,,,/mnt/my-zfs/mediarr/torrent/arch/[Anime Time] Dandadan (Season 01) [Dual Audio][1080p][HEVC 10bit x265][AAC][Multi Sub]/[Anime Time] Dandadan - 03 [Dual Audio][1080p][HEVC 10bit x265][AAC][Multi Sub].mkv,216
1766002798,,,/mnt/my-zfs/mediarr/torrent/arch/[Anime Time] Dandadan (Season 01) [Dual Audio][1080p][HEVC 10bit x265][AAC][Multi Sub]/[Anime Time] Dandadan - 04 [Dual Audio][1080p][HEVC 10bit x265][AAC][Multi Sub].mkv,216
1766002799,,,/mnt/my-zfs/mediarr/torrent/arch/[Anime Time] Dandadan (Season 01) [Dual Audio][1080p][HEVC 10bit x265][AAC][Multi Sub]/[Anime Time] Dandadan - 07 [Dual Audio][1080p][HEVC 10bit x265][AAC][Multi Sub].mkv,216
1766002800,,,/mnt/my-zfs/mediarr/torrent/arch/[Anime Time] Dandadan (Season 01) [Dual Audio][1080p][HEVC 10bit x265][AAC][Multi Sub]/[Anime Time] Dandadan - 10 [Dual Audio][1080p][HEVC 10bit x265][AAC][Multi Sub].mkv,216
1766002800,,,/mnt/my-zfs/mediarr/torrent/arch/[Anime Time] Dandadan (Season 01) [Dual Audio][1080p][HEVC 10bit x265][AAC][Multi Sub]/[Anime Time] Dandadan - 11 [Dual Audio][1080p][HEVC 10bit x265][AAC][Multi Sub].mkv,216
1766002800,,,/mnt/my-zfs/mediarr/torrent/arch/[Anime Time] Dandadan (Season 01) [Dual Audio][1080p][HEVC 10bit x265][AAC][Multi Sub]/[Anime Time] Dandadan - 08 [Dual Audio][1080p][HEVC 10bit x265][AAC][Multi Sub].mkv,216
1766002800,,,/mnt/my-zfs/mediarr/torrent/arch/[Anime Time] Dandadan (Season 01) [Dual Audio][1080p][HEVC 10bit x265][AAC][Multi Sub]/[Anime Time] Dandadan - 02 [Dual Audio][1080p][HEVC 10bit x265][AAC][Multi Sub].mkv,216
1766002800,70,DAN DA DAN (2024) S01E06 (1080p WEB-DL H264 DDP 2.0 Dual-Audio) [MALD],/mnt/my-zfs/mediarr/torrent/arch/[Anime Time] Dandadan (Season 01) [Dual Audio][1080p][HEVC 10bit x265][AAC][Multi Sub]/[Anime Time] Dandadan - 06 [Dual Audio][1080p][HEVC 10bit x265][AAC][Multi Sub].mkv,288
1766002800,,,/mnt/my-zfs/mediarr/torrent/arch/[Anime Time] Dandadan (Season 01) [Dual Audio][1080p][HEVC 10bit x265][AAC][Multi Sub]/[Anime Time] Dandadan - 05 [Dual Audio][1080p][HEVC 10bit x265][AAC][Multi Sub].mkv,216
1766002800,74,DAN DA DAN (2024) S01E09 (1080p WEB-DL H264 AAC DDP 2.0 Dual-Audio) [MALD],/mnt/my-zfs/mediarr/torrent/arch/[Anime Time] Dandadan (Season 01) [Dual Audio][1080p][HEVC 10bit x265][AAC][Multi Sub]/[Anime Time] Dandadan - 09 [Dual Audio][1080p][HEVC 10bit x265][AAC][Multi Sub].mkv,292
1766002822,,,/mnt/my-zfs/mediarr/torrent/arch/[Anime Time] Dandadan (Season 01) [Dual Audio][1080p][HEVC 10bit x265][AAC][Multi Sub]/[Anime Time] Dandadan - 12 [Dual Audio][1080p][HEVC 10bit x265][AAC][Multi Sub].mkv,216
1766002822,,,/mnt/my-zfs/mediarr/torrent/arch/arch/Adolescence S01 2025 2160p NF WEB-DL DDP5 1 Atmos DV H 265-HHWEB/Adolescence S01E03 2025 2160p NF WEB-DL DDP5 1 Atmos DV H 265-HHWEB.mkv,187
1766002831,58,Falling | Terror in Resonance / Zankyou no Terror - S01E01,/mnt/my-zfs/mediarr/torrent/arch/[Arid] Terror in Resonance [Dual-Audio][BDRip 1920x1080 Hi10 FLAC]/[Arid] Terror in Resonance - S01E01 (BDRip 1920x1080 Hi10 FLAC) [4719F17A].mkv,251
1766002831,66,Call & Response | Terror in Resonance / Zankyou no Terror - S01E02,/mnt/my-zfs/mediarr/torrent/arch/[Arid] Terror in Resonance [Dual-Audio][BDRip 1920x1080 Hi10 FLAC]/[Arid] Terror in Resonance - S01E02 (BDRip 1920x1080 Hi10 FLAC) [2948987B].mkv,259
1766002832,63,My Fair Lady | Terror in Resonance / Zankyou no Terror - S01E08,/mnt/my-zfs/mediarr/torrent/arch/[Arid] Terror in Resonance [Dual-Audio][BDRip 1920x1080 Hi10 FLAC]/[Arid] Terror in Resonance - S01E08 (BDRip 1920x1080 Hi10 FLAC) [36D7C504].mkv,256
1766002832,65,Helter Skelter | Terror in Resonance / Zankyou no Terror - S01E10,/mnt/my-zfs/mediarr/torrent/arch/[Arid] Terror in Resonance [Dual-Audio][BDRip 1920x1080 Hi10 FLAC]/[Arid] Terror in Resonance - S01E10 (BDRip 1920x1080 Hi10 FLAC) [03F486F5].mkv,258
1766002832,67,Search & Destroy | Terror in Resonance / Zankyou no Terror - S01E03,/mnt/my-zfs/mediarr/torrent/arch/[Arid] Terror in Resonance [Dual-Audio][BDRip 1920x1080 Hi10 FLAC]/[Arid] Terror in Resonance - S01E03 (BDRip 1920x1080 Hi10 FLAC) [3F7264A4].mkv,260
1766002832,62,Hide & Seek | Terror in Resonance / Zankyou no Terror - S01E05,/mnt/my-zfs/mediarr/torrent/arch/[Arid] Terror in Resonance [Dual-Audio][BDRip 1920x1080 Hi10 FLAC]/[Arid] Terror in Resonance - S01E05 (BDRip 1920x1080 Hi10 FLAC) [4B6EB2F6].mkv,255
1766002832,63,Highs & Lows | Terror in Resonance / Zankyou no Terror - S01E09,/mnt/my-zfs/mediarr/torrent/arch/[Arid] Terror in Resonance [Dual-Audio][BDRip 1920x1080 Hi10 FLAC]/[Arid] Terror in Resonance - S01E09 (BDRip 1920x1080 Hi10 FLAC) [D501FFD2].mkv,256
1766002832,56,Deuce | Terror in Resonance / Zankyou no Terror - S01E07,/mnt/my-zfs/mediarr/torrent/arch/[Arid] Terror in Resonance [Dual-Audio][BDRip 1920x1080 Hi10 FLAC]/[Arid] Terror in Resonance - S01E07 (BDRip 1920x1080 Hi10 FLAC) [6D0F5ACE].mkv,249
1766002832,64,Break Through | Terror in Resonance / Zankyou no Terror - S01E04,/mnt/my-zfs/mediarr/torrent/arch/[Arid] Terror in Resonance [Dual-Audio][BDRip 1920x1080 Hi10 FLAC]/[Arid] Terror in Resonance - S01E04 (BDRip 1920x1080 Hi10 FLAC) [3F539C02].mkv,257
1766002832,63,Ready or Not | Terror in Resonance / Zankyou no Terror - S01E06,/mnt/my-zfs/mediarr/torrent/arch/[Arid] Terror in Resonance [Dual-Audio][BDRip 1920x1080 Hi10 FLAC]/[Arid] Terror in Resonance - S01E06 (BDRip 1920x1080 Hi10 FLAC) [0FE3E2A2].mkv,256
1766002847,,,/mnt/my-zfs/mediarr/torrent/arch/[ASW] Dandadan - 13 [1080p HEVC][9417038A].mkv,92
1766002848,54,VON | Terror in Resonance / Zankyou no Terror - S01E11,/mnt/my-zfs/mediarr/torrent/arch/[Arid] Terror in Resonance [Dual-Audio][BDRip 1920x1080 Hi10 FLAC]/[Arid] Terror in Resonance - S01E11 (BDRip 1920x1080 Hi10 FLAC) [E1BCD4B3].mkv,247
1766002849,,,/mnt/my-zfs/mediarr/torrent/arch/[ASW] Dandadan - 15 [1080p HEVC][A1A2497C].mkv,92
1766002849,,,/mnt/my-zfs/mediarr/torrent/arch/[ASW] Dandadan - 14 [1080p HEVC][ACB8EF78].mkv,92
1766002850,,,/mnt/my-zfs/mediarr/torrent/arch/[ASW] Dandadan - 22 [1080p HEVC][6D1ED6C3].mkv,92
1766002850,,,/mnt/my-zfs/mediarr/torrent/arch/[ASW] Dandadan - 20 [1080p HEVC][589D53BF].mkv,92
1766002850,,,/mnt/my-zfs/mediarr/torrent/arch/[ASW] Dandadan - 23 [1080p HEVC][099ADC77].mkv,92
1766002850,,,/mnt/my-zfs/mediarr/torrent/arch/[ASW] Dandadan - 16 [1080p HEVC][0D7482AB].mkv,92
1766002850,,,/mnt/my-zfs/mediarr/torrent/arch/[ASW] Dandadan - 18 [1080p HEVC][0B9ED491].mkv,92
1766002850,,,/mnt/my-zfs/mediarr/torrent/arch/[ASW] Dandadan - 21 [1080p HEVC][63891274].mkv,92
1766002850,,,/mnt/my-zfs/mediarr/torrent/arch/[ASW] Dandadan - 19 [1080p HEVC][E705D225].mkv,92
1766002850,,,/mnt/my-zfs/mediarr/torrent/arch/[ASW] Dandadan - 17 [1080p HEVC][9263DB93].mkv,92
1766002873,20,Batman Begins (2005),/mnt/my-zfs/mediarr/torrent/arch/Batman.Begins.2005.UHD.BluRay.2160p.DTS-HD.MA.5.1.DV.HEVC.HYBRID.REMUX-FraMeSToR.mkv,152
1766002873,,,/mnt/my-zfs/mediarr/torrent/arch/Batman.Beyond.Return.Of.The.Joker.2000.1080p.BluRay.REMUX.AVC.DTS-HD.MA.5.1-EPSiLON/Batman.Beyond.The.Return.of.the.Joker.2000.1080p.BluRay.REMUX.AVC.DTS-HD.MA.5.1-EPSiLON.mkv,221
1766002875,35,Batman: Mask of the Phantasm (1993),/mnt/my-zfs/mediarr/torrent/arch/Batman.Mask.of.the.Phantasm.1993.UHD.BluRay.2160p.DTS-HD.MA.5.1.DV.HEVC.HYBRID.REMUX-FraMeSToR/Batman.Mask.of.the.Phantasm.1993.UHD.BluRay.2160p.DTS-HD.MA.5.1.DV.HEVC.HYBRID.REMUX-FraMeSToR.mkv,276
1766002875,41,Batman v Superman: Dawn of Justice (2016),/mnt/my-zfs/mediarr/torrent/arch/Batman.v.Superman.Dawn.of.Justice.2016.Remastered.UHD.BluRay.2160p.TrueHD.Atmos.7.1.DV.HEVC.HYBRID.REMUX-FraMeSToR/Batman.v.Superman.Dawn.of.Justice.2016.Remastered.UHD.BluRay.2160p.TrueHD.Atmos.7.1.DV.HEVC.HYBRID.REMUX-FraMeSToR.mkv,322
1766002875,76,Batman - Under the Red Hood (2010) 1080p BDRip x265 DTS-HD MA 5.1 Goki [SEV],/mnt/my-zfs/mediarr/torrent/arch/Batman - Under the Red Hood (2010) 1080p BDRip x265 DTS-HD MA 5.1 Goki [SEV]/Batman - Under the Red Hood (2010) 1080p BDRip x265 DTS-HD MA 5.1 Goki [SEV].mkv,281
1766002876,23,Casino Royale (2006) DV,/mnt/my-zfs/mediarr/torrent/arch/Casino.Royale.2006.UHD.BluRay.2160p.DTS-HD.MA.5.1.DV.HEVC.REMUX-FraMeSToR/Casino.Royale.2006.UHD.BluRay.2160p.DTS-HD.MA.5.1.DV.HEVC.REMUX-FraMeSToR.mkv,222
1766002876,14,Bugonia (2025),/mnt/my-zfs/mediarr/torrent/arch/Bugonia.2025.2160p.UHD.Blu-ray.Remux.HDR.HEVC.TrueHD.Atmos.7.1-CiNEPHiLES.mkv,139
1766002876,31,Batman: The Dark Knight Returns,/mnt/my-zfs/mediarr/torrent/arch/Batman.The.Dark.Knight.Returns.Part.1-2/Batman.The.Dark.Knight.Returns/Batman.The.Dark.Knight.Returns.2012/Batman.The.Dark.Knight.Returns.Part.1.2012.1080p.Bluray.Remux.AVC.DTS-HD.MA 5.1-4K4U.mkv,274
1766002876,25,キュア AKA Cure (1997),/mnt/my-zfs/mediarr/torrent/arch/Cure.1997.REPACK.UHD.BluRay.Remux.2160p.DV.HDR.HEVC.FLAC.2.0-ZQ.mkv,140
1766002876,,,/mnt/my-zfs/mediarr/torrent/arch/Batman.The.Dark.Knight.Returns.Part.1-2/Batman.The.Dark.Knight.Returns/Batman.The.Dark.Knight.Returns.2013/Batman.The.Dark.Knight.Returns.Part.2.2013.1080p.Bluray.Remux.AVC.DTS-HD.MA.5.1-4K4U.mkv,241
1766002877,,,/mnt/my-zfs/mediarr/torrent/arch/Capturing.The.Friedmans.2003.1080p.WEB.H264-CBFM/capturing.the.friedmans.2003.1080p.web.h264-cbfm.mkv,147
1766002877,,,/mnt/my-zfs/mediarr/torrent/arch/Capturing.The.Friedmans.2003.1080p.WEB.H264-CBFM/Sample/capturing.the.friedmans.2003.1080p.web.h264-cbfm-sample.mkv,161
1766002897,33,Donnie Brasco (1997) Extended Cut,/mnt/my-zfs/mediarr/torrent/arch/Donnie.Brasco.1997.Extended.Cut.BluRay.1080p.TrueHD.5.1.AVC.HYBRID.REMUX-FraMeSToR/Donnie.Brasco.1997.Extended.Cut.BluRay.1080p.TrueHD.5.1.AVC.HYBRID.REMUX-FraMeSToR.mkv,250
1766002897,15,Die Hard (1988),/mnt/my-zfs/mediarr/torrent/arch/Die.Hard.1988.UHD.BluRay.2160p.DTS-HD.MA.5.1.DV.HEVC.HYBRID.REMUX-FraMeSToR/Die.Hard.1988.UHD.BluRay.2160p.DTS-HD.MA.5.1.DV.HEVC.HYBRID.REMUX-FraMeSToR.mkv,218
1766002900,11,Dune (2021),/mnt/my-zfs/mediarr/torrent/arch/Dune.Part.One.2021.Hybrid.2160p.UHD.BluRay.REMUX.DV.HDR10Plus.HEVC.TrueHD.7.1.Atmos-WiLDCAT.mkv,154
1766002900,24,Dune: Part Two (2024) 4K,/mnt/my-zfs/mediarr/torrent/arch/Dune.Part.Two.2024.UHD.BluRay.2160p.TrueHD.Atmos.7.1.DV.HEVC.REMUX-FraMeSToR/Dune.Part.Two.2024.UHD.BluRay.2160p.TrueHD.Atmos.7.1.DV.HEVC.REMUX-FraMeSToR.mkv,229
1766002900,23,Eastern Promises (2007),/mnt/my-zfs/mediarr/torrent/arch/Eastern.Promises.2007.2160p.UHD.BluRay.REMUX.DV.HDR10Plus.HEVC.DTS-HD.MA.7.1-WiLDCAT.mkv,159
1766002901,21,Eyes Wide Shut (1999),/mnt/my-zfs/mediarr/torrent/arch/Eyes.Wide.Shut.1999.2160p.UHD.Blu-ray.Remux.DV.HDR.HEVC.DTS-HD.MA.5.1-CiNEPHiLES.mkv,153
1766002901,,,/mnt/my-zfs/mediarr/torrent/arch/F1.The.Movie.2025.2160p.iT.WEB-DL.DDP5.1.Atmos.DV.HDR.H.265-BYNDR.mkv,115
1766002901,35,Game of Thrones S01E03 Lord Snow 4K,/mnt/my-zfs/mediarr/torrent/arch/Game.of.Thrones.2011.S01-S08.2160p.BluRay.HDR10.10bit.x265.HEVC.TrueHD.Atmos.7.1-PHOCiS/Season 01/Game.of.Thrones.S01E03.Lord.Snow.2160p.BluRay.HDR10.10bit.x265.HEVC.TrueHD.Atmos.7.1-PHOCiS.mkv,276
1766002902,20,F1: The Movie (2025),/mnt/my-zfs/mediarr/torrent/arch/F1.The.Movie.2025.2160p.UHD.Blu-ray.Remux.DV.HDR.HEVC.TrueHD.Atmos.7.1-CiNEPHiLES.mkv,153
1766002902,,,/mnt/my-zfs/mediarr/torrent/arch/Frankenstein.2025.2160p.NF.WEB-DL.DDP5.1.Atmos.DV.HDR.H.265-BYNDR.mkv,115
1766002902,39,Game of Thrones S01E02 The Kingsroad 4K,/mnt/my-zfs/mediarr/torrent/arch/Game.of.Thrones.2011.S01-S08.2160p.BluRay.HDR10.10bit.x265.HEVC.TrueHD.Atmos.7.1-PHOCiS/Season 01/Game.of.Thrones.S01E02.The.Kingsroad.2160p.BluRay.HDR10.10bit.x265.HEVC.TrueHD.Atmos.7.1-PHOCiS.mkv,284
1766002902,42,Game of Thrones S01E01 Winter Is Coming 4K,/mnt/my-zfs/mediarr/torrent/arch/Game.of.Thrones.2011.S01-S08.2160p.BluRay.HDR10.10bit.x265.HEVC.TrueHD.Atmos.7.1-PHOCiS/Season 01/Game.of.Thrones.S01E01.Winter.Is.Coming.2160p.BluRay.HDR10.10bit.x265.HEVC.TrueHD.Atmos.7.1-PHOCiS.mkv,290
1766002911,63,Game of Thrones S01E04 Cripples, Bastards, and Broken Things 4K,/mnt/my-zfs/mediarr/torrent/arch/Game.of.Thrones.2011.S01-S08.2160p.BluRay.HDR10.10bit.x265.HEVC.TrueHD.Atmos.7.1-PHOCiS/Season 01/Game.of.Thrones.S01E04.Cripples,.Bastards,.and.Broken.Things.2160p.BluRay.HDR10.10bit.x265.HEVC.TrueHD.Atmos.7.1-PHOCiS.mkv,332
1766002923,47,Game of Thrones S01E05 The Wolf and the Lion 4K,/mnt/my-zfs/mediarr/torrent/arch/Game.of.Thrones.2011.S01-S08.2160p.BluRay.HDR10.10bit.x265.HEVC.TrueHD.Atmos.7.1-PHOCiS/Season 01/Game.of.Thrones.S01E05.The.Wolf.and.the.Lion.2160p.BluRay.HDR10.10bit.x265.HEVC.TrueHD.Atmos.7.1-PHOCiS.mkv,300
1766002923,40,Game of Thrones S01E06 A Golden Crown 4K,/mnt/my-zfs/mediarr/torrent/arch/Game.of.Thrones.2011.S01-S08.2160p.BluRay.HDR10.10bit.x265.HEVC.TrueHD.Atmos.7.1-PHOCiS/Season 01/Game.of.Thrones.S01E06.A.Golden.Crown.2160p.BluRay.HDR10.10bit.x265.HEVC.TrueHD.Atmos.7.1-PHOCiS.mkv,286
1766002925,44,Game of Thrones S01E07 You Win or You Die 4K,/mnt/my-zfs/mediarr/torrent/arch/Game.of.Thrones.2011.S01-S08.2160p.BluRay.HDR10.10bit.x265.HEVC.TrueHD.Atmos.7.1-PHOCiS/Season 01/Game.of.Thrones.S01E07.You.Win.or.You.Die.2160p.BluRay.HDR10.10bit.x265.HEVC.TrueHD.Atmos.7.1-PHOCiS.mkv,294
1766002926,40,Game of Thrones S01E10 Fire and Blood 4K,/mnt/my-zfs/mediarr/torrent/arch/Game.of.Thrones.2011.S01-S08.2160p.BluRay.HDR10.10bit.x265.HEVC.TrueHD.Atmos.7.1-PHOCiS/Season 01/Game.of.Thrones.S01E10.Fire.and.Blood.2160p.BluRay.HDR10.10bit.x265.HEVC.TrueHD.Atmos.7.1-PHOCiS.mkv,286
1766002926,32,Game of Thrones S01E09 Baelor 4K,/mnt/my-zfs/mediarr/torrent/arch/Game.of.Thrones.2011.S01-S08.2160p.BluRay.HDR10.10bit.x265.HEVC.TrueHD.Atmos.7.1-PHOCiS/Season 01/Game.of.Thrones.S01E09.Baelor.2160p.BluRay.HDR10.10bit.x265.HEVC.TrueHD.Atmos.7.1-PHOCiS.mkv,270
1766002926,40,Game of Thrones S01E08 The Pointy End 4K,/mnt/my-zfs/mediarr/torrent/arch/Game.of.Thrones.2011.S01-S08.2160p.BluRay.HDR10.10bit.x265.HEVC.TrueHD.Atmos.7.1-PHOCiS/Season 01/Game.of.Thrones.S01E08.The.Pointy.End.2160p.BluRay.HDR10.10bit.x265.HEVC.TrueHD.Atmos.7.1-PHOCiS.mkv,286
1766002927,45,Game of Thrones S02E01 The North Remembers 4K,/mnt/my-zfs/mediarr/torrent/arch/Game.of.Thrones.2011.S01-S08.2160p.BluRay.HDR10.10bit.x265.HEVC.TrueHD.Atmos.7.1-PHOCiS/Season 02/Game.of.Thrones.S02E01.The.North.Remembers.2160p.BluRay.HDR10.10bit.x265.HEVC.TrueHD.Atmos.7.1-PHOCiS.mkv,296
1766002931,41,Game of Thrones S02E04 Garden of Bones 4K,/mnt/my-zfs/mediarr/torrent/arch/Game.of.Thrones.2011.S01-S08.2160p.BluRay.HDR10.10bit.x265.HEVC.TrueHD.Atmos.7.1-PHOCiS/Season 02/Game.of.Thrones.S02E04.Garden.of.Bones.2160p.BluRay.HDR10.10bit.x265.HEVC.TrueHD.Atmos.7.1-PHOCiS.mkv,288
1766002932,52,Game of Thrones S02E03 What is Dead May Never Die 4K,/mnt/my-zfs/mediarr/torrent/arch/Game.of.Thrones.2011.S01-S08.2160p.BluRay.HDR10.10bit.x265.HEVC.TrueHD.Atmos.7.1-PHOCiS/Season 02/Game.of.Thrones.S02E03.What.is.Dead.May.Never.Die.2160p.BluRay.HDR10.10bit.x265.HEVC.TrueHD.Atmos.7.1-PHOCiS.mkv,310
1766002932,41,Game of Thrones S02E02 The Night Lands 4K,/mnt/my-zfs/mediarr/torrent/arch/Game.of.Thrones.2011.S01-S08.2160p.BluRay.HDR10.10bit.x265.HEVC.TrueHD.Atmos.7.1-PHOCiS/Season 02/Game.of.Thrones.S02E02.The.Night.Lands.2160p.BluRay.HDR10.10bit.x265.HEVC.TrueHD.Atmos.7.1-PHOCiS.mkv,288
1766002932,48,Game of Thrones S02E05 The Ghost of Harrenhal 4K,/mnt/my-zfs/mediarr/torrent/arch/Game.of.Thrones.2011.S01-S08.2160p.BluRay.HDR10.10bit.x265.HEVC.TrueHD.Atmos.7.1-PHOCiS/Season 02/Game.of.Thrones.S02E05.The.Ghost.of.Harrenhal.2160p.BluRay.HDR10.10bit.x265.HEVC.TrueHD.Atmos.7.1-PHOCiS.mkv,302
1766002936,50,Game of Thrones S02E06 The Old Gods and the New 4K,/mnt/my-zfs/mediarr/torrent/arch/Game.of.Thrones.2011.S01-S08.2160p.BluRay.HDR10.10bit.x265.HEVC.TrueHD.Atmos.7.1-PHOCiS/Season 02/Game.of.Thrones.S02E06.The.Old.Gods.and.the.New.2160p.BluRay.HDR10.10bit.x265.HEVC.TrueHD.Atmos.7.1-PHOCiS.mkv,306
1766002948,40,Game of Thrones S03E01 Valar Dohaeris 4K,/mnt/my-zfs/mediarr/torrent/arch/Game.of.Thrones.2011.S01-S08.2160p.BluRay.HDR10.10bit.x265.HEVC.TrueHD.Atmos.7.1-PHOCiS/Season 03/Game.of.Thrones.S03E01.Valar.Dohaeris.2160p.BluRay.HDR10.10bit.x265.HEVC.TrueHD.Atmos.7.1-PHOCiS.mkv,286
1766002949,48,Game of Thrones S03E02 Dark Wings, Dark Words 4K,/mnt/my-zfs/mediarr/torrent/arch/Game.of.Thrones.2011.S01-S08.2160p.BluRay.HDR10.10bit.x265.HEVC.TrueHD.Atmos.7.1-PHOCiS/Season 03/Game.of.Thrones.S03E02.Dark.Wings,.Dark.Words.2160p.BluRay.HDR10.10bit.x265.HEVC.TrueHD.Atmos.7.1-PHOCiS.mkv,302
1766002949,44,Game of Thrones S03E03 Walk of Punishment 4K,/mnt/my-zfs/mediarr/torrent/arch/Game.of.Thrones.2011.S01-S08.2160p.BluRay.HDR10.10bit.x265.HEVC.TrueHD.Atmos.7.1-PHOCiS/Season 03/Game.of.Thrones.S03E03.Walk.of.Punishment.2160p.BluRay.HDR10.10bit.x265.HEVC.TrueHD.Atmos.7.1-PHOCiS.mkv,294
1766002950,52,Game of Thrones S03E04 And Now His Watch Is Ended 4K,/mnt/my-zfs/mediarr/torrent/arch/Game.of.Thrones.2011.S01-S08.2160p.BluRay.HDR10.10bit.x265.HEVC.TrueHD.Atmos.7.1-PHOCiS/Season 03/Game.of.Thrones.S03E04.And.Now.His.Watch.Is.Ended.2160p.BluRay.HDR10.10bit.x265.HEVC.TrueHD.Atmos.7.1-PHOCiS.mkv,310
1766002951,35,Game of Thrones S03E06 The Climb 4K,/mnt/my-zfs/mediarr/torrent/arch/Game.of.Thrones.2011.S01-S08.2160p.BluRay.HDR10.10bit.x265.HEVC.TrueHD.Atmos.7.1-PHOCiS/Season 03/Game.of.Thrones.S03E06.The.Climb.2160p.BluRay.HDR10.10bit.x265.HEVC.TrueHD.Atmos.7.1-PHOCiS.mkv,276
1766002951,40,Game of Thrones S03E05 Kissed by Fire 4K,/mnt/my-zfs/mediarr/torrent/arch/Game.of.Thrones.2011.S01-S08.2160p.BluRay.HDR10.10bit.x265.HEVC.TrueHD.Atmos.7.1-PHOCiS/Season 03/Game.of.Thrones.S03E05.Kissed.by.Fire.2160p.BluRay.HDR10.10bit.x265.HEVC.TrueHD.Atmos.7.1-PHOCiS.mkv,286
1766002951,54,Game of Thrones S03E07 The Bear and the Maiden Fair 4K,/mnt/my-zfs/mediarr/torrent/arch/Game.of.Thrones.2011.S01-S08.2160p.BluRay.HDR10.10bit.x265.HEVC.TrueHD.Atmos.7.1-PHOCiS/Season 03/Game.of.Thrones.S03E07.The.Bear.and.the.Maiden.Fair.2160p.BluRay.HDR10.10bit.x265.HEVC.TrueHD.Atmos.7.1-PHOCiS.mkv,314
1766002952,37,Game of Thrones S03E08 Second Sons 4K,/mnt/my-zfs/mediarr/torrent/arch/Game.of.Thrones.2011.S01-S08.2160p.BluRay.HDR10.10bit.x265.HEVC.TrueHD.Atmos.7.1-PHOCiS/Season 03/Game.of.Thrones.S03E08.Second.Sons.2160p.BluRay.HDR10.10bit.x265.HEVC.TrueHD.Atmos.7.1-PHOCiS.mkv,280
1766002953,31,Game of Thrones S03E10 Mhysa 4K,/mnt/my-zfs/mediarr/torrent/arch/Game.of.Thrones.2011.S01-S08.2160p.BluRay.HDR10.10bit.x265.HEVC.TrueHD.Atmos.7.1-PHOCiS/Season 03/Game.of.Thrones.S03E10.Mhysa.2160p.BluRay.HDR10.10bit.x265.HEVC.TrueHD.Atmos.7.1-PHOCiS.mkv,268
1766002955,48,Game of Thrones S03E09 The Rains of Castamere 4K,/mnt/my-zfs/mediarr/torrent/arch/Game.of.Thrones.2011.S01-S08.2160p.BluRay.HDR10.10bit.x265.HEVC.TrueHD.Atmos.7.1-PHOCiS/Season 03/Game.of.Thrones.S03E09.The.Rains.of.Castamere.2160p.BluRay.HDR10.10bit.x265.HEVC.TrueHD.Atmos.7.1-PHOCiS.mkv,302
1766002958,36,Game of Thrones S04E01 Two Swords 4K,/mnt/my-zfs/mediarr/torrent/arch/Game.of.Thrones.2011.S01-S08.2160p.BluRay.HDR10.10bit.x265.HEVC.TrueHD.Atmos.7.1-PHOCiS/Season 04/Game.of.Thrones.S04E01.Two.Swords.2160p.BluRay.HDR10.10bit.x265.HEVC.TrueHD.Atmos.7.1-PHOCiS.mkv,278
1766002960,43,Game of Thrones S04E03 Breaker of Chains 4K,/mnt/my-zfs/mediarr/torrent/arch/Game.of.Thrones.2011.S01-S08.2160p.BluRay.HDR10.10bit.x265.HEVC.TrueHD.Atmos.7.1-PHOCiS/Season 04/Game.of.Thrones.S04E03.Breaker.of.Chains.2160p.BluRay.HDR10.10bit.x265.HEVC.TrueHD.Atmos.7.1-PHOCiS.mkv,292
1766002961,47,Game of Thrones S04E02 The Lion and the Rose 4K,/mnt/my-zfs/mediarr/torrent/arch/Game.of.Thrones.2011.S01-S08.2160p.BluRay.HDR10.10bit.x265.HEVC.TrueHD.Atmos.7.1-PHOCiS/Season 04/Game.of.Thrones.S04E02.The.Lion.and.the.Rose.2160p.BluRay.HDR10.10bit.x265.HEVC.TrueHD.Atmos.7.1-PHOCiS.mkv,300
1766002961,36,Game of Thrones S04E04 Oathkeeper 4K,/mnt/my-zfs/mediarr/torrent/arch/Game.of.Thrones.2011.S01-S08.2160p.BluRay.HDR10.10bit.x265.HEVC.TrueHD.Atmos.7.1-PHOCiS/Season 04/Game.of.Thrones.S04E04.Oathkeeper.2160p.BluRay.HDR10.10bit.x265.HEVC.TrueHD.Atmos.7.1-PHOCiS.mkv,278
1766002961,43,Game of Thrones S04E05 First of His Name 4K,/mnt/my-zfs/mediarr/torrent/arch/Game.of.Thrones.2011.S01-S08.2160p.BluRay.HDR10.10bit.x265.HEVC.TrueHD.Atmos.7.1-PHOCiS/Season 04/Game.of.Thrones.S04E05.First.of.His.Name.2160p.BluRay.HDR10.10bit.x265.HEVC.TrueHD.Atmos.7.1-PHOCiS.mkv,292
1766002962,50,Game of Thrones S04E06 The Laws of Gods and Men 4K,/mnt/my-zfs/mediarr/torrent/arch/Game.of.Thrones.2011.S01-S08.2160p.BluRay.HDR10.10bit.x265.HEVC.TrueHD.Atmos.7.1-PHOCiS/Season 04/Game.of.Thrones.S04E06.The.Laws.of.Gods.and.Men.2160p.BluRay.HDR10.10bit.x265.HEVC.TrueHD.Atmos.7.1-PHOCiS.mkv,306
1766002967,37,Game of Thrones S04E07 Mockingbird 4K,/mnt/my-zfs/mediarr/torrent/arch/Game.of.Thrones.2011.S01-S08.2160p.BluRay.HDR10.10bit.x265.HEVC.TrueHD.Atmos.7.1-PHOCiS/Season 04/Game.of.Thrones.S04E07.Mockingbird.2160p.BluRay.HDR10.10bit.x265.HEVC.TrueHD.Atmos.7.1-PHOCiS.mkv,280
1766002971,50,Game of Thrones S04E09 The Watchers on the Wall 4K,/mnt/my-zfs/mediarr/torrent/arch/Game.of.Thrones.2011.S01-S08.2160p.BluRay.HDR10.10bit.x265.HEVC.TrueHD.Atmos.7.1-PHOCiS/Season 04/Game.of.Thrones.S04E09.The.Watchers.on.the.Wall.2160p.BluRay.HDR10.10bit.x265.HEVC.TrueHD.Atmos.7.1-PHOCiS.mkv,306
1766002972,38,Game of Thrones S04E10 The Children 4K,/mnt/my-zfs/mediarr/torrent/arch/Game.of.Thrones.2011.S01-S08.2160p.BluRay.HDR10.10bit.x265.HEVC.TrueHD.Atmos.7.1-PHOCiS/Season 04/Game.of.Thrones.S04E10.The.Children.2160p.BluRay.HDR10.10bit.x265.HEVC.TrueHD.Atmos.7.1-PHOCiS.mkv,282
1766002974,42,Game of Thrones S05E01 The Wars to Come 4K,/mnt/my-zfs/mediarr/torrent/arch/Game.of.Thrones.2011.S01-S08.2160p.BluRay.HDR10.10bit.x265.HEVC.TrueHD.Atmos.7.1-PHOCiS/Season 05/Game.of.Thrones.S05E01.The.Wars.to.Come.2160p.BluRay.HDR10.10bit.x265.HEVC.TrueHD.Atmos.7.1-PHOCiS.mkv,290
1766002975,54,Game of Thrones S05E02 The House of Black and White 4K,/mnt/my-zfs/mediarr/torrent/arch/Game.of.Thrones.2011.S01-S08.2160p.BluRay.HDR10.10bit.x265.HEVC.TrueHD.Atmos.7.1-PHOCiS/Season 05/Game.of.Thrones.S05E02.The.House.of.Black.and.White.2160p.BluRay.HDR10.10bit.x265.HEVC.TrueHD.Atmos.7.1-PHOCiS.mkv,314
1766002975,38,Game of Thrones S05E03 High Sparrow 4K,/mnt/my-zfs/mediarr/torrent/arch/Game.of.Thrones.2011.S01-S08.2160p.BluRay.HDR10.10bit.x265.HEVC.TrueHD.Atmos.7.1-PHOCiS/Season 05/Game.of.Thrones.S05E03.High.Sparrow.2160p.BluRay.HDR10.10bit.x265.HEVC.TrueHD.Atmos.7.1-PHOCiS.mkv,282
1766002976,43,Game of Thrones S05E04 Sons of the Harpy 4K,/mnt/my-zfs/mediarr/torrent/arch/Game.of.Thrones.2011.S01-S08.2160p.BluRay.HDR10.10bit.x265.HEVC.TrueHD.Atmos.7.1-PHOCiS/Season 05/Game.of.Thrones.S05E04.Sons.of.the.Harpy.2160p.BluRay.HDR10.10bit.x265.HEVC.TrueHD.Atmos.7.1-PHOCiS.mkv,292
1766002976,38,Game of Thrones S05E05 Kill the Boy 4K,/mnt/my-zfs/mediarr/torrent/arch/Game.of.Thrones.2011.S01-S08.2160p.BluRay.HDR10.10bit.x265.HEVC.TrueHD.Atmos.7.1-PHOCiS/Season 05/Game.of.Thrones.S05E05.Kill.the.Boy.2160p.BluRay.HDR10.10bit.x265.HEVC.TrueHD.Atmos.7.1-PHOCiS.mkv,282
1766002977,51,Game of Thrones S05E06 Unbowed, Unbent, Unbroken 4K,/mnt/my-zfs/mediarr/torrent/arch/Game.of.Thrones.2011.S01-S08.2160p.BluRay.HDR10.10bit.x265.HEVC.TrueHD.Atmos.7.1-PHOCiS/Season 05/Game.of.Thrones.S05E06.Unbowed,.Unbent,.Unbroken.2160p.BluRay.HDR10.10bit.x265.HEVC.TrueHD.Atmos.7.1-PHOCiS.mkv,308
1766002986,37,Game of Thrones S06E03 Oathbreaker 4K,/mnt/my-zfs/mediarr/torrent/arch/Game.of.Thrones.2011.S01-S08.2160p.BluRay.HDR10.10bit.x265.HEVC.TrueHD.Atmos.7.1-PHOCiS/Season 06/Game.of.Thrones.S06E03.Oathbreaker.2160p.BluRay.HDR10.10bit.x265.HEVC.TrueHD.Atmos.7.1-PHOCiS.mkv,280
1766002988,46,Game of Thrones S05E09 The Dance of Dragons 4K,/mnt/my-zfs/mediarr/torrent/arch/Game.of.Thrones.2011.S01-S08.2160p.BluRay.HDR10.10bit.x265.HEVC.TrueHD.Atmos.7.1-PHOCiS/Season 05/Game.of.Thrones.S05E09.The.Dance.of.Dragons.2160p.BluRay.HDR10.10bit.x265.HEVC.TrueHD.Atmos.7.1-PHOCiS.mkv,298
1766002988,40,Game of Thrones S05E10 Mother's Mercy 4K,/mnt/my-zfs/mediarr/torrent/arch/Game.of.Thrones.2011.S01-S08.2160p.BluRay.HDR10.10bit.x265.HEVC.TrueHD.Atmos.7.1-PHOCiS/Season 05/Game.of.Thrones.S05E10.Mother's.Mercy.2160p.BluRay.HDR10.10bit.x265.HEVC.TrueHD.Atmos.7.1-PHOCiS.mkv,286
1766002992,40,Game of Thrones S06E07 The Broken Man 4K,/mnt/my-zfs/mediarr/torrent/arch/Game.of.Thrones.2011.S01-S08.2160p.BluRay.HDR10.10bit.x265.HEVC.TrueHD.Atmos.7.1-PHOCiS/Season 06/Game.of.Thrones.S06E07.The.Broken.Man.2160p.BluRay.HDR10.10bit.x265.HEVC.TrueHD.Atmos.7.1-PHOCiS.mkv,286
1766002992,34,Game of Thrones S06E05 The Door 4K,/mnt/my-zfs/mediarr/torrent/arch/Game.of.Thrones.2011.S01-S08.2160p.BluRay.HDR10.10bit.x265.HEVC.TrueHD.Atmos.7.1-PHOCiS/Season 06/Game.of.Thrones.S06E05.The.Door.2160p.BluRay.HDR10.10bit.x265.HEVC.TrueHD.Atmos.7.1-PHOCiS.mkv,274
1766002992,46,Game of Thrones S06E04 Book of the Stranger 4K,/mnt/my-zfs/mediarr/torrent/arch/Game.of.Thrones.2011.S01-S08.2160p.BluRay.HDR10.10bit.x265.HEVC.TrueHD.Atmos.7.1-PHOCiS/Season 06/Game.of.Thrones.S06E04.Book.of.the.Stranger.2160p.BluRay.HDR10.10bit.x265.HEVC.TrueHD.Atmos.7.1-PHOCiS.mkv,298
1766002995,32,Game of Thrones S06E08 No One 4K,/mnt/my-zfs/mediarr/torrent/arch/Game.of.Thrones.2011.S01-S08.2160p.BluRay.HDR10.10bit.x265.HEVC.TrueHD.Atmos.7.1-PHOCiS/Season 06/Game.of.Thrones.S06E08.No.One.2160p.BluRay.HDR10.10bit.x265.HEVC.TrueHD.Atmos.7.1-PHOCiS.mkv,270
1766002997,48,Game of Thrones S06E09 Battle of the Bastards 4K,/mnt/my-zfs/mediarr/torrent/arch/Game.of.Thrones.2011.S01-S08.2160p.BluRay.HDR10.10bit.x265.HEVC.TrueHD.Atmos.7.1-PHOCiS/Season 06/Game.of.Thrones.S06E09.Battle.of.the.Bastards.2160p.BluRay.HDR10.10bit.x265.HEVC.TrueHD.Atmos.7.1-PHOCiS.mkv,302
1766002998,45,Game of Thrones S06E10 The Winds of Winter 4K,/mnt/my-zfs/mediarr/torrent/arch/Game.of.Thrones.2011.S01-S08.2160p.BluRay.HDR10.10bit.x265.HEVC.TrueHD.Atmos.7.1-PHOCiS/Season 06/Game.of.Thrones.S06E10.The.Winds.of.Winter.2160p.BluRay.HDR10.10bit.x265.HEVC.TrueHD.Atmos.7.1-PHOCiS.mkv,296
1766002998,37,Game of Thrones S07E01 Dragonstone 4K,/mnt/my-zfs/mediarr/torrent/arch/Game.of.Thrones.2011.S01-S08.2160p.BluRay.HDR10.10bit.x265.HEVC.TrueHD.Atmos.7.1-PHOCiS/Season 07/Game.of.Thrones.S07E01.Dragonstone.2160p.BluRay.HDR10.10bit.x265.HEVC.TrueHD.Atmos.7.1-PHOCiS.mkv,280
1766002999,35,Game of Thrones S07E02 Stormborn 4K,/mnt/my-zfs/mediarr/torrent/arch/Game.of.Thrones.2011.S01-S08.2160p.BluRay.HDR10.10bit.x265.HEVC.TrueHD.Atmos.7.1-PHOCiS/Season 07/Game.of.Thrones.S07E02.Stormborn.2160p.BluRay.HDR10.10bit.x265.HEVC.TrueHD.Atmos.7.1-PHOCiS.mkv,276
1766003000,45,Game of Thrones S07E03 The Queen's Justice 4K,/mnt/my-zfs/mediarr/torrent/arch/Game.of.Thrones.2011.S01-S08.2160p.BluRay.HDR10.10bit.x265.HEVC.TrueHD.Atmos.7.1-PHOCiS/Season 07/Game.of.Thrones.S07E03.The.Queen's.Justice.2160p.BluRay.HDR10.10bit.x265.HEVC.TrueHD.Atmos.7.1-PHOCiS.mkv,296
1766003000,43,Game of Thrones S07E04 The Spoils of War 4K,/mnt/my-zfs/mediarr/torrent/arch/Game.of.Thrones.2011.S01-S08.2160p.BluRay.HDR10.10bit.x265.HEVC.TrueHD.Atmos.7.1-PHOCiS/Season 07/Game.of.Thrones.S07E04.The.Spoils.of.War.2160p.BluRay.HDR10.10bit.x265.HEVC.TrueHD.Atmos.7.1-PHOCiS.mkv,292
1766003002,35,Game of Thrones S07E05 Eastwatch 4K,/mnt/my-zfs/mediarr/torrent/arch/Game.of.Thrones.2011.S01-S08.2160p.BluRay.HDR10.10bit.x265.HEVC.TrueHD.Atmos.7.1-PHOCiS/Season 07/Game.of.Thrones.S07E05.Eastwatch.2160p.BluRay.HDR10.10bit.x265.HEVC.TrueHD.Atmos.7.1-PHOCiS.mkv,276
1766003010,56,Game of Thrones S08E02 A Knight of the Seven Kingdoms 4K,/mnt/my-zfs/mediarr/torrent/arch/Game.of.Thrones.2011.S01-S08.2160p.BluRay.HDR10.10bit.x265.HEVC.TrueHD.Atmos.7.1-PHOCiS/Season 08/Game.of.Thrones.S08E02.A.Knight.of.the.Seven.Kingdoms.2160p.BluRay.HDR10.10bit.x265.HEVC.TrueHD.Atmos.7.1-PHOCiS.mkv,318
1766003017,42,Game of Thrones S01E01 Winter Is Coming 4K,/mnt/my-zfs/mediarr/torrent/arch/Game.of.Thrones.S01-S08.2160p.UHD.BluRay.REMUX.DV.HDR.HEVC.TrueHD.7.1.Atmos-FraMeSToR/Game.of.Thrones.S01.UHD.BluRay.2160p.TrueHD.Atmos.7.1.DV.HEVC.REMUX-FraMeSToR/Game.of.Thrones.S01E01.Winter.Is.Coming.2160p.TrueHD.Atmos.7.1.DV.HEVC.REMUX-FraMeSToR.mkv,344
1766003018,39,Game of Thrones S01E02 The Kingsroad 4K,/mnt/my-zfs/mediarr/torrent/arch/Game.of.Thrones.S01-S08.2160p.UHD.BluRay.REMUX.DV.HDR.HEVC.TrueHD.7.1.Atmos-FraMeSToR/Game.of.Thrones.S01.UHD.BluRay.2160p.TrueHD.Atmos.7.1.DV.HEVC.REMUX-FraMeSToR/Game.of.Thrones.S01E02.The.Kingsroad.2160p.TrueHD.Atmos.7.1.DV.HEVC.REMUX-FraMeSToR.mkv,338
1766003020,35,Game of Thrones S01E03 Lord Snow 4K,/mnt/my-zfs/mediarr/torrent/arch/Game.of.Thrones.S01-S08.2160p.UHD.BluRay.REMUX.DV.HDR.HEVC.TrueHD.7.1.Atmos-FraMeSToR/Game.of.Thrones.S01.UHD.BluRay.2160p.TrueHD.Atmos.7.1.DV.HEVC.REMUX-FraMeSToR/Game.of.Thrones.S01E03.Lord.Snow.2160p.TrueHD.Atmos.7.1.DV.HEVC.REMUX-FraMeSToR.mkv,330
1766003021,47,Game of Thrones S01E05 The Wolf and the Lion 4K,/mnt/my-zfs/mediarr/torrent/arch/Game.of.Thrones.S01-S08.2160p.UHD.BluRay.REMUX.DV.HDR.HEVC.TrueHD.7.1.Atmos-FraMeSToR/Game.of.Thrones.S01.UHD.BluRay.2160p.TrueHD.Atmos.7.1.DV.HEVC.REMUX-FraMeSToR/Game.of.Thrones.S01E05.The.Wolf.and.the.Lion.2160p.TrueHD.Atmos.7.1.DV.HEVC.REMUX-FraMeSToR.mkv,354
1766003021,63,Game of Thrones S01E04 Cripples, Bastards, and Broken Things 4K,/mnt/my-zfs/mediarr/torrent/arch/Game.of.Thrones.S01-S08.2160p.UHD.BluRay.REMUX.DV.HDR.HEVC.TrueHD.7.1.Atmos-FraMeSToR/Game.of.Thrones.S01.UHD.BluRay.2160p.TrueHD.Atmos.7.1.DV.HEVC.REMUX-FraMeSToR/Game.of.Thrones.S01E04.Cripples.Bastards.and.Broken.Things.2160p.TrueHD.Atmos.7.1.DV.HEVC.REMUX-FraMeSToR.mkv,384
1766003022,40,Game of Thrones S01E06 A Golden Crown 4K,/mnt/my-zfs/mediarr/torrent/arch/Game.of.Thrones.S01-S08.2160p.UHD.BluRay.REMUX.DV.HDR.HEVC.TrueHD.7.1.Atmos-FraMeSToR/Game.of.Thrones.S01.UHD.BluRay.2160p.TrueHD.Atmos.7.1.DV.HEVC.REMUX-FraMeSToR/Game.of.Thrones.S01E06.A.Golden.Crown.2160p.TrueHD.Atmos.7.1.DV.HEVC.REMUX-FraMeSToR.mkv,340
1766003022,40,Game of Thrones S01E08 The Pointy End 4K,/mnt/my-zfs/mediarr/torrent/arch/Game.of.Thrones.S01-S08.2160p.UHD.BluRay.REMUX.DV.HDR.HEVC.TrueHD.7.1.Atmos-FraMeSToR/Game.of.Thrones.S01.UHD.BluRay.2160p.TrueHD.Atmos.7.1.DV.HEVC.REMUX-FraMeSToR/Game.of.Thrones.S01E08.The.Pointy.End.2160p.TrueHD.Atmos.7.1.DV.HEVC.REMUX-FraMeSToR.mkv,340
1766003023,32,Game of Thrones S01E09 Baelor 4K,/mnt/my-zfs/mediarr/torrent/arch/Game.of.Thrones.S01-S08.2160p.UHD.BluRay.REMUX.DV.HDR.HEVC.TrueHD.7.1.Atmos-FraMeSToR/Game.of.Thrones.S01.UHD.BluRay.2160p.TrueHD.Atmos.7.1.DV.HEVC.REMUX-FraMeSToR/Game.of.Thrones.S01E09.Baelor.2160p.TrueHD.Atmos.7.1.DV.HEVC.REMUX-FraMeSToR.mkv,324
1766003024,44,Game of Thrones S01E07 You Win or You Die 4K,/mnt/my-zfs/mediarr/torrent/arch/Game.of.Thrones.S01-S08.2160p.UHD.BluRay.REMUX.DV.HDR.HEVC.TrueHD.7.1.Atmos-FraMeSToR/Game.of.Thrones.S01.UHD.BluRay.2160p.TrueHD.Atmos.7.1.DV.HEVC.REMUX-FraMeSToR/Game.of.Thrones.S01E07.You.Win.or.You.Die.2160p.TrueHD.Atmos.7.1.DV.HEVC.REMUX-FraMeSToR.mkv,348
1766003025,40,Game of Thrones S01E10 Fire and Blood 4K,/mnt/my-zfs/mediarr/torrent/arch/Game.of.Thrones.S01-S08.2160p.UHD.BluRay.REMUX.DV.HDR.HEVC.TrueHD.7.1.Atmos-FraMeSToR/Game.of.Thrones.S01.UHD.BluRay.2160p.TrueHD.Atmos.7.1.DV.HEVC.REMUX-FraMeSToR/Game.of.Thrones.S01E10.Fire.and.Blood.2160p.TrueHD.Atmos.7.1.DV.HEVC.REMUX-FraMeSToR.mkv,340
1766003025,45,Game of Thrones S02E01 The North Remembers 4K,/mnt/my-zfs/mediarr/torrent/arch/Game.of.Thrones.S01-S08.2160p.UHD.BluRay.REMUX.DV.HDR.HEVC.TrueHD.7.1.Atmos-FraMeSToR/Game.of.Thrones.S02.UHD.BluRay.2160p.TrueHD.Atmos.7.1.DV.HEVC.REMUX-FraMeSToR/Game.of.Thrones.S02E01.The.North.Remembers.2160p.TrueHD.Atmos.7.1.DV.HEVC.REMUX-FraMeSToR.mkv,350
1766003028,41,Game of Thrones S02E02 The Night Lands 4K,/mnt/my-zfs/mediarr/torrent/arch/Game.of.Thrones.S01-S08.2160p.UHD.BluRay.REMUX.DV.HDR.HEVC.TrueHD.7.1.Atmos-FraMeSToR/Game.of.Thrones.S02.UHD.BluRay.2160p.TrueHD.Atmos.7.1.DV.HEVC.REMUX-FraMeSToR/Game.of.Thrones.S02E02.The.Night.Lands.2160p.TrueHD.Atmos.7.1.DV.HEVC.REMUX-FraMeSToR.mkv,342
1766003028,52,Game of Thrones S02E03 What is Dead May Never Die 4K,/mnt/my-zfs/mediarr/torrent/arch/Game.of.Thrones.S01-S08.2160p.UHD.BluRay.REMUX.DV.HDR.HEVC.TrueHD.7.1.Atmos-FraMeSToR/Game.of.Thrones.S02.UHD.BluRay.2160p.TrueHD.Atmos.7.1.DV.HEVC.REMUX-FraMeSToR/Game.of.Thrones.S02E03.What.is.Dead.May.Never.Die.2160p.TrueHD.Atmos.7.1.DV.HEVC.REMUX-FraMeSToR.mkv,364
1766003031,41,Game of Thrones S02E04 Garden of Bones 4K,/mnt/my-zfs/mediarr/torrent/arch/Game.of.Thrones.S01-S08.2160p.UHD.BluRay.REMUX.DV.HDR.HEVC.TrueHD.7.1.Atmos-FraMeSToR/Game.of.Thrones.S02.UHD.BluRay.2160p.TrueHD.Atmos.7.1.DV.HEVC.REMUX-FraMeSToR/Game.of.Thrones.S02E04.Garden.of.Bones.2160p.TrueHD.Atmos.7.1.DV.HEVC.REMUX-FraMeSToR.mkv,342
1766003034,48,Game of Thrones S02E05 The Ghost of Harrenhal 4K,/mnt/my-zfs/mediarr/torrent/arch/Game.of.Thrones.S01-S08.2160p.UHD.BluRay.REMUX.DV.HDR.HEVC.TrueHD.7.1.Atmos-FraMeSToR/Game.of.Thrones.S02.UHD.BluRay.2160p.TrueHD.Atmos.7.1.DV.HEVC.REMUX-FraMeSToR/Game.of.Thrones.S02E05.The.Ghost.of.Harrenhal.2160p.TrueHD.Atmos.7.1.DV.HEVC.REMUX-FraMeSToR.mkv,356
1766003035,50,Game of Thrones S02E06 The Old Gods and the New 4K,/mnt/my-zfs/mediarr/torrent/arch/Game.of.Thrones.S01-S08.2160p.UHD.BluRay.REMUX.DV.HDR.HEVC.TrueHD.7.1.Atmos-FraMeSToR/Game.of.Thrones.S02.UHD.BluRay.2160p.TrueHD.Atmos.7.1.DV.HEVC.REMUX-FraMeSToR/Game.of.Thrones.S02E06.The.Old.Gods.and.the.New.2160p.TrueHD.Atmos.7.1.DV.HEVC.REMUX-FraMeSToR.mkv,360
1766003036,45,Game of Thrones S02E07 A Man Without Honor 4K,/mnt/my-zfs/mediarr/torrent/arch/Game.of.Thrones.S01-S08.2160p.UHD.BluRay.REMUX.DV.HDR.HEVC.TrueHD.7.1.Atmos-FraMeSToR/Game.of.Thrones.S02.UHD.BluRay.2160p.TrueHD.Atmos.7.1.DV.HEVC.REMUX-FraMeSToR/Game.of.Thrones.S02E07.A.Man.Without.Honor.2160p.TrueHD.Atmos.7.1.DV.HEVC.REMUX-FraMeSToR.mkv,350
1766003040,50,Game of Thrones S02E08 The Prince of Winterfell 4K,/mnt/my-zfs/mediarr/torrent/arch/Game.of.Thrones.S01-S08.2160p.UHD.BluRay.REMUX.DV.HDR.HEVC.TrueHD.7.1.Atmos-FraMeSToR/Game.of.Thrones.S02.UHD.BluRay.2160p.TrueHD.Atmos.7.1.DV.HEVC.REMUX-FraMeSToR/Game.of.Thrones.S02E08.The.Prince.of.Winterfell.2160p.TrueHD.Atmos.7.1.DV.HEVC.REMUX-FraMeSToR.mkv,360
1766003041,36,Game of Thrones S02E09 Blackwater 4K,/mnt/my-zfs/mediarr/torrent/arch/Game.of.Thrones.S01-S08.2160p.UHD.BluRay.REMUX.DV.HDR.HEVC.TrueHD.7.1.Atmos-FraMeSToR/Game.of.Thrones.S02.UHD.BluRay.2160p.TrueHD.Atmos.7.1.DV.HEVC.REMUX-FraMeSToR/Game.of.Thrones.S02E09.Blackwater.2160p.TrueHD.Atmos.7.1.DV.HEVC.REMUX-FraMeSToR.mkv,332
1766003044,41,Game of Thrones S02E10 Valar Morghulis 4K,/mnt/my-zfs/mediarr/torrent/arch/Game.of.Thrones.S01-S08.2160p.UHD.BluRay.REMUX.DV.HDR.HEVC.TrueHD.7.1.Atmos-FraMeSToR/Game.of.Thrones.S02.UHD.BluRay.2160p.TrueHD.Atmos.7.1.DV.HEVC.REMUX-FraMeSToR/Game.of.Thrones.S02E10.Valar.Morghulis.2160p.TrueHD.Atmos.7.1.DV.HEVC.REMUX-FraMeSToR.mkv,342
1766003044,40,Game of Thrones S03E01 Valar Dohaeris 4K,/mnt/my-zfs/mediarr/torrent/arch/Game.of.Thrones.S01-S08.2160p.UHD.BluRay.REMUX.DV.HDR.HEVC.TrueHD.7.1.Atmos-FraMeSToR/Game.of.Thrones.S03.UHD.BluRay.2160p.TrueHD.Atmos.7.1.DV.HEVC.REMUX-FraMeSToR/Game.of.Thrones.S03E01.Valar.Dohaeris.2160p.TrueHD.Atmos.7.1.DV.HEVC.REMUX-FraMeSToR.mkv,340
1766003047,48,Game of Thrones S03E02 Dark Wings, Dark Words 4K,/mnt/my-zfs/mediarr/torrent/arch/Game.of.Thrones.S01-S08.2160p.UHD.BluRay.REMUX.DV.HDR.HEVC.TrueHD.7.1.Atmos-FraMeSToR/Game.of.Thrones.S03.UHD.BluRay.2160p.TrueHD.Atmos.7.1.DV.HEVC.REMUX-FraMeSToR/Game.of.Thrones.S03E02.Dark.Wings.Dark.Words.2160p.TrueHD.Atmos.7.1.DV.HEVC.REMUX-FraMeSToR.mkv,355
1766003048,44,Game of Thrones S03E03 Walk of Punishment 4K,/mnt/my-zfs/mediarr/torrent/arch/Game.of.Thrones.S01-S08.2160p.UHD.BluRay.REMUX.DV.HDR.HEVC.TrueHD.7.1.Atmos-FraMeSToR/Game.of.Thrones.S03.UHD.BluRay.2160p.TrueHD.Atmos.7.1.DV.HEVC.REMUX-FraMeSToR/Game.of.Thrones.S03E03.Walk.of.Punishment.2160p.TrueHD.Atmos.7.1.DV.HEVC.REMUX-FraMeSToR.mkv,348
1766003049,52,Game of Thrones S03E04 And Now His Watch Is Ended 4K,/mnt/my-zfs/mediarr/torrent/arch/Game.of.Thrones.S01-S08.2160p.UHD.BluRay.REMUX.DV.HDR.HEVC.TrueHD.7.1.Atmos-FraMeSToR/Game.of.Thrones.S03.UHD.BluRay.2160p.TrueHD.Atmos.7.1.DV.HEVC.REMUX-FraMeSToR/Game.of.Thrones.S03E04.And.Now.His.Watch.Is.Ended.2160p.TrueHD.Atmos.7.1.DV.HEVC.REMUX-FraMeSToR.mkv,364
1766003050,40,Game of Thrones S03E05 Kissed by Fire 4K,/mnt/my-zfs/mediarr/torrent/arch/Game.of.Thrones.S01-S08.2160p.UHD.BluRay.REMUX.DV.HDR.HEVC.TrueHD.7.1.Atmos-FraMeSToR/Game.of.Thrones.S03.UHD.BluRay.2160p.TrueHD.Atmos.7.1.DV.HEVC.REMUX-FraMeSToR/Game.of.Thrones.S03E05.Kissed.by.Fire.2160p.TrueHD.Atmos.7.1.DV.HEVC.REMUX-FraMeSToR.mkv,340
1766003052,35,Game of Thrones S03E06 The Climb 4K,/mnt/my-zfs/mediarr/torrent/arch/Game.of.Thrones.S01-S08.2160p.UHD.BluRay.REMUX.DV.HDR.HEVC.TrueHD.7.1.Atmos-FraMeSToR/Game.of.Thrones.S03.UHD.BluRay.2160p.TrueHD.Atmos.7.1.DV.HEVC.REMUX-FraMeSToR/Game.of.Thrones.S03E06.The.Climb.2160p.TrueHD.Atmos.7.1.DV.HEVC.REMUX-FraMeSToR.mkv,330
1766003053,54,Game of Thrones S03E07 The Bear and the Maiden Fair 4K,/mnt/my-zfs/mediarr/torrent/arch/Game.of.Thrones.S01-S08.2160p.UHD.BluRay.REMUX.DV.HDR.HEVC.TrueHD.7.1.Atmos-FraMeSToR/Game.of.Thrones.S03.UHD.BluRay.2160p.TrueHD.Atmos.7.1.DV.HEVC.REMUX-FraMeSToR/Game.of.Thrones.S03E07.The.Bear.and.the.Maiden.Fair.2160p.TrueHD.Atmos.7.1.DV.HEVC.REMUX-FraMeSToR.mkv,368
1766003060,37,Game of Thrones S03E08 Second Sons 4K,/mnt/my-zfs/mediarr/torrent/arch/Game.of.Thrones.S01-S08.2160p.UHD.BluRay.REMUX.DV.HDR.HEVC.TrueHD.7.1.Atmos-FraMeSToR/Game.of.Thrones.S03.UHD.BluRay.2160p.TrueHD.Atmos.7.1.DV.HEVC.REMUX-FraMeSToR/Game.of.Thrones.S03E08.Second.Sons.2160p.TrueHD.Atmos.7.1.DV.HEVC.REMUX-FraMeSToR.mkv,334
1766003061,48,Game of Thrones S03E09 The Rains of Castamere 4K,/mnt/my-zfs/mediarr/torrent/arch/Game.of.Thrones.S01-S08.2160p.UHD.BluRay.REMUX.DV.HDR.HEVC.TrueHD.7.1.Atmos-FraMeSToR/Game.of.Thrones.S03.UHD.BluRay.2160p.TrueHD.Atmos.7.1.DV.HEVC.REMUX-FraMeSToR/Game.of.Thrones.S03E09.The.Rains.of.Castamere.2160p.TrueHD.Atmos.7.1.DV.HEVC.REMUX-FraMeSToR.mkv,356
1766003066,31,Game of Thrones S03E10 Mhysa 4K,/mnt/my-zfs/mediarr/torrent/arch/Game.of.Thrones.S01-S08.2160p.UHD.BluRay.REMUX.DV.HDR.HEVC.TrueHD.7.1.Atmos-FraMeSToR/Game.of.Thrones.S03.UHD.BluRay.2160p.TrueHD.Atmos.7.1.DV.HEVC.REMUX-FraMeSToR/Game.of.Thrones.S03E10.Mhysa.2160p.TrueHD.Atmos.7.1.DV.HEVC.REMUX-FraMeSToR.mkv,322
1766003067,36,Game of Thrones S04E01 Two Swords 4K,/mnt/my-zfs/mediarr/torrent/arch/Game.of.Thrones.S01-S08.2160p.UHD.BluRay.REMUX.DV.HDR.HEVC.TrueHD.7.1.Atmos-FraMeSToR/Game.of.Thrones.S04.UHD.BluRay.2160p.TrueHD.Atmos.7.1.DV.HEVC.REMUX-FraMeSToR/Game.of.Thrones.S04E01.Two.Swords.2160p.TrueHD.Atmos.7.1.DV.HEVC.REMUX-FraMeSToR.mkv,332
1766003069,47,Game of Thrones S04E02 The Lion and the Rose 4K,/mnt/my-zfs/mediarr/torrent/arch/Game.of.Thrones.S01-S08.2160p.UHD.BluRay.REMUX.DV.HDR.HEVC.TrueHD.7.1.Atmos-FraMeSToR/Game.of.Thrones.S04.UHD.BluRay.2160p.TrueHD.Atmos.7.1.DV.HEVC.REMUX-FraMeSToR/Game.of.Thrones.S04E02.The.Lion.and.the.Rose.2160p.TrueHD.Atmos.7.1.DV.HEVC.REMUX-FraMeSToR.mkv,354
1766003070,43,Game of Thrones S04E03 Breaker of Chains 4K,/mnt/my-zfs/mediarr/torrent/arch/Game.of.Thrones.S01-S08.2160p.UHD.BluRay.REMUX.DV.HDR.HEVC.TrueHD.7.1.Atmos-FraMeSToR/Game.of.Thrones.S04.UHD.BluRay.2160p.TrueHD.Atmos.7.1.DV.HEVC.REMUX-FraMeSToR/Game.of.Thrones.S04E03.Breaker.of.Chains.2160p.TrueHD.Atmos.7.1.DV.HEVC.REMUX-FraMeSToR.mkv,346
1766003072,36,Game of Thrones S04E04 Oathkeeper 4K,/mnt/my-zfs/mediarr/torrent/arch/Game.of.Thrones.S01-S08.2160p.UHD.BluRay.REMUX.DV.HDR.HEVC.TrueHD.7.1.Atmos-FraMeSToR/Game.of.Thrones.S04.UHD.BluRay.2160p.TrueHD.Atmos.7.1.DV.HEVC.REMUX-FraMeSToR/Game.of.Thrones.S04E04.Oathkeeper.2160p.TrueHD.Atmos.7.1.DV.HEVC.REMUX-FraMeSToR.mkv,332
1766003073,43,Game of Thrones S04E05 First of His Name 4K,/mnt/my-zfs/mediarr/torrent/arch/Game.of.Thrones.S01-S08.2160p.UHD.BluRay.REMUX.DV.HDR.HEVC.TrueHD.7.1.Atmos-FraMeSToR/Game.of.Thrones.S04.UHD.BluRay.2160p.TrueHD.Atmos.7.1.DV.HEVC.REMUX-FraMeSToR/Game.of.Thrones.S04E05.First.of.His.Name.2160p.TrueHD.Atmos.7.1.DV.HEVC.REMUX-FraMeSToR.mkv,346
1766003075,50,Game of Thrones S04E06 The Laws of Gods and Men 4K,/mnt/my-zfs/mediarr/torrent/arch/Game.of.Thrones.S01-S08.2160p.UHD.BluRay.REMUX.DV.HDR.HEVC.TrueHD.7.1.Atmos-FraMeSToR/Game.of.Thrones.S04.UHD.BluRay.2160p.TrueHD.Atmos.7.1.DV.HEVC.REMUX-FraMeSToR/Game.of.Thrones.S04E06.The.Laws.of.Gods.and.Men.2160p.TrueHD.Atmos.7.1.DV.HEVC.REMUX-FraMeSToR.mkv,360
1766003075,37,Game of Thrones S04E07 Mockingbird 4K,/mnt/my-zfs/mediarr/torrent/arch/Game.of.Thrones.S01-S08.2160p.UHD.BluRay.REMUX.DV.HDR.HEVC.TrueHD.7.1.Atmos-FraMeSToR/Game.of.Thrones.S04.UHD.BluRay.2160p.TrueHD.Atmos.7.1.DV.HEVC.REMUX-FraMeSToR/Game.of.Thrones.S04E07.Mockingbird.2160p.TrueHD.Atmos.7.1.DV.HEVC.REMUX-FraMeSToR.mkv,334
1766003078,52,Game of Thrones S04E08 The Mountain and the Viper 4K,/mnt/my-zfs/mediarr/torrent/arch/Game.of.Thrones.S01-S08.2160p.UHD.BluRay.REMUX.DV.HDR.HEVC.TrueHD.7.1.Atmos-FraMeSToR/Game.of.Thrones.S04.UHD.BluRay.2160p.TrueHD.Atmos.7.1.DV.HEVC.REMUX-FraMeSToR/Game.of.Thrones.S04E08.The.Mountain.and.the.Viper.2160p.TrueHD.Atmos.7.1.DV.HEVC.REMUX-FraMeSToR.mkv,364
1766003078,50,Game of Thrones S04E09 The Watchers on the Wall 4K,/mnt/my-zfs/mediarr/torrent/arch/Game.of.Thrones.S01-S08.2160p.UHD.BluRay.REMUX.DV.HDR.HEVC.TrueHD.7.1.Atmos-FraMeSToR/Game.of.Thrones.S04.UHD.BluRay.2160p.TrueHD.Atmos.7.1.DV.HEVC.REMUX-FraMeSToR/Game.of.Thrones.S04E09.The.Watchers.on.the.Wall.2160p.TrueHD.Atmos.7.1.DV.HEVC.REMUX-FraMeSToR.mkv,360
1766003085,38,Game of Thrones S04E10 The Children 4K,/mnt/my-zfs/mediarr/torrent/arch/Game.of.Thrones.S01-S08.2160p.UHD.BluRay.REMUX.DV.HDR.HEVC.TrueHD.7.1.Atmos-FraMeSToR/Game.of.Thrones.S04.UHD.BluRay.2160p.TrueHD.Atmos.7.1.DV.HEVC.REMUX-FraMeSToR/Game.of.Thrones.S04E10.The.Children.2160p.TrueHD.Atmos.7.1.DV.HEVC.REMUX-FraMeSToR.mkv,336
1766003087,42,Game of Thrones S05E01 The Wars to Come 4K,/mnt/my-zfs/mediarr/torrent/arch/Game.of.Thrones.S01-S08.2160p.UHD.BluRay.REMUX.DV.HDR.HEVC.TrueHD.7.1.Atmos-FraMeSToR/Game.of.Thrones.S05.UHD.BluRay.2160p.TrueHD.Atmos.7.1.DV.HEVC.REMUX-FraMeSToR/Game.of.Thrones.S05E01.The.Wars.to.Come.2160p.TrueHD.Atmos.7.1.DV.HEVC.REMUX-FraMeSToR.mkv,344
1766003091,54,Game of Thrones S05E02 The House of Black and White 4K,/mnt/my-zfs/mediarr/torrent/arch/Game.of.Thrones.S01-S08.2160p.UHD.BluRay.REMUX.DV.HDR.HEVC.TrueHD.7.1.Atmos-FraMeSToR/Game.of.Thrones.S05.UHD.BluRay.2160p.TrueHD.Atmos.7.1.DV.HEVC.REMUX-FraMeSToR/Game.of.Thrones.S05E02.The.House.of.Black.and.White.2160p.TrueHD.Atmos.7.1.DV.HEVC.REMUX-FraMeSToR.mkv,368
1766003092,38,Game of Thrones S05E03 High Sparrow 4K,/mnt/my-zfs/mediarr/torrent/arch/Game.of.Thrones.S01-S08.2160p.UHD.BluRay.REMUX.DV.HDR.HEVC.TrueHD.7.1.Atmos-FraMeSToR/Game.of.Thrones.S05.UHD.BluRay.2160p.TrueHD.Atmos.7.1.DV.HEVC.REMUX-FraMeSToR/Game.of.Thrones.S05E03.High.Sparrow.2160p.TrueHD.Atmos.7.1.DV.HEVC.REMUX-FraMeSToR.mkv,336
1766003094,43,Game of Thrones S05E04 Sons of the Harpy 4K,/mnt/my-zfs/mediarr/torrent/arch/Game.of.Thrones.S01-S08.2160p.UHD.BluRay.REMUX.DV.HDR.HEVC.TrueHD.7.1.Atmos-FraMeSToR/Game.of.Thrones.S05.UHD.BluRay.2160p.TrueHD.Atmos.7.1.DV.HEVC.REMUX-FraMeSToR/Game.of.Thrones.S05E04.Sons.of.the.Harpy.2160p.TrueHD.Atmos.7.1.DV.HEVC.REMUX-FraMeSToR.mkv,346
1766003095,38,Game of Thrones S05E05 Kill the Boy 4K,/mnt/my-zfs/mediarr/torrent/arch/Game.of.Thrones.S01-S08.2160p.UHD.BluRay.REMUX.DV.HDR.HEVC.TrueHD.7.1.Atmos-FraMeSToR/Game.of.Thrones.S05.UHD.BluRay.2160p.TrueHD.Atmos.7.1.DV.HEVC.REMUX-FraMeSToR/Game.of.Thrones.S05E05.Kill.the.Boy.2160p.TrueHD.Atmos.7.1.DV.HEVC.REMUX-FraMeSToR.mkv,336
1766003097,51,Game of Thrones S05E06 Unbowed, Unbent, Unbroken 4K,/mnt/my-zfs/mediarr/torrent/arch/Game.of.Thrones.S01-S08.2160p.UHD.BluRay.REMUX.DV.HDR.HEVC.TrueHD.7.1.Atmos-FraMeSToR/Game.of.Thrones.S05.UHD.BluRay.2160p.TrueHD.Atmos.7.1.DV.HEVC.REMUX-FraMeSToR/Game.of.Thrones.S05E06.Unbowed.Unbent.Unbroken.2160p.TrueHD.Atmos.7.1.DV.HEVC.REMUX-FraMeSToR.mkv,360
1766003098,34,Game of Thrones S05E07 The Gift 4K,/mnt/my-zfs/mediarr/torrent/arch/Game.of.Thrones.S01-S08.2160p.UHD.BluRay.REMUX.DV.HDR.HEVC.TrueHD.7.1.Atmos-FraMeSToR/Game.of.Thrones.S05.UHD.BluRay.2160p.TrueHD.Atmos.7.1.DV.HEVC.REMUX-FraMeSToR/Game.of.Thrones.S05E07.The.Gift.2160p.TrueHD.Atmos.7.1.DV.HEVC.REMUX-FraMeSToR.mkv,328
1766003100,34,Game of Thrones S05E08 Hardhome 4K,/mnt/my-zfs/mediarr/torrent/arch/Game.of.Thrones.S01-S08.2160p.UHD.BluRay.REMUX.DV.HDR.HEVC.TrueHD.7.1.Atmos-FraMeSToR/Game.of.Thrones.S05.UHD.BluRay.2160p.TrueHD.Atmos.7.1.DV.HEVC.REMUX-FraMeSToR/Game.of.Thrones.S05E08.Hardhome.2160p.TrueHD.Atmos.7.1.DV.HEVC.REMUX-FraMeSToR.mkv,328
1766003100,46,Game of Thrones S05E09 The Dance of Dragons 4K,/mnt/my-zfs/mediarr/torrent/arch/Game.of.Thrones.S01-S08.2160p.UHD.BluRay.REMUX.DV.HDR.HEVC.TrueHD.7.1.Atmos-FraMeSToR/Game.of.Thrones.S05.UHD.BluRay.2160p.TrueHD.Atmos.7.1.DV.HEVC.REMUX-FraMeSToR/Game.of.Thrones.S05E09.The.Dance.of.Dragons.2160p.TrueHD.Atmos.7.1.DV.HEVC.REMUX-FraMeSToR.mkv,352
1766003103,40,Game of Thrones S05E10 Mother's Mercy 4K,/mnt/my-zfs/mediarr/torrent/arch/Game.of.Thrones.S01-S08.2160p.UHD.BluRay.REMUX.DV.HDR.HEVC.TrueHD.7.1.Atmos-FraMeSToR/Game.of.Thrones.S05.UHD.BluRay.2160p.TrueHD.Atmos.7.1.DV.HEVC.REMUX-FraMeSToR/Game.of.Thrones.S05E10.Mother's.Mercy.2160p.TrueHD.Atmos.7.1.DV.HEVC.REMUX-FraMeSToR.mkv,340
1766003103,39,Game of Thrones S06E01 The Red Woman 4K,/mnt/my-zfs/mediarr/torrent/arch/Game.of.Thrones.S01-S08.2160p.UHD.BluRay.REMUX.DV.HDR.HEVC.TrueHD.7.1.Atmos-FraMeSToR/Game.of.Thrones.S06.UHD.BluRay.2160p.TrueHD.Atmos.7.1.DV.HEVC.REMUX-FraMeSToR/Game.of.Thrones.S06E01.The.Red.Woman.2160p.TrueHD.Atmos.7.1.DV.HEVC.REMUX-FraMeSToR.mkv,338
1766003110,30,Game of Thrones S06E02 Home 4K,/mnt/my-zfs/mediarr/torrent/arch/Game.of.Thrones.S01-S08.2160p.UHD.BluRay.REMUX.DV.HDR.HEVC.TrueHD.7.1.Atmos-FraMeSToR/Game.of.Thrones.S06.UHD.BluRay.2160p.TrueHD.Atmos.7.1.DV.HEVC.REMUX-FraMeSToR/Game.of.Thrones.S06E02.Home.2160p.TrueHD.Atmos.7.1.DV.HEVC.REMUX-FraMeSToR.mkv,320
1766003112,37,Game of Thrones S06E03 Oathbreaker 4K,/mnt/my-zfs/mediarr/torrent/arch/Game.of.Thrones.S01-S08.2160p.UHD.BluRay.REMUX.DV.HDR.HEVC.TrueHD.7.1.Atmos-FraMeSToR/Game.of.Thrones.S06.UHD.BluRay.2160p.TrueHD.Atmos.7.1.DV.HEVC.REMUX-FraMeSToR/Game.of.Thrones.S06E03.Oathbreaker.2160p.TrueHD.Atmos.7.1.DV.HEVC.REMUX-FraMeSToR.mkv,334
1766003116,46,Game of Thrones S06E04 Book of the Stranger 4K,/mnt/my-zfs/mediarr/torrent/arch/Game.of.Thrones.S01-S08.2160p.UHD.BluRay.REMUX.DV.HDR.HEVC.TrueHD.7.1.Atmos-FraMeSToR/Game.of.Thrones.S06.UHD.BluRay.2160p.TrueHD.Atmos.7.1.DV.HEVC.REMUX-FraMeSToR/Game.of.Thrones.S06E04.Book.of.the.Stranger.2160p.TrueHD.Atmos.7.1.DV.HEVC.REMUX-FraMeSToR.mkv,352
1766003117,34,Game of Thrones S06E05 The Door 4K,/mnt/my-zfs/mediarr/torrent/arch/Game.of.Thrones.S01-S08.2160p.UHD.BluRay.REMUX.DV.HDR.HEVC.TrueHD.7.1.Atmos-FraMeSToR/Game.of.Thrones.S06.UHD.BluRay.2160p.TrueHD.Atmos.7.1.DV.HEVC.REMUX-FraMeSToR/Game.of.Thrones.S06E05.The.Door.2160p.TrueHD.Atmos.7.1.DV.HEVC.REMUX-FraMeSToR.mkv,328
1766003119,43,Game of Thrones S06E06 Blood of My Blood 4K,/mnt/my-zfs/mediarr/torrent/arch/Game.of.Thrones.S01-S08.2160p.UHD.BluRay.REMUX.DV.HDR.HEVC.TrueHD.7.1.Atmos-FraMeSToR/Game.of.Thrones.S06.UHD.BluRay.2160p.TrueHD.Atmos.7.1.DV.HEVC.REMUX-FraMeSToR/Game.of.Thrones.S06E06.Blood.of.My.Blood.2160p.TrueHD.Atmos.7.1.DV.HEVC.REMUX-FraMeSToR.mkv,346
1766003120,40,Game of Thrones S06E07 The Broken Man 4K,/mnt/my-zfs/mediarr/torrent/arch/Game.of.Thrones.S01-S08.2160p.UHD.BluRay.REMUX.DV.HDR.HEVC.TrueHD.7.1.Atmos-FraMeSToR/Game.of.Thrones.S06.UHD.BluRay.2160p.TrueHD.Atmos.7.1.DV.HEVC.REMUX-FraMeSToR/Game.of.Thrones.S06E07.The.Broken.Man.2160p.TrueHD.Atmos.7.1.DV.HEVC.REMUX-FraMeSToR.mkv,340
1766003122,32,Game of Thrones S06E08 No One 4K,/mnt/my-zfs/mediarr/torrent/arch/Game.of.Thrones.S01-S08.2160p.UHD.BluRay.REMUX.DV.HDR.HEVC.TrueHD.7.1.Atmos-FraMeSToR/Game.of.Thrones.S06.UHD.BluRay.2160p.TrueHD.Atmos.7.1.DV.HEVC.REMUX-FraMeSToR/Game.of.Thrones.S06E08.No.One.2160p.TrueHD.Atmos.7.1.DV.HEVC.REMUX-FraMeSToR.mkv,324
1766003123,48,Game of Thrones S06E09 Battle of the Bastards 4K,/mnt/my-zfs/mediarr/torrent/arch/Game.of.Thrones.S01-S08.2160p.UHD.BluRay.REMUX.DV.HDR.HEVC.TrueHD.7.1.Atmos-FraMeSToR/Game.of.Thrones.S06.UHD.BluRay.2160p.TrueHD.Atmos.7.1.DV.HEVC.REMUX-FraMeSToR/Game.of.Thrones.S06E09.Battle.of.the.Bastards.2160p.TrueHD.Atmos.7.1.DV.HEVC.REMUX-FraMeSToR.mkv,356
1766003125,45,Game of Thrones S06E10 The Winds of Winter 4K,/mnt/my-zfs/mediarr/torrent/arch/Game.of.Thrones.S01-S08.2160p.UHD.BluRay.REMUX.DV.HDR.HEVC.TrueHD.7.1.Atmos-FraMeSToR/Game.of.Thrones.S06.UHD.BluRay.2160p.TrueHD.Atmos.7.1.DV.HEVC.REMUX-FraMeSToR/Game.of.Thrones.S06E10.The.Winds.of.Winter.2160p.TrueHD.Atmos.7.1.DV.HEVC.REMUX-FraMeSToR.mkv,350
1766003126,37,Game of Thrones S07E01 Dragonstone 4K,/mnt/my-zfs/mediarr/torrent/arch/Game.of.Thrones.S01-S08.2160p.UHD.BluRay.REMUX.DV.HDR.HEVC.TrueHD.7.1.Atmos-FraMeSToR/Game.of.Thrones.S07.UHD.BluRay.2160p.TrueHD.Atmos.7.1.DV.HEVC.REMUX-FraMeSToR/Game.of.Thrones.S07E01.Dragonstone.2160p.TrueHD.Atmos.7.1.DV.HEVC.REMUX-FraMeSToR.mkv,334
1766003128,35,Game of Thrones S07E02 Stormborn 4K,/mnt/my-zfs/mediarr/torrent/arch/Game.of.Thrones.S01-S08.2160p.UHD.BluRay.REMUX.DV.HDR.HEVC.TrueHD.7.1.Atmos-FraMeSToR/Game.of.Thrones.S07.UHD.BluRay.2160p.TrueHD.Atmos.7.1.DV.HEVC.REMUX-FraMeSToR/Game.of.Thrones.S07E02.Stormborn.2160p.TrueHD.Atmos.7.1.DV.HEVC.REMUX-FraMeSToR.mkv,330
1766003128,45,Game of Thrones S07E03 The Queen's Justice 4K,/mnt/my-zfs/mediarr/torrent/arch/Game.of.Thrones.S01-S08.2160p.UHD.BluRay.REMUX.DV.HDR.HEVC.TrueHD.7.1.Atmos-FraMeSToR/Game.of.Thrones.S07.UHD.BluRay.2160p.TrueHD.Atmos.7.1.DV.HEVC.REMUX-FraMeSToR/Game.of.Thrones.S07E03.The.Queen's.Justice.2160p.TrueHD.Atmos.7.1.DV.HEVC.REMUX-FraMeSToR.mkv,350
1766003135,43,Game of Thrones S07E04 The Spoils of War 4K,/mnt/my-zfs/mediarr/torrent/arch/Game.of.Thrones.S01-S08.2160p.UHD.BluRay.REMUX.DV.HDR.HEVC.TrueHD.7.1.Atmos-FraMeSToR/Game.of.Thrones.S07.UHD.BluRay.2160p.TrueHD.Atmos.7.1.DV.HEVC.REMUX-FraMeSToR/Game.of.Thrones.S07E04.The.Spoils.of.War.2160p.TrueHD.Atmos.7.1.DV.HEVC.REMUX-FraMeSToR.mkv,346
1766003137,35,Game of Thrones S07E05 Eastwatch 4K,/mnt/my-zfs/mediarr/torrent/arch/Game.of.Thrones.S01-S08.2160p.UHD.BluRay.REMUX.DV.HDR.HEVC.TrueHD.7.1.Atmos-FraMeSToR/Game.of.Thrones.S07.UHD.BluRay.2160p.TrueHD.Atmos.7.1.DV.HEVC.REMUX-FraMeSToR/Game.of.Thrones.S07E05.Eastwatch.2160p.TrueHD.Atmos.7.1.DV.HEVC.REMUX-FraMeSToR.mkv,330
1766003141,41,Game of Thrones S07E06 Beyond the Wall 4K,/mnt/my-zfs/mediarr/torrent/arch/Game.of.Thrones.S01-S08.2160p.UHD.BluRay.REMUX.DV.HDR.HEVC.TrueHD.7.1.Atmos-FraMeSToR/Game.of.Thrones.S07.UHD.BluRay.2160p.TrueHD.Atmos.7.1.DV.HEVC.REMUX-FraMeSToR/Game.of.Thrones.S07E06.Beyond.the.Wall.2160p.TrueHD.Atmos.7.1.DV.HEVC.REMUX-FraMeSToR.mkv,342
1766003142,49,Game of Thrones S07E07 The Dragon and the Wolf 4K,/mnt/my-zfs/mediarr/torrent/arch/Game.of.Thrones.S01-S08.2160p.UHD.BluRay.REMUX.DV.HDR.HEVC.TrueHD.7.1.Atmos-FraMeSToR/Game.of.Thrones.S07.UHD.BluRay.2160p.TrueHD.Atmos.7.1.DV.HEVC.REMUX-FraMeSToR/Game.of.Thrones.S07E07.The.Dragon.and.the.Wolf.2160p.TrueHD.Atmos.7.1.DV.HEVC.REMUX-FraMeSToR.mkv,358
1766003145,36,Game of Thrones S08E01 Winterfell 4K,/mnt/my-zfs/mediarr/torrent/arch/Game.of.Thrones.S01-S08.2160p.UHD.BluRay.REMUX.DV.HDR.HEVC.TrueHD.7.1.Atmos-FraMeSToR/Game.of.Thrones.S08.UHD.BluRay.2160p.TrueHD.Atmos.7.1.DV.HEVC.REMUX-FraMeSToR/Game.of.Thrones.S08E01.Winterfell.2160p.TrueHD.Atmos.7.1.DV.HEVC.REMUX-FraMeSToR.mkv,332
1766003145,56,Game of Thrones S08E02 A Knight of the Seven Kingdoms 4K,/mnt/my-zfs/mediarr/torrent/arch/Game.of.Thrones.S01-S08.2160p.UHD.BluRay.REMUX.DV.HDR.HEVC.TrueHD.7.1.Atmos-FraMeSToR/Game.of.Thrones.S08.UHD.BluRay.2160p.TrueHD.Atmos.7.1.DV.HEVC.REMUX-FraMeSToR/Game.of.Thrones.S08E02.A.Knight.of.the.Seven.Kingdoms.2160p.TrueHD.Atmos.7.1.DV.HEVC.REMUX-FraMeSToR.mkv,372
1766003148,40,Game of Thrones S08E03 The Long Night 4K,/mnt/my-zfs/mediarr/torrent/arch/Game.of.Thrones.S01-S08.2160p.UHD.BluRay.REMUX.DV.HDR.HEVC.TrueHD.7.1.Atmos-FraMeSToR/Game.of.Thrones.S08.UHD.BluRay.2160p.TrueHD.Atmos.7.1.DV.HEVC.REMUX-FraMeSToR/Game.of.Thrones.S08E03.The.Long.Night.2160p.TrueHD.Atmos.7.1.DV.HEVC.REMUX-FraMeSToR.mkv,340
1766003149,48,Game of Thrones S08E04 The Last of the Starks 4K,/mnt/my-zfs/mediarr/torrent/arch/Game.of.Thrones.S01-S08.2160p.UHD.BluRay.REMUX.DV.HDR.HEVC.TrueHD.7.1.Atmos-FraMeSToR/Game.of.Thrones.S08.UHD.BluRay.2160p.TrueHD.Atmos.7.1.DV.HEVC.REMUX-FraMeSToR/Game.of.Thrones.S08E04.The.Last.of.the.Starks.2160p.TrueHD.Atmos.7.1.DV.HEVC.REMUX-FraMeSToR.mkv,356
1766003150,35,Game of Thrones S08E05 The Bells 4K,/mnt/my-zfs/mediarr/torrent/arch/Game.of.Thrones.S01-S08.2160p.UHD.BluRay.REMUX.DV.HDR.HEVC.TrueHD.7.1.Atmos-FraMeSToR/Game.of.Thrones.S08.UHD.BluRay.2160p.TrueHD.Atmos.7.1.DV.HEVC.REMUX-FraMeSToR/Game.of.Thrones.S08E05.The.Bells.2160p.TrueHD.Atmos.7.1.DV.HEVC.REMUX-FraMeSToR.mkv,330
1766003151,41,Game of Thrones S08E06 The Iron Throne 4K,/mnt/my-zfs/mediarr/torrent/arch/Game.of.Thrones.S01-S08.2160p.UHD.BluRay.REMUX.DV.HDR.HEVC.TrueHD.7.1.Atmos-FraMeSToR/Game.of.Thrones.S08.UHD.BluRay.2160p.TrueHD.Atmos.7.1.DV.HEVC.REMUX-FraMeSToR/Game.of.Thrones.S08E06.The.Iron.Throne.2160p.TrueHD.Atmos.7.1.DV.HEVC.REMUX-FraMeSToR.mkv,342
1766003155,29,Grave of the Fireflies (1988),/mnt/my-zfs/mediarr/torrent/arch/Grave.of.the.Fireflies.1988.REPACK.BluRay.1080p.FLAC.2.0.AVC.REMUX-FraMeSToR/Grave.of.the.Fireflies.1988.REPACK.BluRay.1080p.FLAC.2.0.AVC.REMUX-FraMeSToR.mkv,234
1766003162,48,Hannibal.S01E04.OEuf.WEBRip.1080p.DD5.1.H265-d3g,/mnt/my-zfs/mediarr/torrent/arch/Hannibal S01-03 web hevc-d3g/Hannibal S01/Hannibal.S01E04.OEuf.WEBRip.1080p.DD5.1.H265-d3g.mkv,190
1766003162,53,Hannibal.S01E05.Coquilles.WEBRip.1080p.DD5.1.H265-d3g,/mnt/my-zfs/mediarr/torrent/arch/Hannibal S01-03 web hevc-d3g/Hannibal S01/Hannibal.S01E05.Coquilles.WEBRip.1080p.DD5.1.H265-d3g.mkv,200
1766003166,50,Hannibal.S01E07.Sorbet.WEBRip.1080p.DD5.1.H265-d3g,/mnt/my-zfs/mediarr/torrent/arch/Hannibal S01-03 web hevc-d3g/Hannibal S01/Hannibal.S01E07.Sorbet.WEBRip.1080p.DD5.1.H265-d3g.mkv,194
1766003169,56,Hannibal.S01E09.Trou.Normand.WEBRip.1080p.DD5.1.H265-d3g,/mnt/my-zfs/mediarr/torrent/arch/Hannibal S01-03 web hevc-d3g/Hannibal S01/Hannibal.S01E09.Trou.Normand.WEBRip.1080p.DD5.1.H265-d3g.mkv,206
1766003170,56,Hannibal.S01E10.Buffet.Froid.WEBRip.1080p.DD5.1.H265-d3g,/mnt/my-zfs/mediarr/torrent/arch/Hannibal S01-03 web hevc-d3g/Hannibal S01/Hannibal.S01E10.Buffet.Froid.WEBRip.1080p.DD5.1.H265-d3g.mkv,206
1766004513,17,Don't Look Behind,/mnt/my-zfs/mediarr/torrent/arch/[Anime Time] Black Lagoon (Complete Series) (Season 01+02+03+OST) [BD] [Dual Audio] [1080p][HEVC 10bit x265][AAC][Eng Sub]/NCOP and NCED/[Anime Time] Black Lagoon ED 01  - Don't Look Behind.mkv,258
1766004534,12,Red fraction,/mnt/my-zfs/mediarr/torrent/arch/[Anime Time] Black Lagoon (Complete Series) (Season 01+02+03+OST) [BD] [Dual Audio] [1080p][HEVC 10bit x265][AAC][Eng Sub]/NCOP and NCED/[Anime Time] Black Lagoon OP 01 - Red Fraction.mkv,247
1766004543,12,Red Fraction,/mnt/my-zfs/mediarr/torrent/arch/[Anime Time] Black Lagoon (Complete Series) (Season 01+02+03+OST) [BD] [Dual Audio] [1080p][HEVC 10bit x265][AAC][Eng Sub]/OST/BLACK LAGOON OP - Red fraction/[Anime Time] Black Lagoon - 001 - Red Fraction.mp3,268
1766004550,,,/mnt/my-zfs/mediarr/torrent/arch/[Anime Time] Black Lagoon (Complete Series) (Season 01+02+03+OST) [BD] [Dual Audio] [1080p][HEVC 10bit x265][AAC][Eng Sub]/Season 1/[Anime Time] Black Lagoon  -011 - Lockn Load Revolution.mkv,237
1766004584,,,/mnt/my-zfs/mediarr/torrent/arch/[Anime Time] Black Lagoon (Complete Series) (Season 01+02+03+OST) [BD] [Dual Audio] [1080p][HEVC 10bit x265][AAC][Eng Sub]/Season 1/[Anime Time] Black Lagoon  -011 - Lockn Load Revolution.mkv,237
1766004590,,,/mnt/my-zfs/mediarr/torrent/arch/[Anime Time] Black Lagoon (Complete Series) (Season 01+02+03+OST) [BD] [Dual Audio] [1080p][HEVC 10bit x265][AAC][Eng Sub]/Season 1/[Anime Time] Black Lagoon  -011 - Lockn Load Revolution.mkv,237
1766004606,,,/mnt/my-zfs/mediarr/torrent/arch/[Anime Time] Black Lagoon (Complete Series) (Season 01+02+03+OST) [BD] [Dual Audio] [1080p][HEVC 10bit x265][AAC][Eng Sub]/Season 1/[Anime Time] Black Lagoon  -011 - Lockn Load Revolution.mkv,237
1766004609,,,/mnt/my-zfs/mediarr/torrent/arch/[Anime Time] Black Lagoon (Complete Series) (Season 01+02+03+OST) [BD] [Dual Audio] [1080p][HEVC 10bit x265][AAC][Eng Sub]/Season 1/[Anime Time] Black Lagoon - 001 - The Black Lagoon.mkv,232
1766004612,,,/mnt/my-zfs/mediarr/torrent/arch/[Anime Time] Black Lagoon (Complete Series) (Season 01+02+03+OST) [BD] [Dual Audio] [1080p][HEVC 10bit x265][AAC][Eng Sub]/Season 1/[Anime Time] Black Lagoon  -011 - Lockn Load Revolution.mkv,237
1766004619,,,/mnt/my-zfs/mediarr/torrent/arch/[Anime Time] Black Lagoon (Complete Series) (Season 01+02+03+OST) [BD] [Dual Audio] [1080p][HEVC 10bit x265][AAC][Eng Sub]/Season 1/[Anime Time] Black Lagoon - 001 - The Black Lagoon.mkv,232
1766004621,,,/mnt/my-zfs/mediarr/torrent/arch/[Anime Time] Black Lagoon (Complete Series) (Season 01+02+03+OST) [BD] [Dual Audio] [1080p][HEVC 10bit x265][AAC][Eng Sub]/Season 1/[Anime Time] Black Lagoon - 002 - Mangrove Heaven.mkv,231
1766004624,,,/mnt/my-zfs/mediarr/torrent/arch/[Anime Time] Black Lagoon (Complete Series) (Season 01+02+03+OST) [BD] [Dual Audio] [1080p][HEVC 10bit x265][AAC][Eng Sub]/Season 1/[Anime Time] Black Lagoon - 001 - The Black Lagoon.mkv,232
1766004629,,,/mnt/my-zfs/mediarr/torrent/arch/[Anime Time] Black Lagoon (Complete Series) (Season 01+02+03+OST) [BD] [Dual Audio] [1080p][HEVC 10bit x265][AAC][Eng Sub]/Season 1/[Anime Time] Black Lagoon - 002 - Mangrove Heaven.mkv,231
1766004631,,,/mnt/my-zfs/mediarr/torrent/arch/[Anime Time] Black Lagoon (Complete Series) (Season 01+02+03+OST) [BD] [Dual Audio] [1080p][HEVC 10bit x265][AAC][Eng Sub]/Season 1/[Anime Time] Black Lagoon - 003 - Ring-Ding Ship Chase.mkv,236
1766004636,,,/mnt/my-zfs/mediarr/torrent/arch/[Anime Time] Black Lagoon (Complete Series) (Season 01+02+03+OST) [BD] [Dual Audio] [1080p][HEVC 10bit x265][AAC][Eng Sub]/Season 1/[Anime Time] Black Lagoon - 002 - Mangrove Heaven.mkv,231
1766004748,,,/mnt/my-zfs/mediarr/torrent/arch/[ASW] Dandadan - 18 [1080p HEVC][0B9ED491].mkv,92
1766004765,,,/mnt/my-zfs/mediarr/torrent/arch/[ASW] Dandadan - 18 [1080p HEVC][0B9ED491].mkv,92
1766004765,,,/mnt/my-zfs/mediarr/torrent/arch/[ASW] Dandadan - 17 [1080p HEVC][9263DB93].mkv,92
1766004772,,,/mnt/my-zfs/mediarr/torrent/arch/[ASW] Dandadan - 16 [1080p HEVC][0D7482AB].mkv,92
1766004774,,,/mnt/my-zfs/mediarr/torrent/arch/[ASW] Dandadan - 17 [1080p HEVC][9263DB93].mkv,92
1766004775,,,/mnt/my-zfs/mediarr/torrent/arch/[ASW] Dandadan - 18 [1080p HEVC][0B9ED491].mkv,92
1766004778,,,/mnt/my-zfs/mediarr/torrent/arch/[ASW] Dandadan - 19 [1080p HEVC][E705D225].mkv,92
1766004780,,,/mnt/my-zfs/mediarr/torrent/arch/[ASW] Dandadan - 20 [1080p HEVC][589D53BF].mkv,92
1766004802,,,/mnt/my-zfs/mediarr/torrent/arch/[Anime Time] Black Lagoon (Complete Series) (Season 01+02+03+OST) [BD] [Dual Audio] [1080p][HEVC 10bit x265][AAC][Eng Sub]/Season 1/[Anime Time] Black Lagoon - 002 - Mangrove Heaven.mkv,231
1766004834,25,キュア AKA Cure (1997),/mnt/my-zfs/mediarr/torrent/arch/Cure.1997.REPACK.UHD.BluRay.Remux.2160p.DV.HDR.HEVC.FLAC.2.0-ZQ.mkv,140
1766004843,25,キュア AKA Cure (1997),/mnt/my-zfs/mediarr/torrent/arch/Cure.1997.REPACK.UHD.BluRay.Remux.2160p.DV.HDR.HEVC.FLAC.2.0-ZQ.mkv,140
1766004863,,,/mnt/my-zfs/mediarr/torrent/arch/[Anime Time] Black Lagoon (Complete Series) (Season 01+02+03+OST) [BD] [Dual Audio] [1080p][HEVC 10bit x265][AAC][Eng Sub]/Season 1/[Anime Time] Black Lagoon - 002 - Mangrove Heaven.mkv,231
1766004887,,,/mnt/my-zfs/mediarr/torrent/arch/[Anime Time] Black Lagoon (Complete Series) (Season 01+02+03+OST) [BD] [Dual Audio] [1080p][HEVC 10bit x265][AAC][Eng Sub]/Season 2 The Second Barrage/[Anime Time] Black Lagoon - 013 - The Vampire Twins Comen.mkv,258
1766005016,,,/mnt/my-zfs/mediarr/torrent/arch/[Anime Time] Black Lagoon (Complete Series) (Season 01+02+03+OST) [BD] [Dual Audio] [1080p][HEVC 10bit x265][AAC][Eng Sub]/Season 1/[Anime Time] Black Lagoon - 002 - Mangrove Heaven.mkv,231
1766005228,,,/mnt/my-zfs/mediarr/torrent/arch/[Anime Time] Black Lagoon (Complete Series) (Season 01+02+03+OST) [BD] [Dual Audio] [1080p][HEVC 10bit x265][AAC][Eng Sub]/Season 1/[Anime Time] Black Lagoon - 002 - Mangrove Heaven.mkv,231
1766005356,,,/mnt/my-zfs/mediarr/torrent/arch/[Anime Time] Black Lagoon (Complete Series) (Season 01+02+03+OST) [BD] [Dual Audio] [1080p][HEVC 10bit x265][AAC][Eng Sub]/Season 1/[Anime Time] Black Lagoon - 002 - Mangrove Heaven.mkv,231
1766005435,,,/mnt/my-zfs/mediarr/torrent/arch/[Anime Time] Black Lagoon (Complete Series) (Season 01+02+03+OST) [BD] [Dual Audio] [1080p][HEVC 10bit x265][AAC][Eng Sub]/Season 1/[Anime Time] Black Lagoon - 002 - Mangrove Heaven.mkv,231
1766005445,,,/mnt/my-zfs/mediarr/torrent/arch/[Anime Time] Black Lagoon (Complete Series) (Season 01+02+03+OST) [BD] [Dual Audio] [1080p][HEVC 10bit x265][AAC][Eng Sub]/Season 1/[Anime Time] Black Lagoon - 001 - The Black Lagoon.mkv,232
1766005447,,,/mnt/my-zfs/mediarr/torrent/arch/[Anime Time] Black Lagoon (Complete Series) (Season 01+02+03+OST) [BD] [Dual Audio] [1080p][HEVC 10bit x265][AAC][Eng Sub]/Season 1/[Anime Time] Black Lagoon - 002 - Mangrove Heaven.mkv,231
1766005448,,,/mnt/my-zfs/mediarr/torrent/arch/[Anime Time] Black Lagoon (Complete Series) (Season 01+02+03+OST) [BD] [Dual Audio] [1080p][HEVC 10bit x265][AAC][Eng Sub]/Season 1/[Anime Time] Black Lagoon - 003 - Ring-Ding Ship Chase.mkv,236
1766005450,,,/mnt/my-zfs/mediarr/torrent/arch/[Anime Time] Black Lagoon (Complete Series) (Season 01+02+03+OST) [BD] [Dual Audio] [1080p][HEVC 10bit x265][AAC][Eng Sub]/Season 1/[Anime Time] Black Lagoon - 004 - Die Ruckkehr Des Adlers.mkv,239
1766005455,,,/mnt/my-zfs/mediarr/torrent/arch/[Anime Time] Black Lagoon (Complete Series) (Season 01+02+03+OST) [BD] [Dual Audio] [1080p][HEVC 10bit x265][AAC][Eng Sub]/Season 1/[Anime Time] Black Lagoon - 004 - Die Ruckkehr Des Adlers.mkv,239
1766005461,,,/mnt/my-zfs/mediarr/torrent/arch/[Anime Time] Black Lagoon (Complete Series) (Season 01+02+03+OST) [BD] [Dual Audio] [1080p][HEVC 10bit x265][AAC][Eng Sub]/Season 2 The Second Barrage/[Anime Time] Black Lagoon - 013 - The Vampire Twins Comen.mkv,258
1766005473,,,/mnt/my-zfs/mediarr/torrent/arch/[Anime Time] Black Lagoon (Complete Series) (Season 01+02+03+OST) [BD] [Dual Audio] [1080p][HEVC 10bit x265][AAC][Eng Sub]/Season 2 The Second Barrage/[Anime Time] Black Lagoon - 013 - The Vampire Twins Comen.mkv,258
1766005476,,,/mnt/my-zfs/mediarr/torrent/arch/[Anime Time] Black Lagoon (Complete Series) (Season 01+02+03+OST) [BD] [Dual Audio] [1080p][HEVC 10bit x265][AAC][Eng Sub]/Season 2 The Second Barrage/[Anime Time] Black Lagoon - 014 - Bloodsport Fairytale.mkv,255
1766005479,,,/mnt/my-zfs/mediarr/torrent/arch/[Anime Time] Black Lagoon (Complete Series) (Season 01+02+03+OST) [BD] [Dual Audio] [1080p][HEVC 10bit x265][AAC][Eng Sub]/Season 2 The Second Barrage/[Anime Time] Black Lagoon - 013 - The Vampire Twins Comen.mkv,258
1766005480,,,/mnt/my-zfs/mediarr/torrent/arch/[Anime Time] Black Lagoon (Complete Series) (Season 01+02+03+OST) [BD] [Dual Audio] [1080p][HEVC 10bit x265][AAC][Eng Sub]/Season 2 The Second Barrage/[Anime Time] Black Lagoon - 014 - Bloodsport Fairytale.mkv,255
1766005514,,,/mnt/my-zfs/mediarr/torrent/arch/[Anime Time] Black Lagoon (Complete Series) (Season 01+02+03+OST) [BD] [Dual Audio] [1080p][HEVC 10bit x265][AAC][Eng Sub]/Season 2 The Second Barrage/[Anime Time] Black Lagoon - 015 - Swan Song At Dawn.mkv,252
1766005515,,,/mnt/my-zfs/mediarr/torrent/arch/[Anime Time] Black Lagoon (Complete Series) (Season 01+02+03+OST) [BD] [Dual Audio] [1080p][HEVC 10bit x265][AAC][Eng Sub]/Season 2 The Second Barrage/[Anime Time] Black Lagoon - 014 - Bloodsport Fairytale.mkv,255
1766005516,,,/mnt/my-zfs/mediarr/torrent/arch/[Anime Time] Black Lagoon (Complete Series) (Season 01+02+03+OST) [BD] [Dual Audio] [1080p][HEVC 10bit x265][AAC][Eng Sub]/Season 2 The Second Barrage/[Anime Time] Black Lagoon - 013 - The Vampire Twins Comen.mkv,258
1766005770,,,/mnt/my-zfs/mediarr/torrent/arch/[Anime Time] Black Lagoon (Complete Series) (Season 01+02+03+OST) [BD] [Dual Audio] [1080p][HEVC 10bit x265][AAC][Eng Sub]/Season 2 The Second Barrage/[Anime Time] Black Lagoon - 013 - The Vampire Twins Comen.mkv,258
1766005929,,,/mnt/my-zfs/mediarr/torrent/arch/[Anime Time] Black Lagoon (Complete Series) (Season 01+02+03+OST) [BD] [Dual Audio] [1080p][HEVC 10bit x265][AAC][Eng Sub]/Season 2 The Second Barrage/[Anime Time] Black Lagoon - 013 - The Vampire Twins Comen.mkv,258
1766005939,,,/mnt/my-zfs/mediarr/torrent/arch/[Anime Time] Black Lagoon (Complete Series) (Season 01+02+03+OST) [BD] [Dual Audio] [1080p][HEVC 10bit x265][AAC][Eng Sub]/Season 2 The Second Barrage/[Anime Time] Black Lagoon - 013 - The Vampire Twins Comen.mkv,258
1766005989,,,/mnt/my-zfs/mediarr/torrent/arch/[Anime Time] Black Lagoon (Complete Series) (Season 01+02+03+OST) [BD] [Dual Audio] [1080p][HEVC 10bit x265][AAC][Eng Sub]/Season 2 The Second Barrage/[Anime Time] Black Lagoon - 013 - The Vampire Twins Comen.mkv,258
1766005997,,,/mnt/my-zfs/mediarr/torrent/arch/[Anime Time] Black Lagoon (Complete Series) (Season 01+02+03+OST) [BD] [Dual Audio] [1080p][HEVC 10bit x265][AAC][Eng Sub]/Season 2 The Second Barrage/[Anime Time] Black Lagoon - 013 - The Vampire Twins Comen.mkv,258
1766006170,,,/mnt/my-zfs/mediarr/torrent/arch/[Anime Time] Black Lagoon (Complete Series) (Season 01+02+03+OST) [BD] [Dual Audio] [1080p][HEVC 10bit x265][AAC][Eng Sub]/Season 2 The Second Barrage/[Anime Time] Black Lagoon - 013 - The Vampire Twins Comen.mkv,258
1766006472,,,/mnt/my-zfs/mediarr/torrent/arch/[Anime Time] Black Lagoon (Complete Series) (Season 01+02+03+OST) [BD] [Dual Audio] [1080p][HEVC 10bit x265][AAC][Eng Sub]/Season 2 The Second Barrage/[Anime Time] Black Lagoon - 013 - The Vampire Twins Comen.mkv,258
1766006514,,,/mnt/my-zfs/mediarr/torrent/arch/[Anime Time] Black Lagoon (Complete Series) (Season 01+02+03+OST) [BD] [Dual Audio] [1080p][HEVC 10bit x265][AAC][Eng Sub]/Season 2 The Second Barrage/[Anime Time] Black Lagoon - 013 - The Vampire Twins Comen.mkv,258
1766006527,,,/mnt/my-zfs/mediarr/torrent/arch/[Anime Time] Black Lagoon (Complete Series) (Season 01+02+03+OST) [BD] [Dual Audio] [1080p][HEVC 10bit x265][AAC][Eng Sub]/Season 2 The Second Barrage/[Anime Time] Black Lagoon - 013 - The Vampire Twins Comen.mkv,258
1766006613,,,/mnt/my-zfs/mediarr/torrent/arch/[Anime Time] Black Lagoon (Complete Series) (Season 01+02+03+OST) [BD] [Dual Audio] [1080p][HEVC 10bit x265][AAC][Eng Sub]/Season 2 The Second Barrage/[Anime Time] Black Lagoon - 013 - The Vampire Twins Comen.mkv,258
1766006728,,,/mnt/my-zfs/mediarr/torrent/arch/[Anime Time] Black Lagoon (Complete Series) (Season 01+02+03+OST) [BD] [Dual Audio] [1080p][HEVC 10bit x265][AAC][Eng Sub]/Season 2 The Second Barrage/[Anime Time] Black Lagoon - 013 - The Vampire Twins Comen.mkv,258
1766007476,,,/mnt/my-zfs/mediarr/torrent/arch/[Anime Time] Black Lagoon (Complete Series) (Season 01+02+03+OST) [BD] [Dual Audio] [1080p][HEVC 10bit x265][AAC][Eng Sub]/Season 1/[Anime Time] Black Lagoon - 004 - Die Ruckkehr Des Adlers.mkv,239
1766007489,25,キュア AKA Cure (1997),/mnt/my-zfs/mediarr/torrent/arch/Cure.1997.REPACK.UHD.BluRay.Remux.2160p.DV.HDR.HEVC.FLAC.2.0-ZQ.mkv,140
1766007637,25,キュア AKA Cure (1997),/mnt/my-zfs/mediarr/torrent/arch/Cure.1997.REPACK.UHD.BluRay.Remux.2160p.DV.HDR.HEVC.FLAC.2.0-ZQ.mkv,140
1766007660,,,/mnt/my-zfs/mediarr/torrent/arch/[Anime Time] Black Lagoon (Complete Series) (Season 01+02+03+OST) [BD] [Dual Audio] [1080p][HEVC 10bit x265][AAC][Eng Sub]/Season 1/[Anime Time] Black Lagoon - 004 - Die Ruckkehr Des Adlers.mkv,239
1766007675,,,/mnt/my-zfs/mediarr/torrent/arch/[ASW] Dandadan - 18 [1080p HEVC][0B9ED491].mkv,92
1766007808,25,キュア AKA Cure (1997),/mnt/my-zfs/mediarr/torrent/arch/Cure.1997.REPACK.UHD.BluRay.Remux.2160p.DV.HDR.HEVC.FLAC.2.0-ZQ.mkv,140
1766007878,25,キュア AKA Cure (1997),/mnt/my-zfs/mediarr/torrent/arch/Cure.1997.REPACK.UHD.BluRay.Remux.2160p.DV.HDR.HEVC.FLAC.2.0-ZQ.mkv,140
1766007885,25,キュア AKA Cure (1997),/mnt/my-zfs/mediarr/torrent/arch/Cure.1997.REPACK.UHD.BluRay.Remux.2160p.DV.HDR.HEVC.FLAC.2.0-ZQ.mkv,140
1766008314,25,キュア AKA Cure (1997),/mnt/my-zfs/mediarr/torrent/arch/Cure.1997.REPACK.UHD.BluRay.Remux.2160p.DV.HDR.HEVC.FLAC.2.0-ZQ.mkv,140
1766008329,25,キュア AKA Cure (1997),/mnt/my-zfs/mediarr/torrent/arch/Cure.1997.REPACK.UHD.BluRay.Remux.2160p.DV.HDR.HEVC.FLAC.2.0-ZQ.mkv,140
1766008353,,,/mnt/my-zfs/mediarr/torrent/arch/[ASW] Dandadan - 18 [1080p HEVC][0B9ED491].mkv,92
1766008369,,,/mnt/my-zfs/mediarr/torrent/arch/[ASW] Dandadan - 17 [1080p HEVC][9263DB93].mkv,92
1766008371,,,/mnt/my-zfs/mediarr/torrent/arch/[ASW] Dandadan - 16 [1080p HEVC][0D7482AB].mkv,92
1766008374,,,/mnt/my-zfs/mediarr/torrent/arch/[ASW] Dandadan - 15 [1080p HEVC][A1A2497C].mkv,92
1766009842,,,/mnt/my-zfs/mediarr/torrent/arch/[ASW] Dandadan - 18 [1080p HEVC][0B9ED491].mkv,92
1766009853,25,キュア AKA Cure (1997),/mnt/my-zfs/mediarr/torrent/arch/Cure.1997.REPACK.UHD.BluRay.Remux.2160p.DV.HDR.HEVC.FLAC.2.0-ZQ.mkv,140
1766010014,25,キュア AKA Cure (1997),/mnt/my-zfs/mediarr/torrent/arch/Cure.1997.REPACK.UHD.BluRay.Remux.2160p.DV.HDR.HEVC.FLAC.2.0-ZQ.mkv,140
1766010036,25,キュア AKA Cure (1997),/mnt/my-zfs/mediarr/torrent/arch/Cure.1997.REPACK.UHD.BluRay.Remux.2160p.DV.HDR.HEVC.FLAC.2.0-ZQ.mkv,140
1766011568,25,キュア AKA Cure (1997),/mnt/my-zfs/mediarr/torrent/arch/Cure.1997.REPACK.UHD.BluRay.Remux.2160p.DV.HDR.HEVC.FLAC.2.0-ZQ.mkv,140
1766011577,,,/mnt/my-zfs/mediarr/torrent/arch/[Anime Time] Black Lagoon (Complete Series) (Season 01+02+03+OST) [BD] [Dual Audio] [1080p][HEVC 10bit x265][AAC][Eng Sub]/Season 1/[Anime Time] Black Lagoon - 004 - Die Ruckkehr Des Adlers.mkv,239
1766011586,,,/mnt/my-zfs/mediarr/torrent/arch/[Anime Time] Black Lagoon (Complete Series) (Season 01+02+03+OST) [BD] [Dual Audio] [1080p][HEVC 10bit x265][AAC][Eng Sub]/Season 1/[Anime Time] Black Lagoon - 004 - Die Ruckkehr Des Adlers.mkv,239
1766011600,,,/mnt/my-zfs/mediarr/torrent/arch/[Anime Time] Black Lagoon (Complete Series) (Season 01+02+03+OST) [BD] [Dual Audio] [1080p][HEVC 10bit x265][AAC][Eng Sub]/Season 2 The Second Barrage/[Anime Time] Black Lagoon - 013 - The Vampire Twins Comen.mkv,258
1766011603,,,/mnt/my-zfs/mediarr/torrent/arch/[Anime Time] Black Lagoon (Complete Series) (Season 01+02+03+OST) [BD] [Dual Audio] [1080p][HEVC 10bit x265][AAC][Eng Sub]/Season 2 The Second Barrage/[Anime Time] Black Lagoon - 014 - Bloodsport Fairytale.mkv,255
1766011610,,,/mnt/my-zfs/mediarr/torrent/arch/[Anime Time] Black Lagoon (Complete Series) (Season 01+02+03+OST) [BD] [Dual Audio] [1080p][HEVC 10bit x265][AAC][Eng Sub]/Season 3 Roberta's Blood Trail/[Anime Time] Black Lagoon - 025 - Collateral Massacre.mkv,257
1766011619,,,/mnt/my-zfs/mediarr/torrent/arch/[Anime Time] Black Lagoon (Complete Series) (Season 01+02+03+OST) [BD] [Dual Audio] [1080p][HEVC 10bit x265][AAC][Eng Sub]/Season 3 Roberta's Blood Trail/[Anime Time] Black Lagoon - 026 - An Office Man's Tactics.mkv,261
1766011625,,,/mnt/my-zfs/mediarr/torrent/arch/[Anime Time] Black Lagoon (Complete Series) (Season 01+02+03+OST) [BD] [Dual Audio] [1080p][HEVC 10bit x265][AAC][Eng Sub]/Season 3 Roberta's Blood Trail/[Anime Time] Black Lagoon - 027 - Angels In The Crosshairs.mkv,262
1766011643,,,/mnt/my-zfs/mediarr/torrent/arch/[ASW] Dandadan - 18 [1080p HEVC][0B9ED491].mkv,92
1766011655,,,/mnt/my-zfs/mediarr/torrent/arch/[ASW] Dandadan - 17 [1080p HEVC][9263DB93].mkv,92
1766011656,,,/mnt/my-zfs/mediarr/torrent/arch/[ASW] Dandadan - 16 [1080p HEVC][0D7482AB].mkv,92
1766011682,,,/mnt/my-zfs/mediarr/torrent/arch/F1.The.Movie.2025.2160p.iT.WEB-DL.DDP5.1.Atmos.DV.HDR.H.265-BYNDR.mkv,115
1766011698,19,There Will Be Blood,/mnt/my-zfs/mediarr/torrent/arch/There.Will.Be.Blood.2007.BluRay.1080p.TrueHD.5.1.VC-1.REMUX-FraMeSToR/There.Will.Be.Blood.2007.BluRay.1080p.TrueHD.5.1.VC-1.REMUX-FraMeSToR.mkv,210
1766011712,14,Weapons (2025),/mnt/my-zfs/mediarr/torrent/arch/Weapons.2025.2160p.UHD.Blu-ray.Remux.DV.HDR.HEVC.TrueHD.Atmos.7.1-CiNEPHiLES.mkv,142
1766011739,33,Donnie Brasco (1997) Extended Cut,/mnt/my-zfs/mediarr/torrent/arch/Donnie.Brasco.1997.Extended.Cut.BluRay.1080p.TrueHD.5.1.AVC.HYBRID.REMUX-FraMeSToR/Donnie.Brasco.1997.Extended.Cut.BluRay.1080p.TrueHD.5.1.AVC.HYBRID.REMUX-FraMeSToR.mkv,250
1766064039,14,Bugonia (2025),/mnt/my-zfs/mediarr/torrent/arch/Bugonia.2025.2160p.UHD.Blu-ray.Remux.HDR.HEVC.TrueHD.Atmos.7.1-CiNEPHiLES.mkv,139
1766064076,,,/mnt/my-zfs/mediarr/torrent/arch/Punch-Drunk.Love.2002.2160p.BluRay.DV.HDR10.Opus.7.1.x265-WoKE/Punch-Drunk.Love.2002.2160p.BluRay.DV.HDR10.Opus.7.1.x265-WoKE.mkv,175
1766076307,,,/mnt/my-zfs/mediarr/torrent/arch/Punch-Drunk.Love.2002.2160p.BluRay.DV.HDR10.Opus.7.1.x265-WoKE/Punch-Drunk.Love.2002.2160p.BluRay.DV.HDR10.Opus.7.1.x265-WoKE.mkv,175
1766076319,,,/mnt/my-zfs/mediarr/torrent/arch/Pink.Floyd.The.Wall.1982.1080p.Bluray.Remux.MPEG2.DTS-HD.MA.5.1-SPHD.mkv,118
1766077232,42,Game of Thrones S01E01 Winter Is Coming 4K,/mnt/my-zfs/mediarr/torrent/arch/Game.of.Thrones.S01-S08.2160p.UHD.BluRay.REMUX.DV.HDR.HEVC.TrueHD.7.1.Atmos-FraMeSToR/Game.of.Thrones.S01.UHD.BluRay.2160p.TrueHD.Atmos.7.1.DV.HEVC.REMUX-FraMeSToR/Game.of.Thrones.S01E01.Winter.Is.Coming.2160p.TrueHD.Atmos.7.1.DV.HEVC.REMUX-FraMeSToR.mkv,344
1766077232,42,Game of Thrones S01E01 Winter Is Coming 4K,/mnt/my-zfs/mediarr/torrent/arch/Game.of.Thrones.2011.S01-S08.2160p.BluRay.HDR10.10bit.x265.HEVC.TrueHD.Atmos.7.1-PHOCiS/Season 01/Game.of.Thrones.S01E01.Winter.Is.Coming.2160p.BluRay.HDR10.10bit.x265.HEVC.TrueHD.Atmos.7.1-PHOCiS.mkv,290
1766077262,39,Game of Thrones S01E02 The Kingsroad 4K,/mnt/my-zfs/mediarr/torrent/arch/Game.of.Thrones.S01-S08.2160p.UHD.BluRay.REMUX.DV.HDR.HEVC.TrueHD.7.1.Atmos-FraMeSToR/Game.of.Thrones.S01.UHD.BluRay.2160p.TrueHD.Atmos.7.1.DV.HEVC.REMUX-FraMeSToR/Game.of.Thrones.S01E02.The.Kingsroad.2160p.TrueHD.Atmos.7.1.DV.HEVC.REMUX-FraMeSToR.mkv,338
1766077299,21,Rick.and.Morty.S08E01,/mnt/my-zfs/mediarr/torrent/arch/Rick.and.Morty.S08E01.1080p.x265-ELiTE/Rick.and.Morty.S08E01.1080p.x265-ELiTE.mkv,150
1766077312,21,Rick.and.Morty.S08E02,/mnt/my-zfs/mediarr/torrent/arch/Rick.and.Morty.S08E02.1080p.x265-ELiTE/Rick.and.Morty.S08E02.1080p.x265-ELiTE.mkv,150
1766077354,,,/mnt/my-zfs/mediarr/torrent/arch/Frankenstein.2025.2160p.NF.WEB-DL.DDP5.1.Atmos.DV.HDR.H.265-BYNDR.mkv,115
1766077378,27,Synecdoche, New York (2008),/mnt/my-zfs/mediarr/torrent/arch/Synecdoche.New.York.2008.UHD.BluRay.2160p.DTS-HD.MA.5.1.DV.HEVC.HYBRID.REMUX-FraMeSToR/Synecdoche.New.York.2008.UHD.BluRay.2160p.DTS-HD.MA.5.1.DV.HEVC.HYBRID.REMUX-FraMeSToR.mkv,252
1766077436,,,/mnt/my-zfs/mediarr/torrent/arch/The.Day.of.the.Jackal.S01.REPACK.2160p.PCOK.WEB-DL.DDP5.1.DV.HDR.H.265-FLUX/The.Day.of.the.Jackal.S01E01.Episode.1.REPACK.2160p.PCOK.WEB-DL.DDP5.1.DV.HDR.H.265-FLUX.mkv,214
1766077463,,,/mnt/my-zfs/mediarr/torrent/arch/The.Day.of.the.Jackal.S01.REPACK.2160p.PCOK.WEB-DL.DDP5.1.DV.HDR.H.265-FLUX/The.Day.of.the.Jackal.S01E01.Episode.1.REPACK.2160p.PCOK.WEB-DL.DDP5.1.DV.HDR.H.265-FLUX.mkv,214
1766078106,,,/mnt/my-zfs/mediarr/torrent/arch/The.Day.of.the.Jackal.S01.REPACK.2160p.PCOK.WEB-DL.DDP5.1.DV.HDR.H.265-FLUX/The.Day.of.the.Jackal.S01E01.Episode.1.REPACK.2160p.PCOK.WEB-DL.DDP5.1.DV.HDR.H.265-FLUX.mkv,214
1766078117,,,/mnt/my-zfs/mediarr/torrent/arch/The.Day.of.the.Jackal.S01.REPACK.2160p.PCOK.WEB-DL.DDP5.1.DV.HDR.H.265-FLUX/The.Day.of.the.Jackal.S01E02.Episode.2.REPACK.2160p.PCOK.WEB-DL.DDP5.1.DV.HDR.H.265-FLUX.mkv,214
1766078120,,,/mnt/my-zfs/mediarr/torrent/arch/The.Day.of.the.Jackal.S01.REPACK.2160p.PCOK.WEB-DL.DDP5.1.DV.HDR.H.265-FLUX/The.Day.of.the.Jackal.S01E01.Episode.1.REPACK.2160p.PCOK.WEB-DL.DDP5.1.DV.HDR.H.265-FLUX.mkv,214
1766078128,,,/mnt/my-zfs/mediarr/torrent/arch/The.Day.of.the.Jackal.S01.REPACK.2160p.PCOK.WEB-DL.DDP5.1.DV.HDR.H.265-FLUX/The.Day.of.the.Jackal.S01E02.Episode.2.REPACK.2160p.PCOK.WEB-DL.DDP5.1.DV.HDR.H.265-FLUX.mkv,214
1766078135,,,/mnt/my-zfs/mediarr/torrent/arch/The.Day.of.the.Jackal.S01.REPACK.2160p.PCOK.WEB-DL.DDP5.1.DV.HDR.H.265-FLUX/The.Day.of.the.Jackal.S01E01.Episode.1.REPACK.2160p.PCOK.WEB-DL.DDP5.1.DV.HDR.H.265-FLUX.mkv,214
1766078227,,,/mnt/my-zfs/mediarr/torrent/arch/The.Day.of.the.Jackal.S01.REPACK.2160p.PCOK.WEB-DL.DDP5.1.DV.HDR.H.265-FLUX/The.Day.of.the.Jackal.S01E01.Episode.1.REPACK.2160p.PCOK.WEB-DL.DDP5.1.DV.HDR.H.265-FLUX.mkv,214
1766078253,,,/mnt/my-zfs/mediarr/torrent/arch/The.Day.of.the.Jackal.S01.REPACK.2160p.PCOK.WEB-DL.DDP5.1.DV.HDR.H.265-FLUX/The.Day.of.the.Jackal.S01E01.Episode.1.REPACK.2160p.PCOK.WEB-DL.DDP5.1.DV.HDR.H.265-FLUX.mkv,214
1766078288,,,/mnt/my-zfs/mediarr/torrent/arch/The.Day.of.the.Jackal.S01.REPACK.2160p.PCOK.WEB-DL.DDP5.1.DV.HDR.H.265-FLUX/The.Day.of.the.Jackal.S01E01.Episode.1.REPACK.2160p.PCOK.WEB-DL.DDP5.1.DV.HDR.H.265-FLUX.mkv,214
1766078617,14,Bugonia (2025),/mnt/my-zfs/mediarr/torrent/arch/Bugonia.2025.2160p.UHD.Blu-ray.Remux.HDR.HEVC.TrueHD.Atmos.7.1-CiNEPHiLES.mkv,139
1766079674,14,Bugonia (2025),/mnt/my-zfs/mediarr/torrent/arch/Bugonia.2025.2160p.UHD.Blu-ray.Remux.HDR.HEVC.TrueHD.Atmos.7.1-CiNEPHiLES.mkv,139
1766079772,14,Bugonia (2025),/mnt/my-zfs/mediarr/torrent/arch/Bugonia.2025.2160p.UHD.Blu-ray.Remux.HDR.HEVC.TrueHD.Atmos.7.1-CiNEPHiLES.mkv,139
1766079951,14,Bugonia (2025),/mnt/my-zfs/mediarr/torrent/arch/Bugonia.2025.2160p.UHD.Blu-ray.Remux.HDR.HEVC.TrueHD.Atmos.7.1-CiNEPHiLES.mkv,139
1766079969,14,Bugonia (2025),/mnt/my-zfs/mediarr/torrent/arch/Bugonia.2025.2160p.UHD.Blu-ray.Remux.HDR.HEVC.TrueHD.Atmos.7.1-CiNEPHiLES.mkv,139
1766080000,14,Bugonia (2025),/mnt/my-zfs/mediarr/torrent/arch/Bugonia.2025.2160p.UHD.Blu-ray.Remux.HDR.HEVC.TrueHD.Atmos.7.1-CiNEPHiLES.mkv,139
1766086073,14,Bugonia (2025),/mnt/my-zfs/mediarr/torrent/arch/Bugonia.2025.2160p.UHD.Blu-ray.Remux.HDR.HEVC.TrueHD.Atmos.7.1-CiNEPHiLES.mkv,139
1766087734,14,Bugonia (2025),/mnt/my-zfs/mediarr/torrent/arch/Bugonia.2025.2160p.UHD.Blu-ray.Remux.HDR.HEVC.TrueHD.Atmos.7.1-CiNEPHiLES.mkv,139
1766092661,14,Bugonia (2025),/mnt/my-zfs/mediarr/torrent/arch/Bugonia.2025.2160p.UHD.Blu-ray.Remux.HDR.HEVC.TrueHD.Atmos.7.1-CiNEPHiLES.mkv,139
1766092669,27,Synecdoche, New York (2008),/mnt/my-zfs/mediarr/torrent/arch/Synecdoche.New.York.2008.UHD.BluRay.2160p.DTS-HD.MA.5.1.DV.HEVC.HYBRID.REMUX-FraMeSToR/Synecdoche.New.York.2008.UHD.BluRay.2160p.DTS-HD.MA.5.1.DV.HEVC.HYBRID.REMUX-FraMeSToR.mkv,252
1766092699,27,Synecdoche, New York (2008),/mnt/my-zfs/mediarr/torrent/arch/Synecdoche.New.York.2008.UHD.BluRay.2160p.DTS-HD.MA.5.1.DV.HEVC.HYBRID.REMUX-FraMeSToR/Synecdoche.New.York.2008.UHD.BluRay.2160p.DTS-HD.MA.5.1.DV.HEVC.HYBRID.REMUX-FraMeSToR.mkv,252
1766092715,21,Rick.and.Morty.S08E01,/mnt/my-zfs/mediarr/torrent/arch/Rick.and.Morty.S08E01.1080p.x265-ELiTE/Rick.and.Morty.S08E01.1080p.x265-ELiTE.mkv,150
1766092747,,,/mnt/my-zfs/mediarr/torrent/arch/Punch-Drunk.Love.2002.2160p.BluRay.DV.HDR10.Opus.7.1.x265-WoKE/Punch-Drunk.Love.2002.2160p.BluRay.DV.HDR10.Opus.7.1.x265-WoKE.mkv,175
1766092760,,,/mnt/my-zfs/mediarr/torrent/arch/[ASW] Dandadan - 18 [1080p HEVC][0B9ED491].mkv,92
1766092802,,,/mnt/my-zfs/mediarr/torrent/arch/[ASW] Dandadan - 18 [1080p HEVC][0B9ED491].mkv,92
1766092833,,,/mnt/my-zfs/mediarr/torrent/arch/[ASW] Dandadan - 18 [1080p HEVC][0B9ED491].mkv,92
1766092854,,,/mnt/my-zfs/mediarr/torrent/arch/[ASW] Dandadan - 18 [1080p HEVC][0B9ED491].mkv,92
1766092856,,,/mnt/my-zfs/mediarr/torrent/arch/[ASW] Dandadan - 17 [1080p HEVC][9263DB93].mkv,92
1766093520,,,/mnt/my-zfs/mediarr/torrent/arch/Napoleon.Dynamite.2005.2160p.WEB-DL.DTS-HD.MA.5.1.DV.HDR.H.265-FLUX.mkv,117
1766103900,74,Longlegs (2024) (2160p UHD BluRay x265 HDR10+ DDP 5.1 English - DarQ HONE),/mnt/my-zfs/mediarr/torrent/arch/Longlegs (2024) (2160p UHD BluRay x265 HDR10+ DDP 5.1 English - DarQ HONE).mkv,200
1766143678,74,Longlegs (2024) (2160p UHD BluRay x265 HDR10+ DDP 5.1 English - DarQ HONE),/mnt/my-zfs/mediarr/torrent/arch/Longlegs (2024) (2160p UHD BluRay x265 HDR10+ DDP 5.1 English - DarQ HONE).mkv,200
1766147325,74,Longlegs (2024) (2160p UHD BluRay x265 HDR10+ DDP 5.1 English - DarQ HONE),/mnt/my-zfs/mediarr/torrent/arch/Longlegs (2024) (2160p UHD BluRay x265 HDR10+ DDP 5.1 English - DarQ HONE).mkv,200
1766147399,74,Longlegs (2024) (2160p UHD BluRay x265 HDR10+ DDP 5.1 English - DarQ HONE),/mnt/my-zfs/mediarr/torrent/arch/Longlegs (2024) (2160p UHD BluRay x265 HDR10+ DDP 5.1 English - DarQ HONE).mkv,200
1766147412,74,Longlegs (2024) (2160p UHD BluRay x265 HDR10+ DDP 5.1 English - DarQ HONE),/mnt/my-zfs/mediarr/torrent/arch/Longlegs (2024) (2160p UHD BluRay x265 HDR10+ DDP 5.1 English - DarQ HONE).mkv,200
1766147615,74,Longlegs (2024) (2160p UHD BluRay x265 HDR10+ DDP 5.1 English - DarQ HONE),/mnt/my-zfs/mediarr/torrent/arch/Longlegs (2024) (2160p UHD BluRay x265 HDR10+ DDP 5.1 English - DarQ HONE).mkv,200
1766147682,74,Longlegs (2024) (2160p UHD BluRay x265 HDR10+ DDP 5.1 English - DarQ HONE),/mnt/my-zfs/mediarr/torrent/arch/Longlegs (2024) (2160p UHD BluRay x265 HDR10+ DDP 5.1 English - DarQ HONE).mkv,200
1766147736,74,Longlegs (2024) (2160p UHD BluRay x265 HDR10+ DDP 5.1 English - DarQ HONE),/mnt/my-zfs/mediarr/torrent/arch/Longlegs (2024) (2160p UHD BluRay x265 HDR10+ DDP 5.1 English - DarQ HONE).mkv,200
1766147803,74,Longlegs (2024) (2160p UHD BluRay x265 HDR10+ DDP 5.1 English - DarQ HONE),/mnt/my-zfs/mediarr/torrent/arch/Longlegs (2024) (2160p UHD BluRay x265 HDR10+ DDP 5.1 English - DarQ HONE).mkv,200
1766147997,74,Longlegs (2024) (2160p UHD BluRay x265 HDR10+ DDP 5.1 English - DarQ HONE),/mnt/my-zfs/mediarr/torrent/arch/Longlegs (2024) (2160p UHD BluRay x265 HDR10+ DDP 5.1 English - DarQ HONE).mkv,200
1766148204,74,Longlegs (2024) (2160p UHD BluRay x265 HDR10+ DDP 5.1 English - DarQ HONE),/mnt/my-zfs/mediarr/torrent/arch/Longlegs (2024) (2160p UHD BluRay x265 HDR10+ DDP 5.1 English - DarQ HONE).mkv,200
1766148267,74,Longlegs (2024) (2160p UHD BluRay x265 HDR10+ DDP 5.1 English - DarQ HONE),/mnt/my-zfs/mediarr/torrent/arch/Longlegs (2024) (2160p UHD BluRay x265 HDR10+ DDP 5.1 English - DarQ HONE).mkv,200
1766148890,74,Longlegs (2024) (2160p UHD BluRay x265 HDR10+ DDP 5.1 English - DarQ HONE),/mnt/my-zfs/mediarr/torrent/arch/Longlegs (2024) (2160p UHD BluRay x265 HDR10+ DDP 5.1 English - DarQ HONE).mkv,200
1766178295,23,28 Days Later... (2002),/mnt/my-zfs/mediarr/torrent/arch/28.Days.Later.2002.REPACK.BluRay.1080p.DTS-HD.MA.5.1.AVC.HYBRID.REMUX-FraMeSToR/28.Days.Later.2002.REPACK.BluRay.1080p.DTS-HD.MA.5.1.AVC.HYBRID.REMUX-FraMeSToR.mkv,234
1766230583,30,28 Years Later (2025) (2160p) ,/mnt/my-zfs/mediarr/torrent/arch/28 Years Later (2025) (2160p WEB-DL Hybrid H265 DV HDR DDP Atmos 5.1 English - HONE) [REPACK].mkv,175
1766242215,,,/mnt/my-zfs/mediarr/torrent/arch/Wake.Up.Dead.Man.A.Knives.Out.Mystery.2025.2160p.NF.WEB-DL.DDP5.1.Atmos.DV.HDR.H.265-BYNDR.mkv,140
1766244942,,,/mnt/my-zfs/mediarr/torrent/arch/Wake.Up.Dead.Man.A.Knives.Out.Mystery.2025.2160p.NF.WEB-DL.DDP5.1.Atmos.DV.HDR.H.265-BYNDR.mkv,140
1766256301,,,/mnt/my-zfs/mediarr/torrent/arch/Wake.Up.Dead.Man.A.Knives.Out.Mystery.2025.2160p.NF.WEB-DL.DDP5.1.Atmos.DV.HDR.H.265-BYNDR.mkv,140
1766256323,,,/mnt/my-zfs/mediarr/torrent/arch/Wake.Up.Dead.Man.A.Knives.Out.Mystery.2025.2160p.NF.WEB-DL.DDP5.1.Atmos.DV.HDR.H.265-BYNDR.mkv,140
1766262013,,,/mnt/my-zfs/mediarr/torrent/arch/Sidewalls (2011) [1080p] [WEBRip] [5.1] [YTS.MX]/Sidewalls.2011.1080p.WEBRip.x264.AAC5.1-[YTS.MX].mp4,147
1766262023,,,/mnt/my-zfs/mediarr/torrent/arch/Sidewalls.2011.720p.WEB-RE.X264-WEBiOS [PublicHD]/Sidewalls.2011.720p.WEB-RE.X264-WEBiOS.mkv,138
1766262042,,,/mnt/my-zfs/mediarr/torrent/arch/Sidewalls.2011.720p.WEB-RE.X264-WEBiOS [PublicHD]/Sidewalls.2011.720p.WEB-RE.X264-WEBiOS.mkv,138
1766262098,,,/mnt/my-zfs/mediarr/torrent/arch/Sidewalls (2011) [1080p] [WEBRip] [5.1] [YTS.MX]/Sidewalls.2011.1080p.WEBRip.x264.AAC5.1-[YTS.MX].mp4,147
1766262098,,,/mnt/my-zfs/mediarr/torrent/arch/Sidewalls.2011.720p.WEB-RE.X264-WEBiOS [PublicHD]/Sidewalls.2011.720p.WEB-RE.X264-WEBiOS.mkv,138
1766262251,,,/mnt/my-zfs/mediarr/torrent/arch/Sidewalls (2011) [1080p] [WEBRip] [5.1] [YTS.MX]/Sidewalls.2011.1080p.WEBRip.x264.AAC5.1-[YTS.MX].mp4,147
1766262251,,,/mnt/my-zfs/mediarr/torrent/arch/Sidewalls.2011.720p.WEB-RE.X264-WEBiOS [PublicHD]/Sidewalls.2011.720p.WEB-RE.X264-WEBiOS.mkv,138
1766266961,39,The Breakfast Club (1985) 4K FB DV HONE,/mnt/my-zfs/mediarr/torrent/arch/The Breakfast Club (1985) (2160p UHD BluRay x265 DV HDR DDP 5.1 English - DiscoD HONE).mkv,177
1766317600,18,Rain Man (1988) 4K,/mnt/my-zfs/mediarr/torrent/arch/Rain.Man.1988.UHD.BluRay.2160p.DTS-HD.MA.5.1.DV.HEVC.REMUX-FraMeSToR/Rain.Man.1988.UHD.BluRay.2160p.DTS-HD.MA.5.1.DV.HEVC.REMUX-FraMeSToR.mkv,207
1766402912,18,Rain Man (1988) 4K,/mnt/my-zfs/mediarr/torrent/arch/Rain.Man.1988.UHD.BluRay.2160p.DTS-HD.MA.5.1.DV.HEVC.REMUX-FraMeSToR/Rain.Man.1988.UHD.BluRay.2160p.DTS-HD.MA.5.1.DV.HEVC.REMUX-FraMeSToR.mkv,207
1766402924,18,Rain Man (1988) 4K,/mnt/my-zfs/mediarr/torrent/arch/Rain.Man.1988.UHD.BluRay.2160p.DTS-HD.MA.5.1.DV.HEVC.REMUX-FraMeSToR/Rain.Man.1988.UHD.BluRay.2160p.DTS-HD.MA.5.1.DV.HEVC.REMUX-FraMeSToR.mkv,207
1766440242,10,How Do You,/run/media/btw/950c8663-5291-448f-b766-5c82159b5f4c/old-arch/home/btw/.local/share/nicotine/downloads/Radiohead/Pablo Honey/03 How Do You.mp3,166
1766443430,5,Bloom,/run/media/btw/950c8663-5291-448f-b766-5c82159b5f4c/old-arch/home/btw/.local/share/nicotine/downloads/Radiohead/The King of Limbs/01 Bloom.mp3,161
1766443447,18,Rain Man (1988) 4K,/mnt/my-zfs/mediarr/torrent/arch/Rain.Man.1988.UHD.BluRay.2160p.DTS-HD.MA.5.1.DV.HEVC.REMUX-FraMeSToR/Rain.Man.1988.UHD.BluRay.2160p.DTS-HD.MA.5.1.DV.HEVC.REMUX-FraMeSToR.mkv,207
1766443465,18,Rain Man (1988) 4K,/mnt/my-zfs/mediarr/torrent/arch/Rain.Man.1988.UHD.BluRay.2160p.DTS-HD.MA.5.1.DV.HEVC.REMUX-FraMeSToR/Rain.Man.1988.UHD.BluRay.2160p.DTS-HD.MA.5.1.DV.HEVC.REMUX-FraMeSToR.mkv,207
1766443478,39,The Breakfast Club (1985) 4K FB DV HONE,/mnt/my-zfs/mediarr/torrent/arch/The Breakfast Club (1985) (2160p UHD BluRay x265 DV HDR DDP 5.1 English - DiscoD HONE).mkv,177
1766443493,,,/mnt/my-zfs/mediarr/torrent/arch/[ASW] Dandadan - 18 [1080p HEVC][0B9ED491].mkv,92
1766443547,16,I Might Be Wrong,/run/media/btw/950c8663-5291-448f-b766-5c82159b5f4c/old-arch/home/btw/.local/share/nicotine/downloads/Radiohead/Amnesiac/05 I Might Be Wrong.mp3,175
1766443605,,,/mnt/my-zfs/mediarr/torrent/arch/[ASW] Dandadan - 18 [1080p HEVC][0B9ED491].mkv,92
1766443700,,,/mnt/my-zfs/mediarr/torrent/arch/[ASW] Dandadan - 18 [1080p HEVC][0B9ED491].mkv,92
1766443721,,,/mnt/my-zfs/mediarr/torrent/arch/[ASW] Dandadan - 17 [1080p HEVC][9263DB93].mkv,92
1766443723,,,/mnt/my-zfs/mediarr/torrent/arch/[ASW] Dandadan - 18 [1080p HEVC][0B9ED491].mkv,92
1766443724,,,/mnt/my-zfs/mediarr/torrent/arch/[ASW] Dandadan - 17 [1080p HEVC][9263DB93].mkv,92
1766443727,,,/mnt/my-zfs/mediarr/torrent/arch/[ASW] Dandadan - 16 [1080p HEVC][0D7482AB].mkv,92
1766444130,,,/mnt/my-zfs/mediarr/torrent/arch/[ASW] Dandadan - 18 [1080p HEVC][0B9ED491].mkv,92
1766444167,,,/mnt/my-zfs/mediarr/torrent/arch/[ASW] Dandadan - 18 [1080p HEVC][0B9ED491].mkv,92
1766444192,,,/mnt/my-zfs/mediarr/torrent/arch/Peacemaker.S01.2160p.MAX.WEB-DL.DDP5.1.Atmos.DV.HDR.H.265-WADU/Peacemaker.S01E01.A.Whole.New.Whirled.2160p.MAX.WEB-DL.DDP5.1.Atmos.DV.HDR.H.265-WADU.mkv,198
1766444244,,,/mnt/my-zfs/mediarr/torrent/arch/Peacemaker.S01.2160p.MAX.WEB-DL.DDP5.1.Atmos.DV.HDR.H.265-WADU/Peacemaker.S01E01.A.Whole.New.Whirled.2160p.MAX.WEB-DL.DDP5.1.Atmos.DV.HDR.H.265-WADU.mkv,198
1766444431,,,/mnt/my-zfs/mediarr/torrent/arch/Peacemaker.S01.2160p.MAX.WEB-DL.DDP5.1.Atmos.DV.HDR.H.265-WADU/Peacemaker.S01E01.A.Whole.New.Whirled.2160p.MAX.WEB-DL.DDP5.1.Atmos.DV.HDR.H.265-WADU.mkv,198
1766444453,,,/mnt/my-zfs/mediarr/torrent/arch/Peacemaker.S01.2160p.MAX.WEB-DL.DDP5.1.Atmos.DV.HDR.H.265-WADU/Peacemaker.S01E01.A.Whole.New.Whirled.2160p.MAX.WEB-DL.DDP5.1.Atmos.DV.HDR.H.265-WADU.mkv,198
1766444472,,,/mnt/my-zfs/mediarr/torrent/arch/Peacemaker.S01.2160p.MAX.WEB-DL.DDP5.1.Atmos.DV.HDR.H.265-WADU/Peacemaker.S01E01.A.Whole.New.Whirled.2160p.MAX.WEB-DL.DDP5.1.Atmos.DV.HDR.H.265-WADU.mkv,198
1766444478,,,/mnt/my-zfs/mediarr/torrent/arch/Peacemaker.S01.2160p.MAX.WEB-DL.DDP5.1.Atmos.DV.HDR.H.265-WADU/Peacemaker.S01E02.Best.Friends.for.Never.2160p.MAX.WEB-DL.DDP5.1.Atmos.DV.HDR.H.265-WADU.mkv,201
1766444516,21,Rick.and.Morty.S08E01,/mnt/my-zfs/mediarr/torrent/arch/Rick.and.Morty.S08E01.1080p.x265-ELiTE/Rick.and.Morty.S08E01.1080p.x265-ELiTE.mkv,150
1766444570,58,Falling | Terror in Resonance / Zankyou no Terror - S01E01,/mnt/my-zfs/mediarr/torrent/arch/[Arid] Terror in Resonance [Dual-Audio][BDRip 1920x1080 Hi10 FLAC]/[Arid] Terror in Resonance - S01E01 (BDRip 1920x1080 Hi10 FLAC) [4719F17A].mkv,251
1766444608,,,/mnt/my-zfs/mediarr/torrent/arch/[Anime Time] Black Lagoon (Complete Series) (Season 01+02+03+OST) [BD] [Dual Audio] [1080p][HEVC 10bit x265][AAC][Eng Sub]/Season 1/[Anime Time] Black Lagoon - 004 - Die Ruckkehr Des Adlers.mkv,239
1766444663,35,Serial Experiments Lain: 01 - Weird,/mnt/my-zfs/mediarr/torrent/arch/Serial Experiments Lain 1998 1080p BluRay FLAC 2.0 x264-Chotab/Serial Experiments Lain E01 Weird 1080p BluRay FLAC 2.0 x264-Chotab.mkv,217
1766444793,35,Serial Experiments Lain: 01 - Weird,/mnt/my-zfs/mediarr/torrent/arch/Serial Experiments Lain 1998 1080p BluRay FLAC 2.0 x264-Chotab/Serial Experiments Lain E01 Weird 1080p BluRay FLAC 2.0 x264-Chotab.mkv,217
1766444816,58,Falling | Terror in Resonance / Zankyou no Terror - S01E01,/mnt/my-zfs/mediarr/torrent/arch/[Arid] Terror in Resonance [Dual-Audio][BDRip 1920x1080 Hi10 FLAC]/[Arid] Terror in Resonance - S01E01 (BDRip 1920x1080 Hi10 FLAC) [4719F17A].mkv,251
1766445014,58,Falling | Terror in Resonance / Zankyou no Terror - S01E01,/mnt/my-zfs/mediarr/torrent/arch/[Arid] Terror in Resonance [Dual-Audio][BDRip 1920x1080 Hi10 FLAC]/[Arid] Terror in Resonance - S01E01 (BDRip 1920x1080 Hi10 FLAC) [4719F17A].mkv,251
1766445060,,,/mnt/my-zfs/mediarr/torrent/arch/Peacemaker.S01.2160p.MAX.WEB-DL.DDP5.1.Atmos.DV.HDR.H.265-WADU/Peacemaker.S01E02.Best.Friends.for.Never.2160p.MAX.WEB-DL.DDP5.1.Atmos.DV.HDR.H.265-WADU.mkv,201
1766445089,25,キュア AKA Cure (1997),/mnt/my-zfs/mediarr/torrent/arch/Cure.1997.REPACK.UHD.BluRay.Remux.2160p.DV.HDR.HEVC.FLAC.2.0-ZQ.mkv,140
1766445124,18,The King of Comedy,/mnt/my-zfs/mediarr/torrent/arch/The.King.of.Comedy.1982.BluRay.1080p.AVC.DTS-HD.MA.1.0.REMUX-FraMeSToR.mkv,140
1766445373,20,Like Spinning Plates,/run/media/btw/950c8663-5291-448f-b766-5c82159b5f4c/old-arch/home/btw/.local/share/nicotine/downloads/Radiohead/Amnesiac/10 Like Spinning Plates.mp3,183
1766445395,,,/mnt/my-zfs/mediarr/torrent/arch/Peacemaker.S01.2160p.MAX.WEB-DL.DDP5.1.Atmos.DV.HDR.H.265-WADU/Peacemaker.S01E02.Best.Friends.for.Never.2160p.MAX.WEB-DL.DDP5.1.Atmos.DV.HDR.H.265-WADU.mkv,201
1766510709,18,After Hours (1985),/mnt/my-zfs/mediarr/torrent/arch/After Hours (1985) (2160p UHD BluRay x265 DV HDR DDP 1.0 English - DiscoD HONE).mkv,149
1766511391,18,After Hours (1985),/mnt/my-zfs/mediarr/torrent/arch/After Hours (1985) (2160p UHD BluRay x265 DV HDR DDP 1.0 English - DiscoD HONE).mkv,149
1766511478,18,After Hours (1985),/mnt/my-zfs/mediarr/torrent/arch/After Hours (1985) (2160p UHD BluRay x265 DV HDR DDP 1.0 English - DiscoD HONE).mkv,149
1766570651,29,Grave of the Fireflies (1988),/mnt/my-zfs/mediarr/torrent/arch/Grave.of.the.Fireflies.1988.REPACK.BluRay.1080p.FLAC.2.0.AVC.REMUX-FraMeSToR/Grave.of.the.Fireflies.1988.REPACK.BluRay.1080p.FLAC.2.0.AVC.REMUX-FraMeSToR.mkv,234
1766570692,,,/mnt/my-zfs/mediarr/torrent/arch/Spirited.Away.2001.2160p.UPSCALE_AI.BDRip.x265.DD.5.1-USER.mkv,108
1766570707,20,Spirited Away (2001),/mnt/my-zfs/mediarr/torrent/arch/Spirited.Away.2001.BluRay.1080p.DTS-HD.MA.6.1.AVC.REMUX-FraMeSToR.mkv,137
1766582096,20,Spirited Away (2001),/mnt/my-zfs/mediarr/torrent/arch/Spirited.Away.2001.BluRay.1080p.DTS-HD.MA.6.1.AVC.REMUX-FraMeSToR.mkv,137
1766582106,,,/mnt/my-zfs/mediarr/torrent/arch/Spirited.Away.2001.2160p.UPSCALE_AI.BDRip.x265.DD.5.1-USER.mkv,108
1766619106,,,/mnt/my-zfs/mediarr/torrent/arch/Spirited.Away.2001.2160p.UPSCALE_AI.BDRip.x265.DD.5.1-USER.mkv,108
1766619750,27,Howl's Moving Castle (2004),/mnt/my-zfs/mediarr/torrent/arch/Howl's.Moving.Castle.2004.BluRay.1080p.DTS-HD.MA.5.1.AVC.REMUX-FraMeSToR.mkv,151
1766654140,27,Howl's Moving Castle (2004),/mnt/my-zfs/mediarr/torrent/arch/Howl's.Moving.Castle.2004.BluRay.1080p.DTS-HD.MA.5.1.AVC.REMUX-FraMeSToR.mkv,151
1766660076,16,Little by Little,/run/media/btw/950c8663-5291-448f-b766-5c82159b5f4c/old-arch/home/btw/.local/share/nicotine/downloads/Radiohead/The King of Limbs/03 Little by Little.mp3,184
1766661863,5,Feral,/run/media/btw/950c8663-5291-448f-b766-5c82159b5f4c/old-arch/home/btw/.local/share/nicotine/downloads/Radiohead/The King of Limbs/04 Feral.mp3,161
1766661866,12,Lotus Flower,/run/media/btw/950c8663-5291-448f-b766-5c82159b5f4c/old-arch/home/btw/.local/share/nicotine/downloads/Radiohead/The King of Limbs/05 Lotus Flower.mp3,176
1766661868,5,Codex,/run/media/btw/950c8663-5291-448f-b766-5c82159b5f4c/old-arch/home/btw/.local/share/nicotine/downloads/Radiohead/The King of Limbs/06 Codex.mp3,161
1766661870,10,Optimistic,/run/media/btw/950c8663-5291-448f-b766-5c82159b5f4c/old-arch/home/btw/.local/share/nicotine/downloads/Radiohead/Kid A/06 Optimistic.mp3,160
1766662286,11,Treefingers,/run/media/btw/950c8663-5291-448f-b766-5c82159b5f4c/old-arch/home/btw/.local/share/nicotine/downloads/Radiohead/Kid A/05 Treefingers.mp3,162
1766841771,,,/mnt/my-zfs/mediarr/torrent/arch/[DB]Tokyo Godfathers_-_(Dual Audio_10bit_BD1080p_x265).mkv,104
1766841968,,,/mnt/my-zfs/mediarr/torrent/arch/[DB]Tokyo Godfathers_-_(Dual Audio_10bit_BD1080p_x265).mkv,104
1766841988,,,/mnt/my-zfs/mediarr/torrent/arch/[DB]Tokyo Godfathers_-_(Dual Audio_10bit_BD1080p_x265).mkv,104
1766842186,28,The Boy and the Heron (2023),/mnt/my-zfs/mediarr/torrent/arch/The.Boy.and.the.Heron.2023.UHD.BluRay.2160p.TrueHD.Atmos.7.1.DV.HEVC.REMUX-FraMeSToR/The.Boy.and.the.Heron.2023.UHD.BluRay.2160p.TrueHD.Atmos.7.1.DV.HEVC.REMUX-FraMeSToR.mkv,249
1767190139,92,The Whitest Kids U'Know Complete Series - https://archive.org/details/WhitestKidsUKnowSeries,https://ia902903.us.archive.org/18/items/WhitestKidsUKnowSeries/S1E4.mp4,179
1767540312,,,/home/btw/Videos/2026-01-04 18-24-43.mkv,53
1767540659,,,/home/btw/Videos/2026-01-04 18-30-42.mkv,53
1767540705,,,/home/btw/Videos/2026-01-04 18-31-30.mkv,53
1767541126,,,/home/btw/Videos/2026-01-04 18-38-08.mkv,53
1767543200,,,/home/btw/Videos/2026-01-04 19-12-44.mkv,53
1767543422,,,/home/btw/Videos/2026-01-04 19-16-27.mkv,53
1767543587,,,/home/btw/Videos/2026-01-04 19-16-27.mkv,53
1767543600,,,/home/btw/Videos/2026-01-04 19-16-27.mkv,53
1767557458,38,Atlanta.S01E01.1080p.WEBRip.x265-RARBG,/mnt/my-zfs/mediarr/media/tv/Atlanta (2016)/Season 1/Atlanta (2016) - S01E01 - The Big Bang [WEBRip-1080p][AAC 5.1][x265]-RARBG.mp4,184
1767561378,38,Atlanta.S01E02.1080p.WEBRip.x265-RARBG,/mnt/my-zfs/mediarr/media/tv/Atlanta (2016)/Season 1/Atlanta (2016) - S01E02 - Streets on Lock [WEBRip-1080p][AAC 5.1][x265]-RARBG.mp4,187
1767563023,38,Atlanta.S01E03.1080p.WEBRip.x265-RARBG,/mnt/my-zfs/mediarr/media/tv/Atlanta (2016)/Season 1/Atlanta (2016) - S01E03 - Go for Broke [WEBRip-1080p][AAC 5.1][x265]-RARBG.mp4,184
1767564561,38,Atlanta.S01E04.1080p.WEBRip.x265-RARBG,/mnt/my-zfs/mediarr/media/tv/Atlanta (2016)/Season 1/Atlanta (2016) - S01E04 - The Streisand Effect [WEBRip-1080p][AAC 5.1][x265]-RARBG.mp4,192
1767566015,38,Atlanta.S01E05.1080p.WEBRip.x265-RARBG,/mnt/my-zfs/mediarr/media/tv/Atlanta (2016)/Season 1/Atlanta (2016) - S01E05 - Nobody Beats the Biebs [WEBRip-1080p][AAC 5.1][x265]-RARBG.mp4,194
1767567304,38,Atlanta.S01E06.1080p.WEBRip.x265-RARBG,/mnt/my-zfs/mediarr/media/tv/Atlanta (2016)/Season 1/Atlanta (2016) - S01E06 - Value [WEBRip-1080p][AAC 5.1][x265]-RARBG.mp4,177
1767568901,38,Atlanta.S01E07.1080p.WEBRip.x265-RARBG,/mnt/my-zfs/mediarr/media/tv/Atlanta (2016)/Season 1/Atlanta (2016) - S01E07 - B.A.N [WEBRip-1080p][AAC 5.1][x265]-RARBG.mp4,177
1767570410,38,Atlanta.S01E08.1080p.WEBRip.x265-RARBG,/mnt/my-zfs/mediarr/media/tv/Atlanta (2016)/Season 1/Atlanta (2016) - S01E08 - The Club [WEBRip-1080p][AAC 5.1][x265]-RARBG.mp4,180
1767571994,38,Atlanta.S01E09.1080p.WEBRip.x265-RARBG,/mnt/my-zfs/mediarr/media/tv/Atlanta (2016)/Season 1/Atlanta (2016) - S01E09 - Juneteenth [WEBRip-1080p][AAC 5.1][x265]-RARBG.mp4,182
1767573513,38,Atlanta.S01E10.1080p.WEBRip.x265-RARBG,/mnt/my-zfs/mediarr/media/tv/Atlanta (2016)/Season 1/Atlanta (2016) - S01E10 - The Jacket [WEBRip-1080p][AAC 5.1][x265]-RARBG.mp4,182
1767606769,38,Atlanta.S01E01.1080p.WEBRip.x265-RARBG,/mnt/my-zfs/mediarr/torrent/arch/Atlanta.S01-S04.1080p.WEBRip.x265-RARBG/Atlanta.S01.1080p.WEBRip.x265-RARBG/Atlanta.S01E01.1080p.WEBRip.x265-RARBG.mp4,204
1767606786,38,Atlanta.S02E01.1080p.WEBRip.x265-RARBG,/mnt/my-zfs/mediarr/torrent/arch/Atlanta.S01-S04.1080p.WEBRip.x265-RARBG/Atlanta.S02.1080p.WEBRip.x265-RARBG/Atlanta.S02E01.1080p.WEBRip.x265-RARBG.mp4,204
1767610522,38,Atlanta.S02E02.1080p.WEBRip.x265-RARBG,/mnt/my-zfs/mediarr/torrent/arch/Atlanta.S01-S04.1080p.WEBRip.x265-RARBG/Atlanta.S02.1080p.WEBRip.x265-RARBG/Atlanta.S02E02.1080p.WEBRip.x265-RARBG.mp4,204
1767612195,38,Atlanta.S02E03.1080p.WEBRip.x265-RARBG,/mnt/my-zfs/mediarr/torrent/arch/Atlanta.S01-S04.1080p.WEBRip.x265-RARBG/Atlanta.S02.1080p.WEBRip.x265-RARBG/Atlanta.S02E03.1080p.WEBRip.x265-RARBG.mp4,204
1767613874,38,Atlanta.S02E04.1080p.WEBRip.x265-RARBG,/mnt/my-zfs/mediarr/torrent/arch/Atlanta.S01-S04.1080p.WEBRip.x265-RARBG/Atlanta.S02.1080p.WEBRip.x265-RARBG/Atlanta.S02E04.1080p.WEBRip.x265-RARBG.mp4,204
1767703393,38,Atlanta.S02E04.1080p.WEBRip.x265-RARBG,/mnt/my-zfs/mediarr/torrent/arch/Atlanta.S01-S04.1080p.WEBRip.x265-RARBG/Atlanta.S02.1080p.WEBRip.x265-RARBG/Atlanta.S02E04.1080p.WEBRip.x265-RARBG.mp4,204
1767705266,38,Atlanta.S02E05.1080p.WEBRip.x265-RARBG,/mnt/my-zfs/mediarr/torrent/arch/Atlanta.S01-S04.1080p.WEBRip.x265-RARBG/Atlanta.S02.1080p.WEBRip.x265-RARBG/Atlanta.S02E05.1080p.WEBRip.x265-RARBG.mp4,204
1767707062,38,Atlanta.S02E06.1080p.WEBRip.x265-RARBG,/mnt/my-zfs/mediarr/torrent/arch/Atlanta.S01-S04.1080p.WEBRip.x265-RARBG/Atlanta.S02.1080p.WEBRip.x265-RARBG/Atlanta.S02E06.1080p.WEBRip.x265-RARBG.mp4,204
1767815227,38,Atlanta.S02E06.1080p.WEBRip.x265-RARBG,/mnt/my-zfs/mediarr/torrent/arch/Atlanta.S01-S04.1080p.WEBRip.x265-RARBG/Atlanta.S02.1080p.WEBRip.x265-RARBG/Atlanta.S02E06.1080p.WEBRip.x265-RARBG.mp4,204
1767817540,38,Atlanta.S02E07.1080p.WEBRip.x265-RARBG,/mnt/my-zfs/mediarr/torrent/arch/Atlanta.S01-S04.1080p.WEBRip.x265-RARBG/Atlanta.S02.1080p.WEBRip.x265-RARBG/Atlanta.S02E07.1080p.WEBRip.x265-RARBG.mp4,204
1767819579,38,Atlanta.S02E08.1080p.WEBRip.x265-RARBG,/mnt/my-zfs/mediarr/torrent/arch/Atlanta.S01-S04.1080p.WEBRip.x265-RARBG/Atlanta.S02.1080p.WEBRip.x265-RARBG/Atlanta.S02E08.1080p.WEBRip.x265-RARBG.mp4,204
1767821058,38,Atlanta.S02E09.1080p.WEBRip.x265-RARBG,/mnt/my-zfs/mediarr/torrent/arch/Atlanta.S01-S04.1080p.WEBRip.x265-RARBG/Atlanta.S02.1080p.WEBRip.x265-RARBG/Atlanta.S02E09.1080p.WEBRip.x265-RARBG.mp4,204
1767826419,38,Atlanta.S02E10.1080p.WEBRip.x265-RARBG,/mnt/my-zfs/mediarr/torrent/arch/Atlanta.S01-S04.1080p.WEBRip.x265-RARBG/Atlanta.S02.1080p.WEBRip.x265-RARBG/Atlanta.S02E10.1080p.WEBRip.x265-RARBG.mp4,204
1767826423,38,Atlanta.S02E09.1080p.WEBRip.x265-RARBG,/mnt/my-zfs/mediarr/torrent/arch/Atlanta.S01-S04.1080p.WEBRip.x265-RARBG/Atlanta.S02.1080p.WEBRip.x265-RARBG/Atlanta.S02E09.1080p.WEBRip.x265-RARBG.mp4,204
1767826443,38,Atlanta.S02E10.1080p.WEBRip.x265-RARBG,/mnt/my-zfs/mediarr/torrent/arch/Atlanta.S01-S04.1080p.WEBRip.x265-RARBG/Atlanta.S02.1080p.WEBRip.x265-RARBG/Atlanta.S02E10.1080p.WEBRip.x265-RARBG.mp4,204
1767829272,38,Atlanta.S02E11.1080p.WEBRip.x265-RARBG,/mnt/my-zfs/mediarr/torrent/arch/Atlanta.S01-S04.1080p.WEBRip.x265-RARBG/Atlanta.S02.1080p.WEBRip.x265-RARBG/Atlanta.S02E11.1080p.WEBRip.x265-RARBG.mp4,204
1767959122,38,Atlanta.S02E11.1080p.WEBRip.x265-RARBG,/mnt/my-zfs/mediarr/torrent/arch/Atlanta.S01-S04.1080p.WEBRip.x265-RARBG/Atlanta.S02.1080p.WEBRip.x265-RARBG/Atlanta.S02E11.1080p.WEBRip.x265-RARBG.mp4,204
1767959125,38,Atlanta.S03E01.1080p.WEBRip.x265-RARBG,/mnt/my-zfs/mediarr/torrent/arch/Atlanta.S01-S04.1080p.WEBRip.x265-RARBG/Atlanta.S03.1080p.WEBRip.x265-RARBG/Atlanta.S03E01.1080p.WEBRip.x265-RARBG.mp4,204
1767961280,38,Atlanta.S03E02.1080p.WEBRip.x265-RARBG,/mnt/my-zfs/mediarr/torrent/arch/Atlanta.S01-S04.1080p.WEBRip.x265-RARBG/Atlanta.S03.1080p.WEBRip.x265-RARBG/Atlanta.S03E02.1080p.WEBRip.x265-RARBG.mp4,204
1767966561,38,Atlanta.S03E03.1080p.WEBRip.x265-RARBG,/mnt/my-zfs/mediarr/torrent/arch/Atlanta.S01-S04.1080p.WEBRip.x265-RARBG/Atlanta.S03.1080p.WEBRip.x265-RARBG/Atlanta.S03E03.1080p.WEBRip.x265-RARBG.mp4,204
1767971430,38,Atlanta.S03E04.1080p.WEBRip.x265-RARBG,/mnt/my-zfs/mediarr/torrent/arch/Atlanta.S01-S04.1080p.WEBRip.x265-RARBG/Atlanta.S03.1080p.WEBRip.x265-RARBG/Atlanta.S03E04.1080p.WEBRip.x265-RARBG.mp4,204
1767996464,38,Atlanta.S03E04.1080p.WEBRip.x265-RARBG,/mnt/my-zfs/mediarr/torrent/arch/Atlanta.S01-S04.1080p.WEBRip.x265-RARBG/Atlanta.S03.1080p.WEBRip.x265-RARBG/Atlanta.S03E04.1080p.WEBRip.x265-RARBG.mp4,204
1767997280,38,Atlanta.S03E05.1080p.WEBRip.x265-RARBG,/mnt/my-zfs/mediarr/torrent/arch/Atlanta.S01-S04.1080p.WEBRip.x265-RARBG/Atlanta.S03.1080p.WEBRip.x265-RARBG/Atlanta.S03E05.1080p.WEBRip.x265-RARBG.mp4,204
1768041967,38,Atlanta.S03E05.1080p.WEBRip.x265-RARBG,/mnt/my-zfs/mediarr/torrent/arch/Atlanta.S01-S04.1080p.WEBRip.x265-RARBG/Atlanta.S03.1080p.WEBRip.x265-RARBG/Atlanta.S03E05.1080p.WEBRip.x265-RARBG.mp4,204
1768041969,38,Atlanta.S03E06.1080p.WEBRip.x265-RARBG,/mnt/my-zfs/mediarr/torrent/arch/Atlanta.S01-S04.1080p.WEBRip.x265-RARBG/Atlanta.S03.1080p.WEBRip.x265-RARBG/Atlanta.S03E06.1080p.WEBRip.x265-RARBG.mp4,204
1768044348,38,Atlanta.S03E07.1080p.WEBRip.x265-RARBG,/mnt/my-zfs/mediarr/torrent/arch/Atlanta.S01-S04.1080p.WEBRip.x265-RARBG/Atlanta.S03.1080p.WEBRip.x265-RARBG/Atlanta.S03E07.1080p.WEBRip.x265-RARBG.mp4,204
1768047326,38,Atlanta.S03E08.1080p.WEBRip.x265-RARBG,/mnt/my-zfs/mediarr/torrent/arch/Atlanta.S01-S04.1080p.WEBRip.x265-RARBG/Atlanta.S03.1080p.WEBRip.x265-RARBG/Atlanta.S03E08.1080p.WEBRip.x265-RARBG.mp4,204
1768149278,,,/run/media/btw/5B8C-9580/DCIM/100OLYMP/P1110115.MOV,64
1768149330,,,/run/media/btw/5B8C-9580/DCIM/100OLYMP/P1110115.MOV,64
1768149331,,,/run/media/btw/5B8C-9580/DCIM/100OLYMP/P1110116.MOV,64
1768149333,,,/run/media/btw/5B8C-9580/DCIM/100OLYMP/P1110115.MOV,64
1768149333,,,/run/media/btw/5B8C-9580/DCIM/100OLYMP/P1110116.MOV,64
1768149334,,,/run/media/btw/5B8C-9580/DCIM/100OLYMP/P1110115.MOV,64
1768149335,,,/run/media/btw/5B8C-9580/DCIM/100OLYMP/P1110116.MOV,64
1768149336,,,/run/media/btw/5B8C-9580/DCIM/100OLYMP/P1110115.MOV,64
1768149337,,,/run/media/btw/5B8C-9580/DCIM/100OLYMP/P1110116.MOV,64
1768149692,,,/run/media/btw/5B8C-9580/DCIM/100OLYMP/P1110115.MOV,64
1768149698,,,/run/media/btw/5B8C-9580/DCIM/100OLYMP/P1110116.MOV,64
1768149699,,,/run/media/btw/5B8C-9580/DCIM/100OLYMP/P1110117.MOV,64
1768149711,,,/run/media/btw/5B8C-9580/DCIM/100OLYMP/P1110117.MOV,64
1768149791,,,/run/media/btw/5B8C-9580/DCIM/100OLYMP/PC230114.MOV,64
1768153746,,,/run/media/btw/5B8C-9580/DCIM/100OLYMP/PC230114.MOV,64
1768153762,,,/run/media/btw/5B8C-9580/DCIM/100OLYMP/PC200039.MOV,64
1768153765,,,/run/media/btw/5B8C-9580/DCIM/100OLYMP/PC200040.MOV,64
1768153767,,,/run/media/btw/5B8C-9580/DCIM/100OLYMP/PC200043.MOV,64
1768153768,,,/run/media/btw/5B8C-9580/DCIM/100OLYMP/PC230104.MOV,64
1768153769,,,/run/media/btw/5B8C-9580/DCIM/100OLYMP/PC230111.MOV,64
1768153773,,,/run/media/btw/5B8C-9580/DCIM/100OLYMP/PC230113.MOV,64
1768153780,,,/run/media/btw/5B8C-9580/DCIM/100OLYMP/PC230114.MOV,64
1768161292,,,/run/media/btw/5C2B-B633/DCIM/100OLYMP/P1110001.MOV,64
1768161432,,,/run/media/btw/5C2B-B633/DCIM/100OLYMP/P1110002.MOV,64
1768162303,,,/run/media/btw/5C2B-B633/DCIM/100OLYMP/P1110003.MOV,64
1768167122,38,Atlanta.S03E08.1080p.WEBRip.x265-RARBG,/mnt/my-zfs/mediarr/torrent/arch/Atlanta.S01-S04.1080p.WEBRip.x265-RARBG/Atlanta.S03.1080p.WEBRip.x265-RARBG/Atlanta.S03E08.1080p.WEBRip.x265-RARBG.mp4,204
1768168432,38,Atlanta.S03E09.1080p.WEBRip.x265-RARBG,/mnt/my-zfs/mediarr/torrent/arch/Atlanta.S01-S04.1080p.WEBRip.x265-RARBG/Atlanta.S03.1080p.WEBRip.x265-RARBG/Atlanta.S03E09.1080p.WEBRip.x265-RARBG.mp4,204
1768170117,38,Atlanta.S03E10.1080p.WEBRip.x265-RARBG,/mnt/my-zfs/mediarr/torrent/arch/Atlanta.S01-S04.1080p.WEBRip.x265-RARBG/Atlanta.S03.1080p.WEBRip.x265-RARBG/Atlanta.S03E10.1080p.WEBRip.x265-RARBG.mp4,204
1768173149,38,Atlanta.S04E01.1080p.WEBRip.x265-RARBG,/mnt/my-zfs/mediarr/torrent/arch/Atlanta.S01-S04.1080p.WEBRip.x265-RARBG/Atlanta.S04.1080p.WEBRip.x265-RARBG/Atlanta.S04E01.1080p.WEBRip.x265-RARBG.mp4,204
1768209889,38,Atlanta.S04E01.1080p.WEBRip.x265-RARBG,/mnt/my-zfs/mediarr/torrent/arch/Atlanta.S01-S04.1080p.WEBRip.x265-RARBG/Atlanta.S04.1080p.WEBRip.x265-RARBG/Atlanta.S04E01.1080p.WEBRip.x265-RARBG.mp4,204
1768209891,38,Atlanta.S04E02.1080p.WEBRip.x265-RARBG,/mnt/my-zfs/mediarr/torrent/arch/Atlanta.S01-S04.1080p.WEBRip.x265-RARBG/Atlanta.S04.1080p.WEBRip.x265-RARBG/Atlanta.S04E02.1080p.WEBRip.x265-RARBG.mp4,204
1768211841,38,Atlanta.S04E03.1080p.WEBRip.x265-RARBG,/mnt/my-zfs/mediarr/torrent/arch/Atlanta.S01-S04.1080p.WEBRip.x265-RARBG/Atlanta.S04.1080p.WEBRip.x265-RARBG/Atlanta.S04E03.1080p.WEBRip.x265-RARBG.mp4,204
1768214057,38,Atlanta.S04E04.1080p.WEBRip.x265-RARBG,/mnt/my-zfs/mediarr/torrent/arch/Atlanta.S01-S04.1080p.WEBRip.x265-RARBG/Atlanta.S04.1080p.WEBRip.x265-RARBG/Atlanta.S04E04.1080p.WEBRip.x265-RARBG.mp4,204
1768221281,,,/run/media/btw/5C2B-B633/DCIM/100OLYMP/P1120024.MOV,64
1768221305,,,/run/media/btw/5C2B-B633/DCIM/100OLYMP/P1120023.MOV,64
1768221835,,,/run/media/btw/5C2B-B633/DCIM/100OLYMP/P1120024.MOV,64
1768221844,,,/run/media/btw/5C2B-B633/DCIM/100OLYMP/P1120025.MOV,64
1768222621,,,/run/media/btw/5C2B-B633/DCIM/100OLYMP/P1120031.MOV,64
1768222651,,,/run/media/btw/5C2B-B633/DCIM/100OLYMP/P1120023.MOV,64
1768222653,,,/run/media/btw/5C2B-B633/DCIM/100OLYMP/P1120024.MOV,64
1768222655,,,/run/media/btw/5C2B-B633/DCIM/100OLYMP/P1120025.MOV,64
1768222664,,,/run/media/btw/5C2B-B633/DCIM/100OLYMP/P1120026.MOV,64
1768222679,,,/run/media/btw/5C2B-B633/DCIM/100OLYMP/P1120027.MOV,64
1768222701,,,/run/media/btw/5C2B-B633/DCIM/100OLYMP/P1120028.MOV,64
1768222719,,,/run/media/btw/5C2B-B633/DCIM/100OLYMP/P1120029.MOV,64
1768222810,,,/run/media/btw/5C2B-B633/DCIM/100OLYMP/P1120030.MOV,64
1768222824,,,/run/media/btw/5C2B-B633/DCIM/100OLYMP/P1120031.MOV,64
1768222937,,,/run/media/btw/5C2B-B633/DCIM/100OLYMP/P1120030.MOV,64
1768222944,,,/run/media/btw/5C2B-B633/DCIM/100OLYMP/P1120029.MOV,64
1768222948,,,/run/media/btw/5C2B-B633/DCIM/100OLYMP/P1120028.MOV,64
1768301793,38,Atlanta.S04E04.1080p.WEBRip.x265-RARBG,/mnt/my-zfs/mediarr/torrent/arch/Atlanta.S01-S04.1080p.WEBRip.x265-RARBG/Atlanta.S04.1080p.WEBRip.x265-RARBG/Atlanta.S04E04.1080p.WEBRip.x265-RARBG.mp4,204
1768301927,38,Atlanta.S04E05.1080p.WEBRip.x265-RARBG,/mnt/my-zfs/mediarr/torrent/arch/Atlanta.S01-S04.1080p.WEBRip.x265-RARBG/Atlanta.S04.1080p.WEBRip.x265-RARBG/Atlanta.S04E05.1080p.WEBRip.x265-RARBG.mp4,204
1768303669,38,Atlanta.S04E06.1080p.WEBRip.x265-RARBG,/mnt/my-zfs/mediarr/torrent/arch/Atlanta.S01-S04.1080p.WEBRip.x265-RARBG/Atlanta.S04.1080p.WEBRip.x265-RARBG/Atlanta.S04E06.1080p.WEBRip.x265-RARBG.mp4,204
1768572283,38,Atlanta.S04E06.1080p.WEBRip.x265-RARBG,/mnt/my-zfs/mediarr/torrent/arch/Atlanta.S01-S04.1080p.WEBRip.x265-RARBG/Atlanta.S04.1080p.WEBRip.x265-RARBG/Atlanta.S04E06.1080p.WEBRip.x265-RARBG.mp4,204
1768572286,38,Atlanta.S04E07.1080p.WEBRip.x265-RARBG,/mnt/my-zfs/mediarr/torrent/arch/Atlanta.S01-S04.1080p.WEBRip.x265-RARBG/Atlanta.S04.1080p.WEBRip.x265-RARBG/Atlanta.S04E07.1080p.WEBRip.x265-RARBG.mp4,204
1768594371,30,Rihanna - Don't Stop The Music,https://www.youtube.com/watch?v=yd8jh9QYfEs,88
1768594382,30,Rihanna - Don't Stop The Music,https://www.youtube.com/watch?v=yd8jh9QYfEs,88
1768612289,,,/mnt/my-zfs/mediarr/torrent/arch/Jujutsu Kaisen/[SubsPlease] Jujutsu Kaisen - 45 (1080p) [F603E911].mkv,116
1768612304,,,/mnt/my-zfs/mediarr/torrent/arch/Jujutsu Kaisen/[SubsPlease] Jujutsu Kaisen - 46 (1080p) [BF289873].mkv,116
1768612314,,,/mnt/my-zfs/mediarr/torrent/arch/Jujutsu Kaisen/[SubsPlease] Jujutsu Kaisen - 47 (1080p) [0EAECF26].mkv,116
1768612324,,,/mnt/my-zfs/mediarr/torrent/arch/Jujutsu Kaisen/[SubsPlease] Jujutsu Kaisen - 48 (1080p) [319A622F].mkv,116
1768616149,,,/mnt/my-zfs/mediarr/torrent/arch/Jujutsu Kaisen/[SubsPlease] Jujutsu Kaisen - 49 (1080p) [1BE76297].mkv,116
1768617961,,,/mnt/my-zfs/mediarr/torrent/arch/Jujutsu Kaisen/[SubsPlease] Jujutsu Kaisen - 50 (1080p) [F12C66EE].mkv,116
1768654531,30,Rihanna - Don't Stop The Music,https://www.youtube.com/watch?v=yd8jh9QYfEs,88
1768670009,,,/mnt/my-zfs/mediarr/torrent/arch/Jujutsu Kaisen/[SubsPlease] Jujutsu Kaisen - 50 (1080p) [F12C66EE].mkv,116
1768672215,,,/mnt/my-zfs/mediarr/torrent/arch/Snowpiercer.2013.UHD.BluRay.2160p.DDP.7.1.DV.HDR.x265-BHDStudio.mp4,113
1768997891,,,/mnt/my-zfs/mediarr/media/anime/one outs (2008)/[VOLTZ] One Outs - 01 v2 [20658685].mkv,100
1769078177,30,Rihanna - Don't Stop The Music,https://www.youtube.com/watch?v=yd8jh9QYfEs,88
1769212111,,,http://192.168.0.23:8008,37
1769212195,,,http://192.168.0.23:8008,37
1769212305,,,http://192.168.0.23:8080,37
1769212580,,,http://192.168.0.23:8080,37
1769212605,,,http://192.168.0.23:8080,37
1769262043,,,/mnt/my-zfs/mediarr/torrent/arch/Jujutsu Kaisen/[SubsPlease] Jujutsu Kaisen - 51 (1080p) [84C776B4].mkv,116
1769262622,,,/mnt/my-zfs/mediarr/torrent/arch/Jujutsu Kaisen/[SubsPlease] Jujutsu Kaisen - 51 (1080p) [84C776B4].mkv,116
1769262811,,,/mnt/my-zfs/mediarr/torrent/arch/Jujutsu Kaisen/[SubsPlease] Jujutsu Kaisen - 51 (1080p) [84C776B4].mkv,116
1769430239,8,Avidemux,/mnt/my-zfs/mediarr/torrent/arch/GHOST in the SHELL (1995-2015) - 3 Movies, COMPLETE Stand Alone Complex SERIES, Arise OVAs - 1080p DUAL Audio x264/a. MOVIES (1995-2008)/1a. Ghost in the Shell - The Movie (1995 - 1080p DUAL Audio).mkv,256
1769430337,8,Avidemux,/mnt/my-zfs/mediarr/torrent/arch/GHOST in the SHELL (1995-2015) - 3 Movies, COMPLETE Stand Alone Complex SERIES, Arise OVAs - 1080p DUAL Audio x264/a. MOVIES (1995-2008)/1a. Ghost in the Shell - The Movie (1995 - 1080p DUAL Audio).mkv,256
1769430563,8,Avidemux,/mnt/my-zfs/mediarr/torrent/arch/GHOST in the SHELL (1995-2015) - 3 Movies, COMPLETE Stand Alone Complex SERIES, Arise OVAs - 1080p DUAL Audio x264/a. MOVIES (1995-2008)/1a. Ghost in the Shell - The Movie (1995 - 1080p DUAL Audio).mkv,256
1769430773,8,Avidemux,/mnt/my-zfs/mediarr/torrent/arch/GHOST in the SHELL (1995-2015) - 3 Movies, COMPLETE Stand Alone Complex SERIES, Arise OVAs - 1080p DUAL Audio x264/a. MOVIES (1995-2008)/1a. Ghost in the Shell - The Movie (1995 - 1080p DUAL Audio).mkv,256
1769430838,8,Avidemux,/mnt/my-zfs/mediarr/torrent/arch/GHOST in the SHELL (1995-2015) - 3 Movies, COMPLETE Stand Alone Complex SERIES, Arise OVAs - 1080p DUAL Audio x264/a. MOVIES (1995-2008)/1a. Ghost in the Shell - The Movie (1995 - 1080p DUAL Audio).mkv,256
1769455141,,,/home/btw/Downloads/Akainu vs Aokiji #onepieceedit #akainu #aokiji #paratiiiiiiiiiiiiiiii... [7502885765483908360] (online-video-cutter.com).mp4,157
1769455143,,,/home/btw/Downloads/Akainu vs Aokiji #onepieceedit #akainu #aokiji #paratiiiiiiiiiiiiiiii... [7502885765483908360] (online-video-cutter.com).mp4,157
1769592322,77,The.Wild.Robot.2024.2160p.BluRay.TrueHD.Atmos.7.1.DV.HDR10Plus.x265-MainFrame,/mnt/my-zfs/mediarr/torrent/arch/The.Wild.Robot.2024.2160p.BluRay.TrueHD.Atmos.7.1.DV.HDR10Plus.x265-MainFrame.mkv,206
1769606719,77,The.Wild.Robot.2024.2160p.BluRay.TrueHD.Atmos.7.1.DV.HDR10Plus.x265-MainFrame,/mnt/my-zfs/mediarr/torrent/arch/The.Wild.Robot.2024.2160p.BluRay.TrueHD.Atmos.7.1.DV.HDR10Plus.x265-MainFrame.mkv,206
1769857572,,,/home/btw/Downloads/Telegram Desktop/S3 Ep 05 [ 4k ].mp4,69
1769857777,,,/mnt/my-zfs/mediarr/torrent/arch/Jujutsu Kaisen/[SubsPlease] Jujutsu Kaisen - 50 (1080p) [F12C66EE].mkv,116
1769857781,,,/mnt/my-zfs/mediarr/torrent/arch/Jujutsu Kaisen/[SubsPlease] Jujutsu Kaisen - 51 (1080p) [84C776B4].mkv,116
1769857785,,,/mnt/my-zfs/mediarr/torrent/arch/Jujutsu Kaisen/[SubsPlease] Jujutsu Kaisen - SP1 (1080p) [B08B285F].mkv,117
1769857803,,,/mnt/my-zfs/mediarr/torrent/arch/Jujutsu Kaisen/[SubsPlease] Jujutsu Kaisen - 51 (1080p) [84C776B4].mkv,116
1769857803,,,/mnt/my-zfs/mediarr/torrent/arch/Jujutsu Kaisen/[SubsPlease] Jujutsu Kaisen - 50 (1080p) [F12C66EE].mkv,116
1769857805,,,/mnt/my-zfs/mediarr/torrent/arch/Jujutsu Kaisen/[SubsPlease] Jujutsu Kaisen - 51 (1080p) [84C776B4].mkv,116
1769857806,,,/mnt/my-zfs/mediarr/torrent/arch/Jujutsu Kaisen/[SubsPlease] Jujutsu Kaisen - SP1 (1080p) [B08B285F].mkv,117
1769857807,,,/mnt/my-zfs/mediarr/torrent/arch/Jujutsu Kaisen/[SubsPlease] Jujutsu Kaisen - 51 (1080p) [84C776B4].mkv,116
1769857841,,,/mnt/my-zfs/mediarr/torrent/arch/Jujutsu Kaisen/[SubsPlease] Jujutsu Kaisen - 51 (1080p) [84C776B4].mkv,116
1769857847,,,/mnt/my-zfs/mediarr/torrent/arch/Jujutsu Kaisen/[SubsPlease] Jujutsu Kaisen - 52 (1080p) [70834558].mkv,116
1769858074,,,/mnt/my-zfs/mediarr/torrent/arch/Jujutsu Kaisen/[SubsPlease] Jujutsu Kaisen - SP1 (1080p) [B08B285F].mkv,117
1769858077,,,/mnt/my-zfs/mediarr/torrent/arch/Jujutsu Kaisen/[SubsPlease] Jujutsu Kaisen - 52 (1080p) [70834558].mkv,116
1770039132,,,http://192.168.0.23:8080/stream,44
1770286001,,,/mnt/my-zfs/mediarr/torrent/arch/Fallout.S02.2160p.AMZN.WEB-DL.DDP5.1.Atmos.DV.HDR.H.265-FLUX/Fallout.S02E01.The.Innovator.2160p.AMZN.WEB-DL.DDP5.1.Atmos.DV.HDR.H.265-FLUX.mkv,188
1770313283,,,/mnt/my-zfs/mediarr/torrent/arch/Fallout.S02.2160p.AMZN.WEB-DL.DDP5.1.Atmos.DV.HDR.H.265-FLUX/Fallout.S02E01.The.Innovator.2160p.AMZN.WEB-DL.DDP5.1.Atmos.DV.HDR.H.265-FLUX.mkv,188
1770316366,,,/mnt/my-zfs/mediarr/torrent/arch/Fallout.S02.2160p.AMZN.WEB-DL.DDP5.1.Atmos.DV.HDR.H.265-FLUX/Fallout.S02E02.The.Golden.Rule.REPACK2.2160p.AMZN.WEB-DL.DDP5.1.Atmos.DV.HDR.H.265-FLUX.mkv,198
1770326755,,,/mnt/my-zfs/mediarr/torrent/arch/Fallout.S02.2160p.AMZN.WEB-DL.DDP5.1.Atmos.DV.HDR.H.265-FLUX/Fallout.S02E03.The.Profligate.2160p.AMZN.WEB-DL.DDP5.1.Atmos.DV.HDR.H.265-FLUX.mkv,189
1770333968,,,/mnt/my-zfs/mediarr/torrent/arch/Fallout.S02.2160p.AMZN.WEB-DL.DDP5.1.Atmos.DV.HDR.H.265-FLUX/Fallout.S02E04.The.Demon.in.the.Snow.2160p.AMZN.WEB-DL.DDP5.1.Atmos.DV.HDR.H.265-FLUX.mkv,196
1770379045,,,/mnt/my-zfs/mediarr/torrent/arch/Fallout.S02.2160p.AMZN.WEB-DL.DDP5.1.Atmos.DV.HDR.H.265-FLUX/Fallout.S02E04.The.Demon.in.the.Snow.2160p.AMZN.WEB-DL.DDP5.1.Atmos.DV.HDR.H.265-FLUX.mkv,196
1770379235,,,/mnt/my-zfs/mediarr/torrent/arch/Fallout.S02.2160p.AMZN.WEB-DL.DDP5.1.Atmos.DV.HDR.H.265-FLUX/Fallout.S02E05.The.Wrangler.2160p.AMZN.WEB-DL.DDP5.1.Atmos.DV.HDR.H.265-FLUX.mkv,187
1770453682,,,/mnt/my-zfs/mediarr/torrent/arch/Fallout.S02.2160p.AMZN.WEB-DL.DDP5.1.Atmos.DV.HDR.H.265-FLUX/Fallout.S02E05.The.Wrangler.2160p.AMZN.WEB-DL.DDP5.1.Atmos.DV.HDR.H.265-FLUX.mkv,187
1770455112,,,/mnt/my-zfs/mediarr/torrent/arch/Fallout.S02.2160p.AMZN.WEB-DL.DDP5.1.Atmos.DV.HDR.H.265-FLUX/Fallout.S02E06.The.Other.Player.2160p.AMZN.WEB-DL.DDP5.1.Atmos.DV.HDR.H.265-FLUX.mkv,191
1770462310,,,/mnt/my-zfs/mediarr/torrent/arch/Fallout.S02.2160p.AMZN.WEB-DL.DDP5.1.Atmos.DV.HDR.H.265-FLUX/Fallout.S02E07.The.Handoff.2160p.AMZN.WEB-DL.DDP5.1.Atmos.DV.HDR.H.265-FLUX.mkv,186
1770466024,,,/mnt/my-zfs/mediarr/torrent/arch/Fallout.S02.2160p.AMZN.WEB-DL.DDP5.1.Atmos.DV.HDR.H.265-FLUX/Fallout.S02E08.The.Strip.2160p.AMZN.WEB-DL.DDP5.1.Atmos.DV.HDR.H.265-FLUX.mkv,184
1770489915,,,/home/btw/Downloads/EFTA01616390.mov,49
1770551969,,,/mnt/my-zfs/mediarr/torrent/arch/Jujutsu Kaisen/[SubsPlease] Jujutsu Kaisen - 52 (1080p) [70834558].mkv,116
1770551972,,,/mnt/my-zfs/mediarr/torrent/arch/Jujutsu Kaisen/[SubsPlease] Jujutsu Kaisen - 53 (1080p) [4790B4CD].mkv,116
1770552179,,,/mnt/my-zfs/mediarr/torrent/arch/Jujutsu Kaisen/[SubsPlease] Jujutsu Kaisen - 53 (1080p) [4790B4CD].mkv,116
1770552180,,,/mnt/my-zfs/mediarr/torrent/arch/Jujutsu Kaisen/[SubsPlease] Jujutsu Kaisen - SP1 (1080p) [B08B285F].mkv,117
1770552182,,,/mnt/my-zfs/mediarr/torrent/arch/Jujutsu Kaisen/[SubsPlease] Jujutsu Kaisen - 53 (1080p) [4790B4CD].mkv,116
1770552204,,,/mnt/my-zfs/mediarr/torrent/arch/Jujutsu Kaisen/[Judas] JUJUTSU KAISEN - S03E06.mkv,96
1770552215,,,/mnt/my-zfs/mediarr/torrent/arch/Jujutsu Kaisen/[Judas] JUJUTSU KAISEN - S03E06.mkv,96
1770552226,,,/mnt/my-zfs/mediarr/torrent/arch/Jujutsu Kaisen/[Judas] JUJUTSU KAISEN - S03E06.mkv,96
1770553140,,,/mnt/my-zfs/mediarr/torrent/arch/Jujutsu Kaisen/[Judas] JUJUTSU KAISEN - S03E06.mkv,96
1770714942,,,/mnt/my-zfs/mediarr/torrent/arch/Mad.Men.S01.REPACK.V2.2160p.HMAX.WEB-DL.DDP5.1.DV.HDR.H.265-WADU/Mad.Men.S01E01.Smoke.Gets.in.Your.Eyes.REPACK.2160p.HMAX.WEB-DL.DDP5.1.DV.HDR.H.265-WADU.mkv,203
1770721328,,,/mnt/my-zfs/mediarr/torrent/arch/Mad.Men.S01.REPACK.V2.2160p.HMAX.WEB-DL.DDP5.1.DV.HDR.H.265-WADU/Mad.Men.S01E02.Ladies.Room.REPACK.2160p.HMAX.WEB-DL.DDP5.1.DV.HDR.H.265-WADU.mkv,191
1770721331,,,/mnt/my-zfs/mediarr/torrent/arch/Mad.Men.S01.REPACK.V2.2160p.HMAX.WEB-DL.DDP5.1.DV.HDR.H.265-WADU/Mad.Men.S01E01.Smoke.Gets.in.Your.Eyes.REPACK.2160p.HMAX.WEB-DL.DDP5.1.DV.HDR.H.265-WADU.mkv,203
1770721410,,,/mnt/my-zfs/mediarr/torrent/arch/Mad.Men.S01.REPACK.V2.2160p.HMAX.WEB-DL.DDP5.1.DV.HDR.H.265-WADU/Mad.Men.S01E02.Ladies.Room.REPACK.2160p.HMAX.WEB-DL.DDP5.1.DV.HDR.H.265-WADU.mkv,191
1770748481,,,/mnt/my-zfs/mediarr/torrent/arch/Mad.Men.S01.REPACK.V2.2160p.HMAX.WEB-DL.DDP5.1.DV.HDR.H.265-WADU/Mad.Men.S01E05.5G.REPACK.2160p.HMAX.WEB-DL.DDP5.1.DV.HDR.H.265-WADU.mkv,182
1770748492,,,/mnt/my-zfs/mediarr/torrent/arch/Mad.Men.S01.REPACK.V2.2160p.HMAX.WEB-DL.DDP5.1.DV.HDR.H.265-WADU/Mad.Men.S01E02.Ladies.Room.REPACK.2160p.HMAX.WEB-DL.DDP5.1.DV.HDR.H.265-WADU.mkv,191
1770748496,,,/mnt/my-zfs/mediarr/torrent/arch/Mad.Men.S01.REPACK.V2.2160p.HMAX.WEB-DL.DDP5.1.DV.HDR.H.265-WADU/Mad.Men.S01E01.Smoke.Gets.in.Your.Eyes.REPACK.2160p.HMAX.WEB-DL.DDP5.1.DV.HDR.H.265-WADU.mkv,203
1770748497,,,/mnt/my-zfs/mediarr/torrent/arch/Mad.Men.S01.REPACK.V2.2160p.HMAX.WEB-DL.DDP5.1.DV.HDR.H.265-WADU/Mad.Men.S01E02.Ladies.Room.REPACK.2160p.HMAX.WEB-DL.DDP5.1.DV.HDR.H.265-WADU.mkv,191
1770748522,,,/mnt/my-zfs/mediarr/torrent/arch/Mad.Men.S01.REPACK.V2.2160p.HMAX.WEB-DL.DDP5.1.DV.HDR.H.265-WADU/Mad.Men.S01E02.Ladies.Room.REPACK.2160p.HMAX.WEB-DL.DDP5.1.DV.HDR.H.265-WADU.mkv,191
1770748526,,,/mnt/my-zfs/mediarr/torrent/arch/Mad.Men.S01.REPACK.V2.2160p.HMAX.WEB-DL.DDP5.1.DV.HDR.H.265-WADU/Mad.Men.S01E03.Marriage.of.Figaro.REPACK.2160p.HMAX.WEB-DL.DDP5.1.DV.HDR.H.265-WADU.mkv,198
1770755375,,,/mnt/my-zfs/mediarr/torrent/arch/Mad.Men.S01.REPACK.V2.2160p.HMAX.WEB-DL.DDP5.1.DV.HDR.H.265-WADU/Mad.Men.S01E04.New.Amsterdam.REPACK.2160p.HMAX.WEB-DL.DDP5.1.DV.HDR.H.265-WADU.mkv,193
1770759310,,,/home/btw/Pictures/Screenshots/260211_00h34m43s_screenshot.png,75
1770801243,,,/mnt/my-zfs/mediarr/torrent/arch/Mad.Men.S01.REPACK.V2.2160p.HMAX.WEB-DL.DDP5.1.DV.HDR.H.265-WADU/Mad.Men.S01E04.New.Amsterdam.REPACK.2160p.HMAX.WEB-DL.DDP5.1.DV.HDR.H.265-WADU.mkv,193
1770801252,,,/mnt/my-zfs/mediarr/torrent/arch/Mad.Men.S01.REPACK.V2.2160p.HMAX.WEB-DL.DDP5.1.DV.HDR.H.265-WADU/Mad.Men.S01E05.5G.REPACK.2160p.HMAX.WEB-DL.DDP5.1.DV.HDR.H.265-WADU.mkv,182
1770809431,,,/mnt/my-zfs/mediarr/torrent/arch/Mad.Men.S01.REPACK.V2.2160p.HMAX.WEB-DL.DDP5.1.DV.HDR.H.265-WADU/Mad.Men.S01E06.Babylon.REPACK.2160p.HMAX.WEB-DL.DDP5.1.DV.HDR.H.265-WADU.mkv,187
1770821279,,,/mnt/my-zfs/mediarr/torrent/arch/Mad.Men.S01.REPACK.V2.2160p.HMAX.WEB-DL.DDP5.1.DV.HDR.H.265-WADU/Mad.Men.S01E07.Red.in.the.Face.REPACK.2160p.HMAX.WEB-DL.DDP5.1.DV.HDR.H.265-WADU.mkv,195
1770821284,,,/mnt/my-zfs/mediarr/torrent/arch/Mad.Men.S01.REPACK.V2.2160p.HMAX.WEB-DL.DDP5.1.DV.HDR.H.265-WADU/Mad.Men.S01E06.Babylon.REPACK.2160p.HMAX.WEB-DL.DDP5.1.DV.HDR.H.265-WADU.mkv,187
1770821286,,,/mnt/my-zfs/mediarr/torrent/arch/Mad.Men.S01.REPACK.V2.2160p.HMAX.WEB-DL.DDP5.1.DV.HDR.H.265-WADU/Mad.Men.S01E05.5G.REPACK.2160p.HMAX.WEB-DL.DDP5.1.DV.HDR.H.265-WADU.mkv,182
1770821287,,,/mnt/my-zfs/mediarr/torrent/arch/Mad.Men.S01.REPACK.V2.2160p.HMAX.WEB-DL.DDP5.1.DV.HDR.H.265-WADU/Mad.Men.S01E04.New.Amsterdam.REPACK.2160p.HMAX.WEB-DL.DDP5.1.DV.HDR.H.265-WADU.mkv,193
1770821289,,,/mnt/my-zfs/mediarr/torrent/arch/Mad.Men.S01.REPACK.V2.2160p.HMAX.WEB-DL.DDP5.1.DV.HDR.H.265-WADU/Mad.Men.S01E03.Marriage.of.Figaro.REPACK.2160p.HMAX.WEB-DL.DDP5.1.DV.HDR.H.265-WADU.mkv,198
1770821291,,,/mnt/my-zfs/mediarr/torrent/arch/Mad.Men.S01.REPACK.V2.2160p.HMAX.WEB-DL.DDP5.1.DV.HDR.H.265-WADU/Mad.Men.S01E04.New.Amsterdam.REPACK.2160p.HMAX.WEB-DL.DDP5.1.DV.HDR.H.265-WADU.mkv,193
1770821297,,,/mnt/my-zfs/mediarr/torrent/arch/Mad.Men.S01.REPACK.V2.2160p.HMAX.WEB-DL.DDP5.1.DV.HDR.H.265-WADU/Mad.Men.S01E05.5G.REPACK.2160p.HMAX.WEB-DL.DDP5.1.DV.HDR.H.265-WADU.mkv,182
1770821304,,,/mnt/my-zfs/mediarr/torrent/arch/Mad.Men.S01.REPACK.V2.2160p.HMAX.WEB-DL.DDP5.1.DV.HDR.H.265-WADU/Mad.Men.S01E06.Babylon.REPACK.2160p.HMAX.WEB-DL.DDP5.1.DV.HDR.H.265-WADU.mkv,187
1770821332,,,/mnt/my-zfs/mediarr/torrent/arch/Mad.Men.S01.REPACK.V2.2160p.HMAX.WEB-DL.DDP5.1.DV.HDR.H.265-WADU/Mad.Men.S01E07.Red.in.the.Face.REPACK.2160p.HMAX.WEB-DL.DDP5.1.DV.HDR.H.265-WADU.mkv,195
1770821467,,,/mnt/my-zfs/mediarr/torrent/arch/Mad.Men.S01.REPACK.V2.2160p.HMAX.WEB-DL.DDP5.1.DV.HDR.H.265-WADU/Mad.Men.S01E07.Red.in.the.Face.REPACK.2160p.HMAX.WEB-DL.DDP5.1.DV.HDR.H.265-WADU.mkv,195
1770888753,,,/mnt/my-zfs/mediarr/torrent/arch/Mad.Men.S01.REPACK.V2.2160p.HMAX.WEB-DL.DDP5.1.DV.HDR.H.265-WADU/Mad.Men.S01E07.Red.in.the.Face.REPACK.2160p.HMAX.WEB-DL.DDP5.1.DV.HDR.H.265-WADU.mkv,195
1770994827,,,/mnt/my-zfs/mediarr/torrent/arch/Mad.Men.S01.REPACK.V2.2160p.HMAX.WEB-DL.DDP5.1.DV.HDR.H.265-WADU/Mad.Men.S01E07.Red.in.the.Face.REPACK.2160p.HMAX.WEB-DL.DDP5.1.DV.HDR.H.265-WADU.mkv,195
1770995303,,,/mnt/my-zfs/mediarr/torrent/arch/Mad.Men.S01.REPACK.V2.2160p.HMAX.WEB-DL.DDP5.1.DV.HDR.H.265-WADU/Mad.Men.S01E08.The.Hobo.Code.REPACK.2160p.HMAX.WEB-DL.DDP5.1.DV.HDR.H.265-WADU.mkv,193
1770995309,,,/mnt/my-zfs/mediarr/torrent/arch/Mad.Men.S01.REPACK.V2.2160p.HMAX.WEB-DL.DDP5.1.DV.HDR.H.265-WADU/Mad.Men.S01E07.Red.in.the.Face.REPACK.2160p.HMAX.WEB-DL.DDP5.1.DV.HDR.H.265-WADU.mkv,195
1770995324,,,/mnt/my-zfs/mediarr/torrent/arch/Mad.Men.S01.REPACK.V2.2160p.HMAX.WEB-DL.DDP5.1.DV.HDR.H.265-WADU/Mad.Men.S01E08.The.Hobo.Code.REPACK.2160p.HMAX.WEB-DL.DDP5.1.DV.HDR.H.265-WADU.mkv,193
1770996560,,,/mnt/my-zfs/mediarr/torrent/arch/Mad.Men.S01.REPACK.V2.2160p.HMAX.WEB-DL.DDP5.1.DV.HDR.H.265-WADU/Mad.Men.S01E09.Shoot.REPACK.2160p.HMAX.WEB-DL.DDP5.1.DV.HDR.H.265-WADU.mkv,185
1770996561,,,/mnt/my-zfs/mediarr/torrent/arch/Mad.Men.S01.REPACK.V2.2160p.HMAX.WEB-DL.DDP5.1.DV.HDR.H.265-WADU/Mad.Men.S01E10.Long.Weekend.REPACK.2160p.HMAX.WEB-DL.DDP5.1.DV.HDR.H.265-WADU.mkv,192
1770996563,,,/mnt/my-zfs/mediarr/torrent/arch/Mad.Men.S01.REPACK.V2.2160p.HMAX.WEB-DL.DDP5.1.DV.HDR.H.265-WADU/Mad.Men.S01E09.Shoot.REPACK.2160p.HMAX.WEB-DL.DDP5.1.DV.HDR.H.265-WADU.mkv,185
1770996564,,,/mnt/my-zfs/mediarr/torrent/arch/Mad.Men.S01.REPACK.V2.2160p.HMAX.WEB-DL.DDP5.1.DV.HDR.H.265-WADU/Mad.Men.S01E08.The.Hobo.Code.REPACK.2160p.HMAX.WEB-DL.DDP5.1.DV.HDR.H.265-WADU.mkv,193
1771067174,,,/mnt/my-zfs/mediarr/torrent/arch/Mad.Men.S01.REPACK.V2.2160p.HMAX.WEB-DL.DDP5.1.DV.HDR.H.265-WADU/Mad.Men.S01E08.The.Hobo.Code.REPACK.2160p.HMAX.WEB-DL.DDP5.1.DV.HDR.H.265-WADU.mkv,193
1771067180,,,/mnt/my-zfs/mediarr/torrent/arch/Mad.Men.S01.REPACK.V2.2160p.HMAX.WEB-DL.DDP5.1.DV.HDR.H.265-WADU/Mad.Men.S01E09.Shoot.REPACK.2160p.HMAX.WEB-DL.DDP5.1.DV.HDR.H.265-WADU.mkv,185
1771080370,,,/mnt/my-zfs/mediarr/torrent/arch/Mad.Men.S01.REPACK.V2.2160p.HMAX.WEB-DL.DDP5.1.DV.HDR.H.265-WADU/Mad.Men.S01E01.Smoke.Gets.in.Your.Eyes.REPACK.2160p.HMAX.WEB-DL.DDP5.1.DV.HDR.H.265-WADU.mkv,203
1771090379,,,/mnt/my-zfs/mediarr/torrent/arch/Mad.Men.S01.REPACK.V2.2160p.HMAX.WEB-DL.DDP5.1.DV.HDR.H.265-WADU/Mad.Men.S01E01.Smoke.Gets.in.Your.Eyes.REPACK.2160p.HMAX.WEB-DL.DDP5.1.DV.HDR.H.265-WADU.mkv,203
1771090387,,,/mnt/my-zfs/mediarr/torrent/arch/Mad.Men.S01.REPACK.V2.2160p.HMAX.WEB-DL.DDP5.1.DV.HDR.H.265-WADU/Mad.Men.S01E08.The.Hobo.Code.REPACK.2160p.HMAX.WEB-DL.DDP5.1.DV.HDR.H.265-WADU.mkv,193
1771090397,,,/mnt/my-zfs/mediarr/torrent/arch/Mad.Men.S01.REPACK.V2.2160p.HMAX.WEB-DL.DDP5.1.DV.HDR.H.265-WADU/Mad.Men.S01E09.Shoot.REPACK.2160p.HMAX.WEB-DL.DDP5.1.DV.HDR.H.265-WADU.mkv,185
1771090416,,,/mnt/my-zfs/mediarr/torrent/arch/Mad.Men.S01.REPACK.V2.2160p.HMAX.WEB-DL.DDP5.1.DV.HDR.H.265-WADU/Mad.Men.S01E10.Long.Weekend.REPACK.2160p.HMAX.WEB-DL.DDP5.1.DV.HDR.H.265-WADU.mkv,192
1771247404,,,/mnt/my-zfs/mediarr/torrent/arch/Mad.Men.S01.REPACK.V2.2160p.HMAX.WEB-DL.DDP5.1.DV.HDR.H.265-WADU/Mad.Men.S01E10.Long.Weekend.REPACK.2160p.HMAX.WEB-DL.DDP5.1.DV.HDR.H.265-WADU.mkv,192
1771247451,,,/mnt/my-zfs/mediarr/torrent/arch/Mad.Men.S01.REPACK.V2.2160p.HMAX.WEB-DL.DDP5.1.DV.HDR.H.265-WADU/Mad.Men.S01E10.Long.Weekend.REPACK.2160p.HMAX.WEB-DL.DDP5.1.DV.HDR.H.265-WADU.mkv,192
1771247734,,,/mnt/my-zfs/mediarr/torrent/arch/Mad.Men.S01.REPACK.V2.2160p.HMAX.WEB-DL.DDP5.1.DV.HDR.H.265-WADU/Mad.Men.S01E10.Long.Weekend.REPACK.2160p.HMAX.WEB-DL.DDP5.1.DV.HDR.H.265-WADU.mkv,192
1771247767,,,/mnt/my-zfs/mediarr/torrent/arch/Mad.Men.S01.REPACK.V2.2160p.HMAX.WEB-DL.DDP5.1.DV.HDR.H.265-WADU/Mad.Men.S01E01.Smoke.Gets.in.Your.Eyes.REPACK.2160p.HMAX.WEB-DL.DDP5.1.DV.HDR.H.265-WADU.mkv,203
1771247819,,,/mnt/my-zfs/mediarr/torrent/arch/Mad.Men.S01.REPACK.V2.2160p.HMAX.WEB-DL.DDP5.1.DV.HDR.H.265-WADU/Mad.Men.S01E01.Smoke.Gets.in.Your.Eyes.REPACK.2160p.HMAX.WEB-DL.DDP5.1.DV.HDR.H.265-WADU.mkv,203
1771508972,14,Snowden (2016),/mnt/my-zfs/mediarr/torrent/arch/Snowden.2016.2160p.UHD.Blu-ray.Remux.DV.HDR.HEVC.DTS-HD.MA.5.1-CiNEPHiLES.mkv,139
1771590993,14,Snowden (2016),/mnt/my-zfs/mediarr/torrent/arch/Snowden.2016.2160p.UHD.Blu-ray.Remux.DV.HDR.HEVC.DTS-HD.MA.5.1-CiNEPHiLES.mkv,139
1771785482,14,Snowden (2016),/mnt/my-zfs/mediarr/torrent/arch/Snowden.2016.2160p.UHD.Blu-ray.Remux.DV.HDR.HEVC.DTS-HD.MA.5.1-CiNEPHiLES.mkv,139
1771785496,14,Snowden (2016),/mnt/my-zfs/mediarr/torrent/arch/Snowden.2016.2160p.UHD.Blu-ray.Remux.DV.HDR.HEVC.DTS-HD.MA.5.1-CiNEPHiLES.mkv,139
1771801308,,,/mnt/my-zfs/mediarr/torrent/arch/Citizenfour 2014 BluRay 1080p REMUX AVC DTS-HD MA 5.1-LEGi0N/Citizenfour.2014.BluRay.1080p.REMUX.AVC.DTS-HD.MA.5.1-LEGi0N.mkv,171
1772060915,,,/mnt/my-zfs/mediarr/torrent/arch/Citizenfour 2014 BluRay 1080p REMUX AVC DTS-HD MA 5.1-LEGi0N/Citizenfour.2014.BluRay.1080p.REMUX.AVC.DTS-HD.MA.5.1-LEGi0N.mkv,171
1772060991,,,/mnt/my-zfs/mediarr/torrent/arch/Citizenfour 2014 BluRay 1080p REMUX AVC DTS-HD MA 5.1-LEGi0N/Citizenfour.2014.BluRay.1080p.REMUX.AVC.DTS-HD.MA.5.1-LEGi0N.mkv,171
1772060995,,,/mnt/my-zfs/mediarr/torrent/arch/Citizenfour 2014 BluRay 1080p REMUX AVC DTS-HD MA 5.1-LEGi0N/Citizenfour.2014.BluRay.1080p.REMUX.AVC.DTS-HD.MA.5.1-LEGi0N.mkv,171
1772061016,21,Rick.and.Morty.S08E01,/mnt/my-zfs/mediarr/torrent/arch/Rick.and.Morty.S08E01.1080p.x265-ELiTE/Rick.and.Morty.S08E01.1080p.x265-ELiTE.mkv,150
1772061061,25,キュア AKA Cure (1997),/mnt/my-zfs/mediarr/torrent/arch/Cure.1997.REPACK.UHD.BluRay.Remux.2160p.DV.HDR.HEVC.FLAC.2.0-ZQ.mkv,140
1772061370,25,キュア AKA Cure (1997),/mnt/my-zfs/mediarr/torrent/arch/Cure.1997.REPACK.UHD.BluRay.Remux.2160p.DV.HDR.HEVC.FLAC.2.0-ZQ.mkv,140
1772061440,,,/mnt/my-zfs/mediarr/torrent/arch/[Anime Time] Dandadan (Season 01) [Dual Audio][1080p][HEVC 10bit x265][AAC][Multi Sub]/[Anime Time] Dandadan - 01 [Dual Audio][1080p][HEVC 10bit x265][AAC][Multi Sub].mkv,216
1772061483,,,/mnt/my-zfs/mediarr/torrent/arch/Psycho-Pass (2012) [Complete] [BD 1080p HEVC OPUS] [ENG-SUB]/Movies/Psycho-Pass 3 First Inspector (2020).mkv,154
1772061550,,,/mnt/my-zfs/mediarr/torrent/arch/One.Outs.Jap.DVD.Rip[720p].ENG.subs.(2009)/One.Outs.E01.Jap.DVD.Rip[720p].ENG.subs.(2009).mkv,139
1772061628,43,Too Old to Die Young (2019) S01E01 (2160p) ,/mnt/my-zfs/mediarr/torrent/arch/Too Old to Die Young (2019) S01 (2160p AMZN WEB-DL H265 HDR10+ DDP 5.1 English - HONE)/Too Old to Die Young (2019) S01E01 (2160p AMZN WEB-DL H265 HDR10+ DDP 5.1 English - HONE).mkv,271
1772061685,,,/mnt/my-zfs/mediarr/torrent/arch/Peacemaker.S01.2160p.MAX.WEB-DL.DDP5.1.Atmos.DV.HDR.H.265-WADU/Peacemaker.S01E01.A.Whole.New.Whirled.2160p.MAX.WEB-DL.DDP5.1.Atmos.DV.HDR.H.265-WADU.mkv,198
1772061707,,,/mnt/my-zfs/mediarr/torrent/arch/Peacemaker.S01.2160p.MAX.WEB-DL.DDP5.1.Atmos.DV.HDR.H.265-WADU/Peacemaker.S01E01.A.Whole.New.Whirled.2160p.MAX.WEB-DL.DDP5.1.Atmos.DV.HDR.H.265-WADU.mkv,198
1772062077,,,/mnt/my-zfs/mediarr/torrent/arch/Jujutsu Kaisen/[Erai-raws] Jujutsu Kaisen - Shimetsu Kaiyuu - Zenpen - 01 [1080p CR WEBRip HEVC AAC][MultiSub][D01268BD].mkv,170
1772062159,,,/home/btw/[Erai-raws] Jujutsu Kaisen - Shimetsu Kaiyuu - Zenpen - 01 [1080p CR WEBRip HEVC AAC][MultiSub][D01268BD].mkv,132
1772062211,,,/mnt/my-zfs/mediarr/torrent/arch/[Erai-raws] Jujutsu Kaisen - Shimetsu Kaiyuu - Zenpen - 01 [1080p CR WEBRip HEVC AAC][MultiSub][D01268BD].mkv,155
1772082916,,,/run/media/btw/OLYMPUS/DCIM/100OLYMP/P2260070.MOV,62
1772082921,,,/run/media/btw/OLYMPUS/DCIM/100OLYMP/P2260071.MOV,62
1772082922,,,/run/media/btw/OLYMPUS/DCIM/100OLYMP/P2260070.MOV,62
1772082923,,,/run/media/btw/OLYMPUS/DCIM/100OLYMP/P2260072.MOV,62
1772082923,,,/run/media/btw/OLYMPUS/DCIM/100OLYMP/P2260073.JPG,62
1772082924,,,/run/media/btw/OLYMPUS/DCIM/100OLYMP/P2260074.MOV,62
1772082924,,,/run/media/btw/OLYMPUS/DCIM/100OLYMP/P2260076.MOV,62
1772082925,,,/run/media/btw/OLYMPUS/DCIM/100OLYMP/P2260077.MOV,62
1772082926,,,/run/media/btw/OLYMPUS/DCIM/100OLYMP/P2260078.MOV,62
1772082928,,,/run/media/btw/OLYMPUS/DCIM/100OLYMP/P2260079.MOV,62
1772082929,,,/run/media/btw/OLYMPUS/DCIM/100OLYMP/P2260080.MOV,62
1772082930,,,/run/media/btw/OLYMPUS/DCIM/100OLYMP/P2260081.MOV,62
1772082930,,,/run/media/btw/OLYMPUS/DCIM/100OLYMP/P2260082.MOV,62
1772082931,,,/run/media/btw/OLYMPUS/DCIM/100OLYMP/P2260081.MOV,62
1772082933,,,/run/media/btw/OLYMPUS/DCIM/100OLYMP/P2260080.MOV,62
1772082934,,,/run/media/btw/OLYMPUS/DCIM/100OLYMP/P2260079.MOV,62
1772082935,,,/run/media/btw/OLYMPUS/DCIM/100OLYMP/P2260078.MOV,62
1772082935,,,/run/media/btw/OLYMPUS/DCIM/100OLYMP/P2260077.MOV,62
1772082936,,,/run/media/btw/OLYMPUS/DCIM/100OLYMP/P2260076.MOV,62
1772082936,,,/run/media/btw/OLYMPUS/DCIM/100OLYMP/P2260077.MOV,62
1772082937,,,/run/media/btw/OLYMPUS/DCIM/100OLYMP/P2260080.MOV,62
1772082937,,,/run/media/btw/OLYMPUS/DCIM/100OLYMP/P2260081.MOV,62
1772082938,,,/run/media/btw/OLYMPUS/DCIM/100OLYMP/P2260082.MOV,62
1772082939,,,/run/media/btw/OLYMPUS/DCIM/100OLYMP/P2260084.MOV,62
1772082939,,,/run/media/btw/OLYMPUS/DCIM/100OLYMP/P2260085.MOV,62
1772082943,,,/run/media/btw/OLYMPUS/DCIM/100OLYMP/P2260106.MOV,62
1772082959,,,/run/media/btw/OLYMPUS/DCIM/100OLYMP/P2260105.MOV,62
1772083015,,,/run/media/btw/OLYMPUS/DCIM/100OLYMP/P2260104.MOV,62
1772083016,,,/run/media/btw/OLYMPUS/DCIM/100OLYMP/P2260105.MOV,62
1772083017,,,/run/media/btw/OLYMPUS/DCIM/100OLYMP/P2260106.MOV,62
1772083018,,,/run/media/btw/OLYMPUS/DCIM/100OLYMP/P2260107.JPG,62
1772083019,,,/run/media/btw/OLYMPUS/DCIM/100OLYMP/P2260106.MOV,62
1772083022,,,/run/media/btw/OLYMPUS/DCIM/100OLYMP/P2260105.MOV,62
1772083022,,,/run/media/btw/OLYMPUS/DCIM/100OLYMP/P2260104.MOV,62
1772083040,,,/run/media/btw/OLYMPUS/DCIM/100OLYMP/P2260103.MOV,62
1772083042,,,/run/media/btw/OLYMPUS/DCIM/100OLYMP/P2260104.MOV,62
1772083044,,,/run/media/btw/OLYMPUS/DCIM/100OLYMP/P2260103.MOV,62
1772083045,,,/run/media/btw/OLYMPUS/DCIM/100OLYMP/P2260104.MOV,62
1772083046,,,/run/media/btw/OLYMPUS/DCIM/100OLYMP/P2260105.MOV,62
1772083058,,,/run/media/btw/OLYMPUS/DCIM/100OLYMP/P2260104.MOV,62
1772083113,,,/run/media/btw/OLYMPUS/DCIM/100OLYMP/P2260103.MOV,62
1772083114,,,/run/media/btw/OLYMPUS/DCIM/100OLYMP/P2260104.MOV,62
1772083114,,,/run/media/btw/OLYMPUS/DCIM/100OLYMP/P2260105.MOV,62
1772083114,,,/run/media/btw/OLYMPUS/DCIM/100OLYMP/P2260106.MOV,62
1772393584,,,/home/btw/Videos/2026-02-19 21-37-47.mp4,53
1772393588,,,/home/btw/Videos/2026-02-20 00-59-23.mp4,53
1772393589,,,/home/btw/Videos/2026-02-20 00-59-34.mp4,53
1772393590,,,/home/btw/Videos/2026-02-20 01-02-09.mp4,53
1772393590,,,/home/btw/Videos/2026-02-23 03-16-03.mp4,53
1772393592,,,/home/btw/Videos/2026-02-23 03-19-29.mp4,53
1772393593,,,/home/btw/Videos/2026-02-27 01-55-33.mp4,53
1772393977,,,/mnt/my-zfs/100OLYMP/P1010004.MOV,46
1772393983,,,/mnt/my-zfs/100OLYMP/P1010010.MOV,46
1772393984,,,/mnt/my-zfs/100OLYMP/P1010019.MOV,46
1772393985,,,/mnt/my-zfs/100OLYMP/P1010033.MOV,46
1772393986,,,/mnt/my-zfs/100OLYMP/P1010034.MOV,46
1772393987,,,/mnt/my-zfs/100OLYMP/P2110051.MOV,46
1772396087,,,/mnt/my-zfs/100OLYMP/P1010004.MOV,46
1772501453,,,/home/btw/Videos/gpu2.mp4,38
1772512959,,,/home/btw/Videos/gpu2.mp4,38
1772548964,,,/home/btw/Videos/final-gpu.mp4,43
1772550413,,,/home/btw/Videos/final-gpu.mp4,43
1772559808,,,/home/btw/Videos/final-gpu.mp4,43
1772597470,,,/home/btw/Videos/final-gpu.mp4,43
1773264475,,,/home/btw/test/init/s6.mp4,39
1773705002,48,28 Years Later - The Bone Temple (2026) (2160p) ,/mnt/my-zfs/mediarr/torrent/arch/28 Years Later - The Bone Temple (2026) (2160p iT WEB-DL Hybrid H265 DV HDR10+ DDP Atmos 5.1 English - HONE).mkv,208
1773895970,,,/mnt/my-zfs/mediarr/torrent/arch/Invincible/Invincible.2021.S04E01.1080p.WEB.h264-ETHEL/Invincible.2021.S04E01.1080p.WEB.h264-ETHEL.mkv,148
1773898905,,,/mnt/my-zfs/mediarr/torrent/arch/Invincible/Invincible.2021.S04E01.1080p.WEB.h264-ETHEL/Sample/invincible.2021.s04e01.1080p.web.h264-ethel.sample.mkv,162
1773898913,,,/mnt/my-zfs/mediarr/torrent/arch/Invincible/Invincible.2021.S04E02.1080p.WEB.h264-ETHEL/Invincible.2021.S04E02.1080p.WEB.h264-ETHEL.mkv,148
1773903025,,,/mnt/my-zfs/mediarr/torrent/arch/Invincible/Invincible.2021.S04E02.1080p.WEB.h264-ETHEL/Sample/invincible.2021.s04e02.1080p.web.h264-ethel.sample.mkv,162
1773903026,,,/mnt/my-zfs/mediarr/torrent/arch/Invincible/Invincible.2021.S04E03.1080p.WEB.h264-ETHEL/Invincible.2021.S04E03.1080p.WEB.h264-ETHEL.mkv,148
1773905816,,,/mnt/my-zfs/mediarr/torrent/arch/Invincible/Invincible.2021.S04E03.1080p.WEB.h264-ETHEL/Sample/invincible.2021.s04e03.1080p.web.h264-ethel.sample.mkv,162
1773905817,,,/mnt/my-zfs/mediarr/torrent/arch/Invincible/Invincible.2021.S04E03.1080p.WEB.h264-ETHEL/Invincible.2021.S04E03.1080p.WEB.h264-ETHEL.mkv,148
1773905818,,,/mnt/my-zfs/mediarr/torrent/arch/Invincible/Invincible.2021.S04E03.1080p.WEB.h264-ETHEL/Sample/invincible.2021.s04e03.1080p.web.h264-ethel.sample.mkv,162
1773905828,,,/mnt/my-zfs/mediarr/torrent/arch/Invincible/Invincible.2021.S04E03.1080p.WEB.h264-ETHEL/Invincible.2021.S04E03.1080p.WEB.h264-ETHEL.mkv,148
1773905829,,,/mnt/my-zfs/mediarr/torrent/arch/Invincible/Invincible.2021.S04E02.1080p.WEB.h264-ETHEL/Sample/invincible.2021.s04e02.1080p.web.h264-ethel.sample.mkv,162
1773905831,,,/mnt/my-zfs/mediarr/torrent/arch/Invincible/Invincible.2021.S04E02.1080p.WEB.h264-ETHEL/Invincible.2021.S04E02.1080p.WEB.h264-ETHEL.mkv,148
1773905935,,,/mnt/my-zfs/mediarr/torrent/arch/Invincible/Invincible.2021.S04E01.1080p.WEB.h264-ETHEL/Sample/invincible.2021.s04e01.1080p.web.h264-ethel.sample.mkv,162
1773905936,,,/mnt/my-zfs/mediarr/torrent/arch/Invincible/Invincible.2021.S04E01.1080p.WEB.h264-ETHEL/Invincible.2021.S04E01.1080p.WEB.h264-ETHEL.mkv,148
1773906027,,,/mnt/my-zfs/mediarr/torrent/arch/Invincible/Invincible.2021.S04E01.1080p.WEB.h264-ETHEL/Sample/invincible.2021.s04e01.1080p.web.h264-ethel.sample.mkv,162
1773906028,,,/mnt/my-zfs/mediarr/torrent/arch/Invincible/Invincible.2021.S04E02.1080p.WEB.h264-ETHEL/Invincible.2021.S04E02.1080p.WEB.h264-ETHEL.mkv,148
1773906041,,,/mnt/my-zfs/mediarr/torrent/arch/Invincible/Invincible.2021.S04E02.1080p.WEB.h264-ETHEL/Sample/invincible.2021.s04e02.1080p.web.h264-ethel.sample.mkv,162
1773906043,,,/mnt/my-zfs/mediarr/torrent/arch/Invincible/Invincible.2021.S04E03.1080p.WEB.h264-ETHEL/Invincible.2021.S04E03.1080p.WEB.h264-ETHEL.mkv,148
1773906050,,,/mnt/my-zfs/mediarr/torrent/arch/Invincible/Invincible.2021.S04E03.1080p.WEB.h264-ETHEL/Sample/invincible.2021.s04e03.1080p.web.h264-ethel.sample.mkv,162
1774135896,,,/mnt/my-zfs/mediarr/torrent/arch/Good.Luck.Have.Fun.Dont.Die.2025.2160p.MA.WEB-DL.DDP5.1.Atmos.DV.HDR.H.265-BYNDR.mkv,130
1774168890,15,Silenced (2011),/mnt/my-zfs/mediarr/torrent/arch/Silenced.2011.1080p.BluRay.REMUX.AVC.DTS-HD.MA.5.1-EPSiLON.mkv,125
1774169258,15,Silenced (2011),/mnt/my-zfs/mediarr/torrent/arch/Silenced.2011.1080p.BluRay.REMUX.AVC.DTS-HD.MA.5.1-EPSiLON.mkv,125
1774172292,15,Silenced (2011),/mnt/my-zfs/mediarr/torrent/arch/Silenced.2011.1080p.BluRay.REMUX.AVC.DTS-HD.MA.5.1-EPSiLON.mkv,125
1774172312,15,Silenced (2011),/mnt/my-zfs/mediarr/torrent/arch/Silenced.2011.1080p.BluRay.REMUX.AVC.DTS-HD.MA.5.1-EPSiLON.mkv,125
1774172370,15,Silenced (2011),/mnt/my-zfs/mediarr/torrent/arch/Silenced.2011.1080p.BluRay.REMUX.AVC.DTS-HD.MA.5.1-EPSiLON.mkv,125
1774172517,15,Silenced (2011),/mnt/my-zfs/mediarr/torrent/arch/Silenced.2011.1080p.BluRay.REMUX.AVC.DTS-HD.MA.5.1-EPSiLON.mkv,125
1774172751,15,Silenced (2011),/mnt/my-zfs/mediarr/torrent/arch/Silenced.2011.1080p.BluRay.REMUX.AVC.DTS-HD.MA.5.1-EPSiLON.mkv,125
1774172760,,,/mnt/my-zfs/mediarr/torrent/arch/Sinners.2025.REAPCK.2160p.WEB-DL.DDP5.1.Atmos.DV.HDR.H.265-WADU.mkv,113
1774172772,15,Silenced (2011),/mnt/my-zfs/mediarr/torrent/arch/Silenced.2011.1080p.BluRay.REMUX.AVC.DTS-HD.MA.5.1-EPSiLON.mkv,125
1774172963,15,Silenced (2011),/mnt/my-zfs/mediarr/torrent/arch/Silenced.2011.1080p.BluRay.REMUX.AVC.DTS-HD.MA.5.1-EPSiLON.mkv,125
1774173015,15,Silenced (2011),/mnt/my-zfs/mediarr/torrent/arch/Silenced.2011.1080p.BluRay.REMUX.AVC.DTS-HD.MA.5.1-EPSiLON.mkv,125
1774173080,15,Silenced (2011),/mnt/my-zfs/mediarr/torrent/arch/Silenced.2011.1080p.BluRay.REMUX.AVC.DTS-HD.MA.5.1-EPSiLON.mkv,125
1774173118,15,Silenced (2011),/mnt/my-zfs/mediarr/torrent/arch/Silenced.2011.1080p.BluRay.REMUX.AVC.DTS-HD.MA.5.1-EPSiLON.mkv,125
1774173150,15,Silenced (2011),/mnt/my-zfs/mediarr/torrent/arch/Silenced.2011.1080p.BluRay.REMUX.AVC.DTS-HD.MA.5.1-EPSiLON.mkv,125
1774173273,15,Silenced (2011),/mnt/my-zfs/mediarr/torrent/arch/Silenced.2011.1080p.BluRay.REMUX.AVC.DTS-HD.MA.5.1-EPSiLON.mkv,125
1774173303,15,Silenced (2011),/mnt/my-zfs/mediarr/torrent/arch/Silenced.2011.1080p.BluRay.REMUX.AVC.DTS-HD.MA.5.1-EPSiLON.mkv,125
1774173609,15,Silenced (2011),/mnt/my-zfs/mediarr/torrent/arch/Silenced.2011.1080p.BluRay.REMUX.AVC.DTS-HD.MA.5.1-EPSiLON.mkv,125
1774173883,15,Silenced (2011),/mnt/my-zfs/mediarr/torrent/arch/Silenced.2011.1080p.BluRay.REMUX.AVC.DTS-HD.MA.5.1-EPSiLON.mkv,125
1774246593,14,WALL·E (2008),/mnt/my-zfs/mediarr/torrent/arch/WALL-E.2008.UHD.BluRay.2160p.TrueHD.Atmos.7.1.DV.HEVC.HYBRID.REMUX-FraMeSToR/WALL-E.2008.UHD.BluRay.2160p.TrueHD.Atmos.7.1.DV.HEVC.HYBRID.REMUX-FraMeSToR.mkv,219
1774246987,14,WALL·E (2008),/mnt/my-zfs/mediarr/torrent/arch/WALL-E.2008.UHD.BluRay.2160p.TrueHD.Atmos.7.1.DV.HEVC.HYBRID.REMUX-FraMeSToR/WALL-E.2008.UHD.BluRay.2160p.TrueHD.Atmos.7.1.DV.HEVC.HYBRID.REMUX-FraMeSToR.mkv,219
1774247037,14,WALL·E (2008),/mnt/my-zfs/mediarr/torrent/arch/WALL-E.2008.UHD.BluRay.2160p.TrueHD.Atmos.7.1.DV.HEVC.HYBRID.REMUX-FraMeSToR/WALL-E.2008.UHD.BluRay.2160p.TrueHD.Atmos.7.1.DV.HEVC.HYBRID.REMUX-FraMeSToR.mkv,219
1774247094,14,WALL·E (2008),/mnt/my-zfs/mediarr/torrent/arch/WALL-E.2008.UHD.BluRay.2160p.TrueHD.Atmos.7.1.DV.HEVC.HYBRID.REMUX-FraMeSToR/WALL-E.2008.UHD.BluRay.2160p.TrueHD.Atmos.7.1.DV.HEVC.HYBRID.REMUX-FraMeSToR.mkv,219
1774247137,14,WALL·E (2008),/mnt/my-zfs/mediarr/torrent/arch/WALL-E.2008.UHD.BluRay.2160p.TrueHD.Atmos.7.1.DV.HEVC.HYBRID.REMUX-FraMeSToR/WALL-E.2008.UHD.BluRay.2160p.TrueHD.Atmos.7.1.DV.HEVC.HYBRID.REMUX-FraMeSToR.mkv,219
1774247217,14,WALL·E (2008),/mnt/my-zfs/mediarr/torrent/arch/WALL-E.2008.UHD.BluRay.2160p.TrueHD.Atmos.7.1.DV.HEVC.HYBRID.REMUX-FraMeSToR/WALL-E.2008.UHD.BluRay.2160p.TrueHD.Atmos.7.1.DV.HEVC.HYBRID.REMUX-FraMeSToR.mkv,219
1774247413,14,WALL·E (2008),/mnt/my-zfs/mediarr/torrent/arch/WALL-E.2008.UHD.BluRay.2160p.TrueHD.Atmos.7.1.DV.HEVC.HYBRID.REMUX-FraMeSToR/WALL-E.2008.UHD.BluRay.2160p.TrueHD.Atmos.7.1.DV.HEVC.HYBRID.REMUX-FraMeSToR.mkv,219
1774247492,14,WALL·E (2008),/mnt/my-zfs/mediarr/torrent/arch/WALL-E.2008.UHD.BluRay.2160p.TrueHD.Atmos.7.1.DV.HEVC.HYBRID.REMUX-FraMeSToR/WALL-E.2008.UHD.BluRay.2160p.TrueHD.Atmos.7.1.DV.HEVC.HYBRID.REMUX-FraMeSToR.mkv,219
1774247509,14,WALL·E (2008),/mnt/my-zfs/mediarr/torrent/arch/WALL-E.2008.UHD.BluRay.2160p.TrueHD.Atmos.7.1.DV.HEVC.HYBRID.REMUX-FraMeSToR/WALL-E.2008.UHD.BluRay.2160p.TrueHD.Atmos.7.1.DV.HEVC.HYBRID.REMUX-FraMeSToR.mkv,219
1774247718,14,WALL·E (2008),/mnt/my-zfs/mediarr/torrent/arch/WALL-E.2008.UHD.BluRay.2160p.TrueHD.Atmos.7.1.DV.HEVC.HYBRID.REMUX-FraMeSToR/WALL-E.2008.UHD.BluRay.2160p.TrueHD.Atmos.7.1.DV.HEVC.HYBRID.REMUX-FraMeSToR.mkv,219
1774247745,14,WALL·E (2008),/mnt/my-zfs/mediarr/torrent/arch/WALL-E.2008.UHD.BluRay.2160p.TrueHD.Atmos.7.1.DV.HEVC.HYBRID.REMUX-FraMeSToR/WALL-E.2008.UHD.BluRay.2160p.TrueHD.Atmos.7.1.DV.HEVC.HYBRID.REMUX-FraMeSToR.mkv,219
1774249715,14,WALL·E (2008),/mnt/my-zfs/mediarr/torrent/arch/WALL-E.2008.UHD.BluRay.2160p.TrueHD.Atmos.7.1.DV.HEVC.HYBRID.REMUX-FraMeSToR/WALL-E.2008.UHD.BluRay.2160p.TrueHD.Atmos.7.1.DV.HEVC.HYBRID.REMUX-FraMeSToR.mkv,219
1774298033,,,/mnt/my-zfs/mediarr/torrent/arch/Memories.of.Murder.2003.UHD.BluRay.2160p.DDP.7.1.SDR.x265-BHDStudio.mp4,117
1774336014,18,The King of Comedy,/mnt/my-zfs/mediarr/torrent/arch/The.King.of.Comedy.1982.BluRay.1080p.AVC.DTS-HD.MA.1.0.REMUX-FraMeSToR.mkv,140
1774477611,,,/mnt/my-zfs/mediarr/torrent/arch/Invincible/Invincible.2021.S04E03.1080p.WEB.h264-ETHEL/Sample/invincible.2021.s04e03.1080p.web.h264-ethel.sample.mkv,162
1774477624,,,/mnt/my-zfs/mediarr/torrent/arch/Invincible/Invincible.2021.S04E03.1080p.WEB.h264-ETHEL/Sample/invincible.2021.s04e03.1080p.web.h264-ethel.sample.mkv,162
1774477633,,,/mnt/my-zfs/mediarr/torrent/arch/Invincible/Invincible.2021.S04E04.1080p.WEB.h264-ETHEL[EZTVx.to].mkv,114
1774499123,,,/mnt/my-zfs/mediarr/torrent/arch/Memories.of.Murder.2003.UHD.BluRay.2160p.DDP.7.1.SDR.x265-BHDStudio.mp4,117
1774500977,25,Memories of Murder (2003),/mnt/my-zfs/movies/Memories of Murder 2003/Memories.of.Murder.2003.1080p.BluRay.REMUX.AVC.DTS-HD.MA.7.1-EPSiLON.mkv,155
1774570003,,,/mnt/my-zfs/mediarr/torrent/arch/Jujutsu Kaisen/[Erai-raws] Jujutsu Kaisen - Shimetsu Kaiyuu - Zenpen - 01 [1080p CR WEBRip HEVC AAC][MultiSub][D01268BD].mkv,170
1774570037,,,/mnt/my-zfs/mediarr/torrent/arch/Jujutsu Kaisen/[Erai-raws] Jujutsu Kaisen - Shimetsu Kaiyuu - Zenpen - 02 [1080p CR WEBRip HEVC AAC][MultiSub][0EFBBCB2].mkv,170
1774570039,,,/mnt/my-zfs/mediarr/torrent/arch/Jujutsu Kaisen/[Erai-raws] Jujutsu Kaisen - Shimetsu Kaiyuu - Zenpen - 03 [1080p CR WEBRip HEVC AAC][MultiSub][C3D3E5E8].mkv,170
1774570042,,,/mnt/my-zfs/mediarr/torrent/arch/Jujutsu Kaisen/[Erai-raws] Jujutsu Kaisen - Shimetsu Kaiyuu - Zenpen - 04 [1080p CR WEBRip HEVC AAC][MultiSub][F5A1E539].mkv,170
1774570043,,,/mnt/my-zfs/mediarr/torrent/arch/Jujutsu Kaisen/[Erai-raws] Jujutsu Kaisen - Shimetsu Kaiyuu - Zenpen - 05 [1080p CR WEBRip HEVC AAC][MultiSub][8BFBD6C7].mkv,170
1774570047,,,/mnt/my-zfs/mediarr/torrent/arch/Jujutsu Kaisen/[Erai-raws] Jujutsu Kaisen - Shimetsu Kaiyuu - Zenpen - 06 [1080p CR WEBRip HEVC AAC][MultiSub][6AEF32EA].mkv,170
1774570049,,,/mnt/my-zfs/mediarr/torrent/arch/Jujutsu Kaisen/[Erai-raws] Jujutsu Kaisen - Shimetsu Kaiyuu - Zenpen - 07 [1080p CR WEBRip HEVC AAC][MultiSub][4C97C9BD].mkv,170
1774570057,,,/mnt/my-zfs/mediarr/torrent/arch/Jujutsu Kaisen/[Erai-raws] Jujutsu Kaisen - Shimetsu Kaiyuu - Zenpen - 06 [1080p CR WEBRip HEVC AAC][MultiSub][6AEF32EA].mkv,170
1774570086,,,/mnt/my-zfs/mediarr/torrent/arch/Jujutsu Kaisen/[Erai-raws] Jujutsu Kaisen - Shimetsu Kaiyuu - Zenpen - 07 [1080p CR WEBRip HEVC AAC][MultiSub][4C97C9BD].mkv,170
1774573060,,,/mnt/my-zfs/mediarr/torrent/arch/Jujutsu Kaisen/[Erai-raws] Jujutsu Kaisen - Shimetsu Kaiyuu - Zenpen - 08 [1080p CR WEB-DL AVC AAC][MultiSub][96DFDC37].mkv,169
1774610079,44,Useful Linux Commands Hidden On Every System,https://www.youtube.com/watch?v=vLLFktWXT2A,102
1774610363,,,/mnt/my-zfs/mediarr/torrent/arch/Jujutsu Kaisen/[Erai-raws] Jujutsu Kaisen - Shimetsu Kaiyuu - Zenpen - 08 [1080p CR WEB-DL AVC AAC][MultiSub][96DFDC37].mkv,169
1774610369,,,/mnt/my-zfs/mediarr/torrent/arch/Jujutsu Kaisen/[Erai-raws] Jujutsu Kaisen - Shimetsu Kaiyuu - Zenpen - 09 [1080p CR WEB-DL AVC AAC][MultiSub][DB9CE67A].mkv,169
1774611933,,,/mnt/my-zfs/mediarr/torrent/arch/Jujutsu Kaisen/[Erai-raws] Jujutsu Kaisen - Shimetsu Kaiyuu - Zenpen - 10 [1080p CR WEB-DL AVC AAC][MultiSub][45CE5631].mkv,169
1774708836,,,/mnt/my-zfs/mediarr/torrent/arch/Jujutsu Kaisen/[Erai-raws] Jujutsu Kaisen - Shimetsu Kaiyuu - Zenpen - 10 [1080p CR WEB-DL AVC AAC][MultiSub][45CE5631].mkv,169
1774708864,,,/mnt/my-zfs/mediarr/torrent/arch/Jujutsu Kaisen/[Erai-raws] Jujutsu Kaisen - Shimetsu Kaiyuu - Zenpen - 10 [1080p CR WEB-DL AVC AAC][MultiSub][45CE5631].mkv,169
1774710130,,,/mnt/my-zfs/mediarr/torrent/arch/Jujutsu Kaisen/[Erai-raws] Jujutsu Kaisen - Shimetsu Kaiyuu - Zenpen - 11 [1080p CR WEB-DL AVC AAC][MultiSub][346039D7].mkv,169
1774711884,,,/mnt/my-zfs/mediarr/torrent/arch/Jujutsu Kaisen/[Erai-raws] Jujutsu Kaisen - Shimetsu Kaiyuu - Zenpen - 12 [1080p CR WEB-DL AVC AAC][MultiSub][51C3024B].mkv,169
1774711905,,,/mnt/my-zfs/mediarr/torrent/arch/Jujutsu Kaisen/[Erai-raws] Jujutsu Kaisen - Shimetsu Kaiyuu - Zenpen - 12 [1080p CR WEB-DL AVC AAC][MultiSub][51C3024B].mkv,169
1774711912,,,/mnt/my-zfs/mediarr/torrent/arch/Jujutsu Kaisen/[Erai-raws] Jujutsu Kaisen - Shimetsu Kaiyuu - Zenpen - 11 [1080p CR WEB-DL AVC AAC][MultiSub][346039D7].mkv,169
1774711919,,,/mnt/my-zfs/mediarr/torrent/arch/Jujutsu Kaisen/[Erai-raws] Jujutsu Kaisen - Shimetsu Kaiyuu - Zenpen - 12 [1080p CR WEB-DL AVC AAC][MultiSub][51C3024B].mkv,169
1774711930,,,/mnt/my-zfs/mediarr/torrent/arch/Jujutsu Kaisen/[Erai-raws] Jujutsu Kaisen - Shimetsu Kaiyuu - Zenpen - 11 [1080p CR WEB-DL AVC AAC][MultiSub][346039D7].mkv,169
1774711931,,,/mnt/my-zfs/mediarr/torrent/arch/Jujutsu Kaisen/[Erai-raws] Jujutsu Kaisen - Shimetsu Kaiyuu - Zenpen - 12 [1080p CR WEB-DL AVC AAC][MultiSub][51C3024B].mkv,169
1775038165,,,/mnt/my-zfs/mediarr/torrent/arch/Invincible.2021.S04E05.1080p.WEB.h264-ETHEL/Invincible.2021.S04E05.1080p.WEB.h264-ETHEL.mkv,137
1775135412,,,archive:///mnt/my-zfs/mediarr/torrent/arch/Alkhallat.Plus.The.Series.S01E01.1080p.WEB.h264-EDITH/alkhallat.plus.the.series.s01e01.1080p.web.h264-edith.rar|/Alkhallat.Plus.The.Series.S01E01.1080p.WEB.h264-EDITH.mkv,226
1775213366,,,/mnt/my-zfs/mediarr/torrent/arch/Alkhallat.Plus.The.Series.S01E01.1080p.WEB.h264-EDITH/Sample/alkhallat.plus.the.series.s01e01.1080p.web.h264-edith.sample.mkv,171
1775213373,,,archive:///mnt/my-zfs/mediarr/torrent/arch/Alkhallat.Plus.The.Series.S01E02.1080p.WEB.h264-EDITH/alkhallat.plus.the.series.s01e02.1080p.web.h264-edith.rar|/Alkhallat.Plus.The.Series.S01E02.1080p.WEB.h264-EDITH.mkv,226
1775218870,,,/mnt/my-zfs/mediarr/torrent/arch/Alkhallat.Plus.The.Series.S01E02.1080p.WEB.h264-EDITH/Sample/alkhallat.plus.the.series.s01e02.1080p.web.h264-edith.sample.mkv,171
1775218876,,,archive:///mnt/my-zfs/mediarr/torrent/arch/Alkhallat.Plus.The.Series.S01E03.1080p.WEB.h264-EDITH/alkhallat.plus.the.series.s01e03.1080p.web.h264-edith.rar|/Alkhallat.Plus.The.Series.S01E03.1080p.WEB.h264-EDITH.mkv,226
1775221185,,,/mnt/my-zfs/mediarr/torrent/arch/Alkhallat.Plus.The.Series.S01E03.1080p.WEB.h264-EDITH/Sample/alkhallat.plus.the.series.s01e03.1080p.web.h264-edith.sample.mkv,171
1775221188,,,archive:///mnt/my-zfs/mediarr/torrent/arch/Alkhallat.Plus.The.Series.S01E04.1080p.WEB.h264-EDITH/alkhallat.plus.the.series.s01e04.1080p.web.h264-edith.rar|/Alkhallat.Plus.The.Series.S01E04.1080p.WEB.h264-EDITH.mkv,226
1775289709,,,/mnt/my-zfs/mediarr/torrent/arch/Frankenstein.2025.2160p.NF.WEB-DL.DDP5.1.Atmos.DV.HDR.H.265-BYNDR.mkv,115
1775289750,33,Donnie Brasco (1997) Extended Cut,/mnt/my-zfs/mediarr/torrent/arch/Donnie.Brasco.1997.Extended.Cut.BluRay.1080p.TrueHD.5.1.AVC.HYBRID.REMUX-FraMeSToR/Donnie.Brasco.1997.Extended.Cut.BluRay.1080p.TrueHD.5.1.AVC.HYBRID.REMUX-FraMeSToR.mkv,250
1775386920,,,/mnt/my-zfs/mediarr/torrent/arch/Psycho-Pass (2012) [Complete] [BD 1080p HEVC OPUS] [ENG-SUB]/Movies/Psycho-Pass 3 First Inspector (2020).mkv,154
1775477260,48,5 Centimeters per Second / Byousoku 5 Centimeter,/mnt/my-zfs/mediarr/torrent/arch/5.Centimeters.per.Second.2007.1080p.BluRay.Hybrid.Remux.FLAC2.0.H.264-LYS1TH3A/5.Centimeters.per.Second.2007.1080p.BluRay.Hybrid.Remux.FLAC2.0.H.264-LYS1TH3A.mkv,257
1775479408,48,5 Centimeters per Second / Byousoku 5 Centimeter,/mnt/my-zfs/mediarr/torrent/arch/5.Centimeters.per.Second.2007.1080p.BluRay.Hybrid.Remux.FLAC2.0.H.264-LYS1TH3A/5.Centimeters.per.Second.2007.1080p.BluRay.Hybrid.Remux.FLAC2.0.H.264-LYS1TH3A.mkv,257
1775485717,48,5 Centimeters per Second / Byousoku 5 Centimeter,/mnt/my-zfs/mediarr/torrent/arch/5.Centimeters.per.Second.2007.1080p.BluRay.Hybrid.Remux.FLAC2.0.H.264-LYS1TH3A/5.Centimeters.per.Second.2007.1080p.BluRay.Hybrid.Remux.FLAC2.0.H.264-LYS1TH3A.mkv,257
1775544365,,,/mnt/my-zfs/mediarr/torrent/arch/[Okay-Subs] The Girl Who Leapt Through Time (2006) (BD 1080p) [97C1E39D].mkv,122
1775556561,65,[deanzel] Time of Eve: The Movie [BD 1080p Hi10p Dual Audio FLAC],/mnt/my-zfs/mediarr/torrent/arch/[deanzel] Time of Eve - The Movie [BD 1080p Hi10p Dual Audio FLAC][bd384d18].mkv,193
1775648546,,,/mnt/my-zfs/mediarr/torrent/arch/Invincible.2021.S04E06.YOU.LOOK.HORRIBLE.1080p.AMZN.WEB-DL.DD+5.1.H.264-playWEB.mkv,129
1775723407,65,[deanzel] Time of Eve: The Movie [BD 1080p Hi10p Dual Audio FLAC],/mnt/my-zfs/mediarr/torrent/arch/[deanzel] Time of Eve - The Movie [BD 1080p Hi10p Dual Audio FLAC][bd384d18].mkv,193
1775725418,27,Lobster, The – Blu-ray™,/mnt/my-zfs/mediarr/torrent/arch/The Lobster 2015 BluRay 1080p REMUX AVC DTS-HD MA 5.1-LEGi0N/The.Lobster.2015.BluRay.1080p.REMUX.AVC.DTS-HD.MA.5.1-LEGi0N.mkv,200
1775729194,27,Lobster, The – Blu-ray™,/mnt/my-zfs/mediarr/torrent/arch/The Lobster 2015 BluRay 1080p REMUX AVC DTS-HD MA 5.1-LEGi0N/The.Lobster.2015.BluRay.1080p.REMUX.AVC.DTS-HD.MA.5.1-LEGi0N.mkv,200
1775729548,27,Lobster, The – Blu-ray™,/mnt/my-zfs/mediarr/torrent/arch/The Lobster 2015 BluRay 1080p REMUX AVC DTS-HD MA 5.1-LEGi0N/The.Lobster.2015.BluRay.1080p.REMUX.AVC.DTS-HD.MA.5.1-LEGi0N.mkv,200
1775729718,27,Lobster, The – Blu-ray™,/mnt/my-zfs/mediarr/torrent/arch/The Lobster 2015 BluRay 1080p REMUX AVC DTS-HD MA 5.1-LEGi0N/The.Lobster.2015.BluRay.1080p.REMUX.AVC.DTS-HD.MA.5.1-LEGi0N.mkv,200
1775729758,27,Lobster, The – Blu-ray™,/mnt/my-zfs/mediarr/torrent/arch/The Lobster 2015 BluRay 1080p REMUX AVC DTS-HD MA 5.1-LEGi0N/The.Lobster.2015.BluRay.1080p.REMUX.AVC.DTS-HD.MA.5.1-LEGi0N.mkv,200
1775730343,27,Lobster, The – Blu-ray™,/mnt/my-zfs/mediarr/torrent/arch/The Lobster 2015 BluRay 1080p REMUX AVC DTS-HD MA 5.1-LEGi0N/The.Lobster.2015.BluRay.1080p.REMUX.AVC.DTS-HD.MA.5.1-LEGi0N.mkv,200
1775730715,27,Lobster, The – Blu-ray™,/mnt/my-zfs/mediarr/torrent/arch/The Lobster 2015 BluRay 1080p REMUX AVC DTS-HD MA 5.1-LEGi0N/The.Lobster.2015.BluRay.1080p.REMUX.AVC.DTS-HD.MA.5.1-LEGi0N.mkv,200
1775731327,27,Lobster, The – Blu-ray™,/mnt/my-zfs/mediarr/torrent/arch/The Lobster 2015 BluRay 1080p REMUX AVC DTS-HD MA 5.1-LEGi0N/The.Lobster.2015.BluRay.1080p.REMUX.AVC.DTS-HD.MA.5.1-LEGi0N.mkv,200
1775731495,27,Lobster, The – Blu-ray™,/mnt/my-zfs/mediarr/torrent/arch/The Lobster 2015 BluRay 1080p REMUX AVC DTS-HD MA 5.1-LEGi0N/The.Lobster.2015.BluRay.1080p.REMUX.AVC.DTS-HD.MA.5.1-LEGi0N.mkv,200
1775821157,27,Lobster, The – Blu-ray™,/mnt/my-zfs/mediarr/torrent/arch/The Lobster 2015 BluRay 1080p REMUX AVC DTS-HD MA 5.1-LEGi0N/The.Lobster.2015.BluRay.1080p.REMUX.AVC.DTS-HD.MA.5.1-LEGi0N.mkv,200
1775821703,27,Lobster, The – Blu-ray™,/mnt/my-zfs/mediarr/torrent/arch/The Lobster 2015 BluRay 1080p REMUX AVC DTS-HD MA 5.1-LEGi0N/The.Lobster.2015.BluRay.1080p.REMUX.AVC.DTS-HD.MA.5.1-LEGi0N.mkv,200
1775888306,31,Project Hail Mary (2026) | EaZy,/mnt/my-zfs/mediarr/torrent/arch/Project.Hail.Mary.2026.1080p.WEB-DL.AAC.2.0.H264-EaZy.mkv,136
1775986252,,,/mnt/my-zfs/mediarr/torrent/arch/Dog.Day.Afternoon.1975.BluRay.REMUX/Dog.Day.Afternoon.1975.BluRay.REMUX.mkv,121
1775997243,45,Alien (1979) 4K Director's Cut 4K HDR10+ HONE,/mnt/my-zfs/mediarr/torrent/arch/Alien (1979) Directors Cut (2160p UHD BluRay x265 HDR10+ DDP 5.1 English - DiscoD HONE).mkv,184
1776083096,,,/mnt/my-zfs/mediarr/torrent/arch/The.Boys.2026.S05E01.Fifteen.Inches.of.Sheer.Dynamite.2160p.AMZN.WEB-DL.DDP5.1.Atmos.H.265-KRATOS.mkv,147
1776087379,,,/mnt/my-zfs/mediarr/torrent/arch/The.Boys.2026.S05E02.Teenage.Kix.2160p.AMZN.WEB-DL.DDP5.1.Atmos.H.265-KRATOS.mkv,126
1776092945,54,Medianeras.2011.SPANISH.ENSUBBED.1080p.WEBRip.x265-VXT,/mnt/my-zfs/mediarr/torrent/arch/Medianeras.2011.SPANISH.ENSUBBED.1080p.WEBRip.x265-VXT/Medianeras.2011.SPANISH.ENSUBBED.1080p.WEBRip.x265-VXT.mp4,215
1776092972,,,/mnt/my-zfs/mediarr/torrent/arch/Medianeras.2011.1080p.AMZN.WEBRip.DDP5.1.x264-ETHiCS/Medianeras.2011.1080p.AMZN.WEB-DL.DDP5.1.H.264-ETHiCS.mkv,156
1776093141,,,/mnt/my-zfs/mediarr/torrent/arch/Sidewalls (2011) [1080p] [WEBRip] [5.1] [YTS.MX]/Sidewalls.2011.1080p.WEBRip.x264.AAC5.1-[YTS.MX].mp4,147
1776093151,,,/mnt/my-zfs/mediarr/torrent/arch/Sidewalls.2011.720p.WEB-RE.X264-WEBiOS [PublicHD]/Sidewalls.2011.720p.WEB-RE.X264-WEBiOS.mkv,138
1776098675,45,Alien (1979) 4K Director's Cut 4K HDR10+ HONE,/mnt/my-zfs/mediarr/torrent/arch/Alien (1979) Directors Cut (2160p UHD BluRay x265 HDR10+ DDP 5.1 English - DiscoD HONE).mkv,184
1776232173,16,Rush Hour (1998),/mnt/my-zfs/mediarr/torrent/arch/Rush Hour TRILOGY 1998-2007 1080p BluRay DDP 7.1 x264-BiTOR/1.Rush Hour 1998 1080p BluRay DDP 7.1 x264-BiTOR.mkv,176
1776232376,16,Rush Hour (1998),/mnt/my-zfs/mediarr/torrent/arch/Rush Hour TRILOGY 1998-2007 1080p BluRay DDP 7.1 x264-BiTOR/1.Rush Hour 1998 1080p BluRay DDP 7.1 x264-BiTOR.mkv,176
1776232711,16,Rush Hour (1998),/mnt/my-zfs/mediarr/torrent/arch/Rush Hour TRILOGY 1998-2007 1080p BluRay DDP 7.1 x264-BiTOR/1.Rush Hour 1998 1080p BluRay DDP 7.1 x264-BiTOR.mkv,176
1776239781,,,/mnt/my-zfs/mediarr/torrent/arch/The.Boys.2026.S05E03.Every.One.of.You.Sons.of.Bitches.2160p.AMZN.WEB-DL.DDP5.1.Atmos.H.265-KRATOS.mkv,147
1776245725,43,INVINCIBLE - S04E07 - NE SOIS PAS CASSE-COU,/mnt/my-zfs/mediarr/torrent/arch/Invincible.2021.S04E07.MULTi.1080p.WEB.H264-FW/Invincible.2021.S04E07.MULTi.1080p.WEB.H264-FW.mkv,188
1776246877,43,INVINCIBLE - S04E07 - NE SOIS PAS CASSE-COU,/mnt/my-zfs/mediarr/torrent/arch/Invincible.2021.S04E07.MULTi.1080p.WEB.H264-FW/Invincible.2021.S04E07.MULTi.1080p.WEB.H264-FW.mkv,188
1776248317,43,INVINCIBLE - S04E07 - NE SOIS PAS CASSE-COU,/mnt/my-zfs/mediarr/torrent/arch/Invincible.2021.S04E07.MULTi.1080p.WEB.H264-FW/Invincible.2021.S04E07.MULTi.1080p.WEB.H264-FW.mkv,188
1776260668,16,Rush Hour (1998),/mnt/my-zfs/mediarr/torrent/arch/Rush Hour TRILOGY 1998-2007 1080p BluRay DDP 7.1 x264-BiTOR/1.Rush Hour 1998 1080p BluRay DDP 7.1 x264-BiTOR.mkv,176
1776260670,18,Rush Hour 2 (2001),/mnt/my-zfs/mediarr/torrent/arch/Rush Hour TRILOGY 1998-2007 1080p BluRay DDP 7.1 x264-BiTOR/2.Rush Hour 2 2002 1080p BluRay DDP 5.1 x264-BiTOR.mkv,180
1776273046,18,Rush Hour 3 (2007),/mnt/my-zfs/mediarr/torrent/arch/Rush Hour TRILOGY 1998-2007 1080p BluRay DDP 7.1 x264-BiTOR/3.Rush Hour 3 2007 1080p BluRay DDP 7.1 x264-BiTOR.mkv,180
1776364154,,,/mnt/my-zfs/mediarr/torrent/arch/The.Boys.2026.S05E03.Every.One.of.You.Sons.of.Bitches.2160p.AMZN.WEB-DL.DDP5.1.Atmos.H.265-KRATOS.mkv,147
1776419564,25,キュア AKA Cure (1997),/mnt/my-zfs/mediarr/torrent/arch/Cure.1997.REPACK.UHD.BluRay.Remux.2160p.DV.HDR.HEVC.FLAC.2.0-ZQ.mkv,140
1776423215,,,/mnt/my-zfs/mediarr/torrent/arch/Dead.Mans.Shoes.2004.1080p.BluRay.DTS.HD-MA.5.1.REMUX-BMO.mkv,107
1776423946,,,/mnt/my-zfs/mediarr/torrent/arch/Dead.Mans.Shoes.2004.1080p.BluRay.DTS.HD-MA.5.1.REMUX-BMO.mkv,107
1776423956,,,/mnt/my-zfs/mediarr/torrent/arch/Dead.Mans.Shoes.2004.1080p.BluRay.DTS.HD-MA.5.1.REMUX-BMO.mkv,107
1776424025,,,/mnt/my-zfs/mediarr/torrent/arch/Dead.Mans.Shoes.2004.1080p.BluRay.DTS.HD-MA.5.1.REMUX-BMO.mkv,107
1776424160,,,/mnt/my-zfs/mediarr/torrent/arch/Dead.Mans.Shoes.2004.1080p.BluRay.DTS.HD-MA.5.1.REMUX-BMO.mkv,107
1776424338,,,/mnt/my-zfs/mediarr/torrent/arch/Dead.Mans.Shoes.2004.1080p.BluRay.DTS.HD-MA.5.1.REMUX-BMO.mkv,107
1776688000,,,/mnt/my-zfs/mediarr/torrent/arch/Dead.Mans.Shoes.2004.1080p.BluRay.DTS.HD-MA.5.1.REMUX-BMO.mkv,107
1776688019,,,/mnt/my-zfs/mediarr/torrent/arch/The.Boys.2026.S05E03.Every.One.of.You.Sons.of.Bitches.2160p.AMZN.WEB-DL.DDP5.1.Atmos.H.265-KRATOS.mkv,147
1776688041,25,キュア AKA Cure (1997),/mnt/my-zfs/mediarr/torrent/arch/Cure.1997.REPACK.UHD.BluRay.Remux.2160p.DV.HDR.HEVC.FLAC.2.0-ZQ.mkv,140
1776711095,,,/home/btw/coe223/01 Computer Architecture Chapter 1 - Logic Gates [xxby7rreUhA].mp4,96
1776711175,,,/home/btw/coe223/01 Computer Architecture Chapter 1 - Logic Gates [xxby7rreUhA].mp4,96
1776711178,,,/home/btw/coe223/01 Computer Architecture Chapter 1 - Logic Gates [xxby7rreUhA].mp4,96
1776711184,,,/home/btw/coe223/02 Computer Architecture Chapter 1 - Numbering Systems [ClU4YY1yJcs].mp4,102
1776711220,,,/home/btw/coe223/02 Computer Architecture Chapter 1 - Numbering Systems [ClU4YY1yJcs].mp4,102
1776711344,,,/home/btw/coe223/02 Computer Architecture Chapter 1 - Numbering Systems [ClU4YY1yJcs].mp4,102
1776711408,,,/home/btw/coe223/02 Computer Architecture Chapter 1 - Numbering Systems [ClU4YY1yJcs].mp4,102
1776845015,,,/mnt/my-zfs/mediarr/torrent/arch/Invincible.2021.S04E08.1080p.WEB.h264-ETHEL/Invincible.2021.S04E08.1080p.WEB.h264-ETHEL.mkv,137
1776845073,43,INVINCIBLE - S04E07 - NE SOIS PAS CASSE-COU,/mnt/my-zfs/mediarr/torrent/arch/Invincible.2021.S04E07.MULTi.1080p.WEB.H264-FW/Invincible.2021.S04E07.MULTi.1080p.WEB.H264-FW.mkv,188
1776845224,,,/mnt/my-zfs/mediarr/torrent/arch/Invincible.2021.S04E08.1080p.WEB.h264-ETHEL/Invincible.2021.S04E08.1080p.WEB.h264-ETHEL.mkv,137
1776848625,,,/mnt/my-zfs/mediarr/torrent/arch/The.Boys.S05E04.King.of.Hell.2160p.AMZN.WEB-DL.DDP5.1.Atmos.DV.HDR.H.265-N1H4L.mkv,128
1776976422,,,/mnt/my-zfs/mediarr/torrent/arch/Roofman.2025.2160p.iT.WEB-DL.DDP5.1.DV.HDR.H.265-FLUX.mkv,103
1777027272,,,/mnt/my-zfs/mediarr/torrent/arch/Mickey.17.2025.2160p.iT.WEB-DL.DDP5.1.Atmos.DV.HDR.H.265-BYNDR.mkv,112
1777027287,,,/mnt/my-zfs/mediarr/torrent/arch/No.Other.Choice.2025.2160p.AMZN.WEB-DL.DDP5.1.Atmos.HDR.H.265-BYNDR.mkv,117
1777128920,22,I Saw the Devil (2010),/mnt/my-zfs/mediarr/torrent/arch/I.Saw.the.Devil.2010.BluRay.1080p.DTS-HD.MA.5.1.AVC.REMUX-FraMeSToR.mkv,141
1777460222,,,/mnt/my-zfs/mediarr/torrent/arch/The.Boys.S05E05.One-Shots.2160p.AMZN.WEB-DL.DDP5.1.Atmos.H.265-RUDR.mkv,117
1777665636,,,/mnt/my-zfs/mediarr/torrent/arch/The.Boys.S05E05.One-Shots.2160p.AMZN.WEB-DL.DDP5.1.Atmos.H.265-RUDR.mkv,117
1777810807,,,/mnt/my-zfs/mediarr/torrent/arch/Limitless.2011.Unrated.PROPER.BluRay.1080p.DTS-HD.MA.5.1.AVC.REMUX-FraMeSToR/Limitless.2011.Unrated.PROPER.BluRay.1080p.DTS-HD.MA.5.1.AVC.REMUX-FraMeSToR.mkv,203
1777852756,,,/home/btw/coe223/02 Computer Architecture Chapter 1 - Numbering Systems [ClU4YY1yJcs].mp4,102
1777852766,,,/home/btw/coe223/03 Computer Architecture Chapter 1 - Transistors [_u0RuASDSOQ].mp4,96
1777852768,,,/home/btw/coe223/04 Computer Architecture Chapter 2 - Boolean Algebra [Sjf567AOigY].mp4,100
1777852768,,,/home/btw/coe223/05 Computer Architecture Chapter 2 - DeMorgan’s Theorems & Bubble Pushing [rDubZ0AOoEk].mp4,123
1777852768,,,/home/btw/coe223/06 Computer Architecture Chapter 2 - K-Map & Don’t Cares [3Xcv4Ez-jxk].mp4,106
1777852768,,,/home/btw/coe223/05 Computer Architecture Chapter 2 - DeMorgan’s Theorems & Bubble Pushing [rDubZ0AOoEk].mp4,123
1777852769,,,/home/btw/coe223/04 Computer Architecture Chapter 2 - Boolean Algebra [Sjf567AOigY].mp4,100
1777852769,,,/home/btw/coe223/03 Computer Architecture Chapter 1 - Transistors [_u0RuASDSOQ].mp4,96
1777852769,,,/home/btw/coe223/02 Computer Architecture Chapter 1 - Numbering Systems [ClU4YY1yJcs].mp4,102
1777852769,,,/home/btw/coe223/01 Computer Architecture Chapter 1 - Logic Gates [xxby7rreUhA].mp4,96
1777852769,,,/home/btw/coe223/01 Computer Architecture Chapter 1 - Logic Gates [xxby7rreUhA].mp4,96
1777852770,,,/home/btw/coe223/01 Computer Architecture Chapter 1 - Logic Gates [xxby7rreUhA].mp4,96
1777852770,,,/home/btw/coe223/01 Computer Architecture Chapter 1 - Logic Gates [xxby7rreUhA].mp4,96
1777852770,,,/home/btw/coe223/01 Computer Architecture Chapter 1 - Logic Gates [xxby7rreUhA].mp4,96
1777852771,,,/home/btw/coe223/01 Computer Architecture Chapter 1 - Logic Gates [xxby7rreUhA].mp4,96
1777853101,,,/home/btw/coe223/01 Computer Architecture Chapter 1 - Logic Gates [xxby7rreUhA].mp4,96
1777853113,,,/home/btw/coe223/01 Computer Architecture Chapter 1 - Logic Gates [xxby7rreUhA].mp4,96
1777853124,,,/home/btw/coe223/01 Computer Architecture Chapter 1 - Logic Gates [xxby7rreUhA].mp4,96
1777853137,,,/home/btw/coe223/01 Computer Architecture Chapter 1 - Logic Gates [xxby7rreUhA].mp4,96
1777853144,,,/home/btw/coe223/01 Computer Architecture Chapter 1 - Logic Gates [xxby7rreUhA].mp4,96
1777853488,,,/home/btw/coe223/01 Computer Architecture Chapter 1 - Logic Gates [xxby7rreUhA].mp4,96
1777853493,,,/home/btw/coe223/01 Computer Architecture Chapter 1 - Logic Gates [xxby7rreUhA].mp4,96
1777853499,,,/home/btw/coe223/01 Computer Architecture Chapter 1 - Logic Gates [xxby7rreUhA].mp4,96
1777853518,,,/home/btw/coe223/01 Computer Architecture Chapter 1 - Logic Gates [xxby7rreUhA].mp4,96
1777853625,,,/home/btw/coe223/01 Computer Architecture Chapter 1 - Logic Gates [xxby7rreUhA].mp4,96
1777853914,,,/home/btw/coe223/02 Computer Architecture Chapter 1 - Numbering Systems [ClU4YY1yJcs].mp4,102
1777853922,,,/home/btw/coe223/02 Computer Architecture Chapter 1 - Numbering Systems [ClU4YY1yJcs].mp4,102
1777855559,,,/home/btw/coe223/03 Computer Architecture Chapter 1 - Transistors [_u0RuASDSOQ].mp4,96
1777855767,,,/home/btw/coe223/04 Computer Architecture Chapter 2 - Boolean Algebra [Sjf567AOigY].mp4,100
1777855851,,,/home/btw/coe223/13 Computer Architecture Chapter 5 -  Combinational Building Blocks [SCf-OnclzCc].mp4,115
1777901224,,,/home/btw/Downloads/coe223-L2.MP4,46
1777901238,,,/home/btw/Downloads/coe223-L2.MP4,46
1777901257,,,/home/btw/Downloads/coe223-L2.MP4,46
1777901292,,,/home/btw/Downloads/coe223-L2.MP4,46
1777901369,,,/home/btw/Downloads/coe223-L2.MP4,46
1777901401,,,/home/btw/Downloads/coe223-L2.MP4,46
1777901680,,,/home/btw/Downloads/coe223-L2.MP4,46
1777901710,,,/home/btw/Downloads/coe223-L2.MP4,46
1777901772,,,/home/btw/Downloads/coe223-L2.MP4,46
1777901822,,,/home/btw/Downloads/coe223-L2.MP4,46
1777902052,,,/home/btw/Downloads/coe223-L2.MP4,46
1777902107,,,/home/btw/Downloads/coe223-L2_ALTERED.MP4,54
1777902665,,,/home/btw/Downloads/coe223-L2_ALTERED.MP4,54
1777902671,,,/home/btw/Downloads/coe223-L1_ALTERED.MP4,54
1777905173,,,/home/btw/Downloads/coe223/coe223-L1_ALTERED.MP4,61
1777905297,,,/home/btw/Downloads/coe223/coe223-L2_ALTERED.MP4,61
1777905737,,,/home/btw/Downloads/coe223-L1_ALTERED2.MP4,55
1777905754,,,/home/btw/Downloads/coe223-L1.MP4,46
1777906036,,,/home/btw/Downloads/coe223/coe223-L1_ALTERED2.MP4,62
1777906605,,,/home/btw/Downloads/coe223-L1_ALTERED.MP4,54
1777906826,,,/home/btw/Downloads/coe223-L1.MP4,46
1777906875,,,/home/btw/Downloads/coe223-L1_ALTERED.MP4,54
1777907514,,,/home/btw/Downloads/coe223-L1_ALTERED.MP4,54
1777907677,,,/home/btw/Downloads/coe223-L1_ALTERED.mkv,54
1777907889,,,/home/btw/Downloads/coe223-L1_ALTERED.mkv,54
1777908164,,,/home/btw/Downloads/coe223-L1_ALTERED.mkv,54
1777909517,,,/home/btw/Downloads/coe223/coe223-L1_nosilence.MP4,63
1777909545,,,/home/btw/Downloads/coe223/coe223-L1_ALTERED.MP4,61
1777911343,,,/home/btw/Downloads/coe223/coe223-L2_ALTERED.MP4,61
1777911627,,,/home/btw/Downloads/coe223/coe223-L1_ALTERED.MP4,61
1777913963,,,/home/btw/Downloads/coe223/coe223-L1_ALTERED.MP4,61
1777914063,,,/home/btw/Downloads/coe223/coe223-L1_ALTERED.MP4,61
1777915600,,,/home/btw/Downloads/coe223/coe223-L2_ALTERED.MP4,61
1777919003,,,/home/btw/Downloads/coe223/coe223-L2_ALTERED.MP4,61
1777920809,,,/home/btw/Downloads/coe223/coe223-L3_ALTERED.MP4,61
1777927885,,,/home/btw/Downloads/coe223/coe223-L4_ALTERED.MP4,61
1777931582,,,/home/btw/Downloads/coe223/coe223-L5_ALTERED.MP4,61
1777932718,,,/home/btw/Downloads/coe223/coe223-L6_ALTERED.MP4,61
1777944521,,,/home/btw/Downloads/coe223/coe223-L5_ALTERED.MP4,61
1777944523,,,/home/btw/Downloads/coe223/coe223-L4_ALTERED.MP4,61
1777944524,,,/home/btw/Downloads/coe223/coe223-L3_ALTERED.MP4,61
1777944525,,,/home/btw/Downloads/coe223/coe223-L2_ALTERED.MP4,61
1777971381,,,/home/btw/Downloads/coe223/coe223-L2_ALTERED.MP4,61
1777993472,,,/home/btw/Downloads/x-filter-extension/452581252-0840f496-575c-4ca6-83a8-87bb01a85c5f.mp4,102
1778002319,43,الحلقة 70 : مارثون الموتى,https://youtu.be/OOB7YfO_qzU,86
1778002646,43,الحلقة 70 : مارثون الموتى,https://youtu.be/OOB7YfO_qzU,86
1778002921,43,الحلقة 70 : مارثون الموتى,https://youtu.be/OOB7YfO_qzU,86
1778003014,43,الحلقة 70 : مارثون الموتى,https://youtu.be/OOB7YfO_qzU,86
1778054742,,,/mnt/my-zfs/mediarr/torrent/arch/The.Boys.2026.S05E06.Though.the.Heavens.Fall.2160p.AMZN.WEB-DL.DDP5.1.Atmos.H.265-KRATOS.mkv,138
1778132525,,,/mnt/my-zfs/100OLYMP/P1010004.MOV,46
1778132529,,,/mnt/my-zfs/100OLYMP/P1010010.MOV,46
1778132530,,,/mnt/my-zfs/100OLYMP/P1010019.MOV,46
1778132534,,,/mnt/my-zfs/100OLYMP/P2260071.MOV,46
1778132536,,,/mnt/my-zfs/100OLYMP/P2260072.MOV,46
1778132540,,,/mnt/my-zfs/100OLYMP/P2260074.MOV,46
1778132542,,,/mnt/my-zfs/100OLYMP/P2260075.MOV,46
1778132543,,,/mnt/my-zfs/100OLYMP/P2260076.MOV,46
1778132544,,,/mnt/my-zfs/100OLYMP/P2260077.MOV,46
1778132544,,,/mnt/my-zfs/100OLYMP/P2260078.MOV,46
1778132544,,,/mnt/my-zfs/100OLYMP/P2260079.MOV,46
1778132544,,,/mnt/my-zfs/100OLYMP/P2260080.MOV,46
1778132547,,,/mnt/my-zfs/100OLYMP/P2260081.MOV,46
1778132548,,,/mnt/my-zfs/100OLYMP/P2260082.MOV,46
1778132549,,,/mnt/my-zfs/100OLYMP/P2260084.MOV,46
1778132549,,,/mnt/my-zfs/100OLYMP/P2260085.MOV,46
1778132550,,,/mnt/my-zfs/100OLYMP/P2260086.MOV,46
1778132550,,,/mnt/my-zfs/100OLYMP/P2260087.MOV,46
1778132551,,,/mnt/my-zfs/100OLYMP/P2260088.MOV,46
1778132552,,,/mnt/my-zfs/100OLYMP/P2260089.MOV,46
1778132553,,,/mnt/my-zfs/100OLYMP/P2260090.MOV,46
1778132553,,,/mnt/my-zfs/100OLYMP/P2260091.MOV,46
1778132558,,,/mnt/my-zfs/100OLYMP/P2260101.MOV,46
1778132561,,,/mnt/my-zfs/100OLYMP/P2270130.MOV,46
1778132563,,,/mnt/my-zfs/100OLYMP/P2270129.MOV,46
1778132564,,,/mnt/my-zfs/100OLYMP/P2270128.MOV,46
1778132565,,,/mnt/my-zfs/100OLYMP/P2270127.MOV,46
1778132565,,,/mnt/my-zfs/100OLYMP/P2270126.MOV,46
1778132566,,,/mnt/my-zfs/100OLYMP/P2270125.MOV,46
1778132567,,,/mnt/my-zfs/100OLYMP/P2270124.MOV,46
1778132568,,,/mnt/my-zfs/100OLYMP/P2270123.MOV,46
1778132569,,,/mnt/my-zfs/100OLYMP/P2270122.MOV,46
1778132570,,,/mnt/my-zfs/100OLYMP/P2270121.MOV,46
1778132571,,,/mnt/my-zfs/100OLYMP/P2270120.MOV,46
1778132572,,,/mnt/my-zfs/100OLYMP/P2270119.MOV,46
1778132573,,,/mnt/my-zfs/100OLYMP/P2260118.MOV,46
1778132574,,,/mnt/my-zfs/100OLYMP/P2270119.MOV,46
1778132576,,,/mnt/my-zfs/100OLYMP/P2270120.MOV,46
1778132577,,,/mnt/my-zfs/100OLYMP/P2270121.MOV,46
1778132579,,,/mnt/my-zfs/100OLYMP/P2270122.MOV,46
1778132583,,,/mnt/my-zfs/100OLYMP/P2270123.MOV,46
1778132596,,,/mnt/my-zfs/100OLYMP/P2270124.MOV,46
1778132597,,,/mnt/my-zfs/100OLYMP/P2270125.MOV,46
1778132598,,,/mnt/my-zfs/100OLYMP/P2270126.MOV,46
1778132600,,,/mnt/my-zfs/100OLYMP/P2270127.MOV,46
1778132600,,,/mnt/my-zfs/100OLYMP/P2270128.MOV,46
1778132601,,,/mnt/my-zfs/100OLYMP/P2270129.MOV,46
1778132602,,,/mnt/my-zfs/100OLYMP/P2270130.MOV,46
1778132602,,,/mnt/my-zfs/100OLYMP/P2270131.MOV,46
1778132602,,,/mnt/my-zfs/100OLYMP/P2270132.MOV,46
1778132604,,,/mnt/my-zfs/100OLYMP/P2270131.MOV,46
1778132607,,,/mnt/my-zfs/100OLYMP/P2270130.MOV,46
1778132608,,,/mnt/my-zfs/100OLYMP/P2270131.MOV,46
1778132943,,,/mnt/my-zfs/100OLYMP/P2270144.MOV,46
1778132947,,,/mnt/my-zfs/100OLYMP/P2270155.MOV,46
1778132969,,,/mnt/my-zfs/100OLYMP/P2270156.MOV,46
1778132973,,,/mnt/my-zfs/100OLYMP/P2270155.MOV,46
1778132974,,,/mnt/my-zfs/100OLYMP/P2270154.MOV,46
1778132977,,,/mnt/my-zfs/100OLYMP/P2270153.MOV,46
1778133024,,,/mnt/my-zfs/100OLYMP/P2270152.MOV,46
1778133027,,,/mnt/my-zfs/100OLYMP/P2270151.MOV,46
1778133028,,,/mnt/my-zfs/100OLYMP/P2270150.MOV,46
1778133029,,,/mnt/my-zfs/100OLYMP/P2270149.MOV,46
1778133031,,,/mnt/my-zfs/100OLYMP/P2270148.MOV,46
1778133031,,,/mnt/my-zfs/100OLYMP/P2270147.MOV,46
1778133032,,,/mnt/my-zfs/100OLYMP/P2270146.MOV,46
1778133034,,,/mnt/my-zfs/100OLYMP/P2270145.MOV,46
1778133035,,,/mnt/my-zfs/100OLYMP/P2270144.MOV,46
1778133037,,,/mnt/my-zfs/100OLYMP/P2270143.MOV,46
1778133037,,,/mnt/my-zfs/100OLYMP/P2270142.MOV,46
1778133040,,,/mnt/my-zfs/100OLYMP/P2270141.MOV,46
1778133041,,,/mnt/my-zfs/100OLYMP/P2270140.MOV,46
1778133043,,,/mnt/my-zfs/100OLYMP/P2270139.MOV,46
1778133044,,,/mnt/my-zfs/100OLYMP/P2270138.MOV,46
1778133044,,,/mnt/my-zfs/100OLYMP/P2270137.MOV,46
1778133045,,,/mnt/my-zfs/100OLYMP/P2270136.MOV,46
1778133046,,,/mnt/my-zfs/100OLYMP/P2270135.MOV,46
1778137514,11,Dune (2021),/mnt/my-zfs/mediarr/torrent/arch/Dune.Part.One.2021.Hybrid.2160p.UHD.BluRay.REMUX.DV.HDR10Plus.HEVC.TrueHD.7.1.Atmos-WiLDCAT.mkv,154
1778158444,24,Dune: Part Two (2024) 4K,/mnt/my-zfs/mediarr/torrent/arch/Dune.Part.Two.2024.UHD.BluRay.2160p.TrueHD.Atmos.7.1.DV.HEVC.REMUX-FraMeSToR/Dune.Part.Two.2024.UHD.BluRay.2160p.TrueHD.Atmos.7.1.DV.HEVC.REMUX-FraMeSToR.mkv,229
1778158990,24,Dune: Part Two (2024) 4K,/mnt/my-zfs/mediarr/torrent/arch/Dune.Part.Two.2024.UHD.BluRay.2160p.TrueHD.Atmos.7.1.DV.HEVC.REMUX-FraMeSToR/Dune.Part.Two.2024.UHD.BluRay.2160p.TrueHD.Atmos.7.1.DV.HEVC.REMUX-FraMeSToR.mkv,229
1778166338,,,/home/btw/Videos/output.mkv,40
1778167211,,,/home/btw/Videos/output.mkv,40
1778168378,,,/home/btw/Videos/output_10x.mp4,44
1778364151,,,/home/btw/Downloads/Telegram Desktop/VID20260510005912.mp4,71
1778453391,,,/mnt/my-zfs/mediarr/torrent/arch/Black.Mirror.S07.2025.2160p.NF.WEB-DL.DDP5.1.Atmos.DV.HDR.H.265-HHWEB/Black.Mirror.S07E01.2025.2160p.NF.WEB-DL.DDP5.1.Atmos.DV.HDR.H.265-HHWEB.mkv,192
1778499357,,,/mnt/my-zfs/mediarr/torrent/arch/Black.Mirror.S07.2025.2160p.NF.WEB-DL.DDP5.1.Atmos.DV.HDR.H.265-HHWEB/Black.Mirror.S07E01.2025.2160p.NF.WEB-DL.DDP5.1.Atmos.DV.HDR.H.265-HHWEB.mkv,192
1778499359,,,/mnt/my-zfs/mediarr/torrent/arch/Black.Mirror.S07.2025.2160p.NF.WEB-DL.DDP5.1.Atmos.DV.HDR.H.265-HHWEB/Black.Mirror.S07E02.2025.2160p.NF.WEB-DL.DDP5.1.Atmos.DV.HDR.H.265-HHWEB.mkv,192
1778508692,,,/home/btw/2026-05-11 17-03-02.mp4,46
1778510678,,,/mnt/my-zfs/mediarr/torrent/arch/Black.Mirror.S07.2025.2160p.NF.WEB-DL.DDP5.1.Atmos.DV.HDR.H.265-HHWEB/Black.Mirror.S07E03.2025.2160p.NF.WEB-DL.DDP5.1.Atmos.DV.HDR.H.265-HHWEB.mkv,192
1778563883,,,/mnt/my-zfs/mediarr/torrent/arch/Black.Mirror.S07.2025.2160p.NF.WEB-DL.DDP5.1.Atmos.DV.HDR.H.265-HHWEB/Black.Mirror.S07E03.2025.2160p.NF.WEB-DL.DDP5.1.Atmos.DV.HDR.H.265-HHWEB.mkv,192
1778577331,,,/mnt/my-zfs/mediarr/torrent/arch/Black.Mirror.S07.2025.2160p.NF.WEB-DL.DDP5.1.Atmos.DV.HDR.H.265-HHWEB/Black.Mirror.S07E04.2025.2160p.NF.WEB-DL.DDP5.1.Atmos.DV.HDR.H.265-HHWEB.mkv,192
1778577380,,,/mnt/my-zfs/mediarr/torrent/arch/Black.Mirror.S07.2025.2160p.NF.WEB-DL.DDP5.1.Atmos.DV.HDR.H.265-HHWEB/Black.Mirror.S07E04.2025.2160p.NF.WEB-DL.DDP5.1.Atmos.DV.HDR.H.265-HHWEB.mkv,192
1778577625,,,/mnt/my-zfs/mediarr/torrent/arch/Black.Mirror.S07.2025.2160p.NF.WEB-DL.DDP5.1.Atmos.DV.HDR.H.265-HHWEB/Black.Mirror.S07E04.2025.2160p.NF.WEB-DL.DDP5.1.Atmos.DV.HDR.H.265-HHWEB.mkv,192
1778578038,,,/mnt/my-zfs/mediarr/torrent/arch/Black.Mirror.S07.2025.2160p.NF.WEB-DL.DDP5.1.Atmos.DV.HDR.H.265-HHWEB/Black.Mirror.S07E04.2025.2160p.NF.WEB-DL.DDP5.1.Atmos.DV.HDR.H.265-HHWEB.mkv,192
1778578077,,,/mnt/my-zfs/mediarr/torrent/arch/Black.Mirror.S07.2025.2160p.NF.WEB-DL.DDP5.1.Atmos.DV.HDR.H.265-HHWEB/Black.Mirror.S07E04.2025.2160p.NF.WEB-DL.DDP5.1.Atmos.DV.HDR.H.265-HHWEB.mkv,192
1778581106,,,/mnt/my-zfs/mediarr/torrent/arch/Black.Mirror.S07.2025.2160p.NF.WEB-DL.DDP5.1.Atmos.DV.HDR.H.265-HHWEB/Black.Mirror.S07E04.2025.2160p.NF.WEB-DL.DDP5.1.Atmos.DV.HDR.H.265-HHWEB.mkv,192
1778586282,,,/mnt/my-zfs/mediarr/torrent/arch/Black.Mirror.S07.2025.2160p.NF.WEB-DL.DDP5.1.Atmos.DV.HDR.H.265-HHWEB/Black.Mirror.S07E04.2025.2160p.NF.WEB-DL.DDP5.1.Atmos.DV.HDR.H.265-HHWEB.mkv,192
1778587619,,,/mnt/my-zfs/mediarr/torrent/arch/Black.Mirror.S07.2025.2160p.NF.WEB-DL.DDP5.1.Atmos.DV.HDR.H.265-HHWEB/Black.Mirror.S07E04.2025.2160p.NF.WEB-DL.DDP5.1.Atmos.DV.HDR.H.265-HHWEB.mkv,192
1778587620,,,/mnt/my-zfs/mediarr/torrent/arch/Black.Mirror.S07.2025.2160p.NF.WEB-DL.DDP5.1.Atmos.DV.HDR.H.265-HHWEB/Black.Mirror.S07E05.2025.2160p.NF.WEB-DL.DDP5.1.Atmos.DV.HDR.H.265-HHWEB.mkv,192
1778673199,,,/mnt/my-zfs/mediarr/torrent/arch/The.Boys.2026.S05E02.Teenage.Kix.2160p.AMZN.WEB-DL.DDP5.1.Atmos.H.265-KRATOS.mkv,126
1778673203,,,/mnt/my-zfs/mediarr/torrent/arch/The.Boys.2026.S05E03.Every.One.of.You.Sons.of.Bitches.2160p.AMZN.WEB-DL.DDP5.1.Atmos.H.265-KRATOS.mkv,147
1778673205,,,/mnt/my-zfs/mediarr/torrent/arch/The.Boys.2026.S05E06.Though.the.Heavens.Fall.2160p.AMZN.WEB-DL.DDP5.1.Atmos.H.265-KRATOS.mkv,138
1778673218,,,/mnt/my-zfs/mediarr/torrent/arch/The.Boys.2026.S05E06.Though.the.Heavens.Fall.2160p.AMZN.WEB-DL.DDP5.1.Atmos.H.265-KRATOS.mkv,138
1778673220,,,/mnt/my-zfs/mediarr/torrent/arch/The.Boys.S05E04.King.of.Hell.1080p.AMZN.WEB-DL.DDP5.1.Atmos.H.264-N1H4L.mkv,121
1778673249,,,/mnt/my-zfs/mediarr/torrent/arch/The.Boys.S05E04.King.of.Hell.1080p.AMZN.WEB-DL.DDP5.1.Atmos.H.264-N1H4L.mkv,121
1778673255,,,/mnt/my-zfs/mediarr/torrent/arch/The.Boys.S05E04.King.of.Hell.2160p.AMZN.WEB-DL.DDP5.1.Atmos.DV.HDR.H.265-N1H4L.mkv,128
1778673258,,,/mnt/my-zfs/mediarr/torrent/arch/The.Boys.S05E05.One-Shots.2160p.AMZN.WEB-DL.DDP5.1.Atmos.H.265-RUDR.mkv,117
1778673260,,,/mnt/my-zfs/mediarr/torrent/arch/The.Boys.S05E07.The.Frenchman.the.Female.and.the.Man.Called.Mothers.Milk.2160p.AMZN.WEB-DL.DDP5.1.Atmos.DV.HDR10+.H.265-RUDR.mkv,174
1778673390,,,/mnt/my-zfs/mediarr/torrent/arch/The.Boys.S05E07.The.Frenchman.the.Female.and.the.Man.Called.Mothers.Milk.2160p.AMZN.WEB-DL.DDP5.1.Atmos.DV.HDR10+.H.265-RUDR.mkv,174
1778962011,,,/home/btw/Downloads/coe212/lab_exam_انتبه_عدلت_بالجدول_للون_الاصفر_شوف_الملف.mp4,127
1778962016,,,/home/btw/Downloads/coe212/lab final exam 462.mp4,62
1778962018,,,/home/btw/Downloads/coe212/lap_10.mp4,50
1778962019,,,/home/btw/Downloads/coe212/lap_1.mp4,49
1778962021,,,/home/btw/Downloads/coe212/lap_2.mp4,49
1778962022,,,/home/btw/Downloads/coe212/lap_3.mp4,49
1778962026,,,/home/btw/Downloads/coe212/lap_4.mp4,49
1778962028,,,/home/btw/Downloads/coe212/lap_5.mp4,49
1778962030,,,/home/btw/Downloads/coe212/lap_6.MP4,49
1778962032,,,/home/btw/Downloads/coe212/lap_7.MP4,49
1778962034,,,/home/btw/Downloads/coe212/lap_8.mp4,49
1778962036,,,/home/btw/Downloads/coe212/اختبار نهائي عملي 461 .mp4,81
1778962041,,,/home/btw/Downloads/coe212/lap_8.mp4,49
1778962048,,,/home/btw/Downloads/coe212/lap_10.mp4,50
1778964317,,,/home/btw/Downloads/coe212/lab_exam_انتبه_عدلت_بالجدول_للون_الاصفر_شوف_الملف_ALTERED.mp4,135
1778964328,,,/home/btw/Downloads/coe212/lab_exam_انتبه_عدلت_بالجدول_للون_الاصفر_شوف_الملف_ALTERED.mp4,135
1778964333,,,/home/btw/Downloads/coe212/lab_exam_انتبه_عدلت_بالجدول_للون_الاصفر_شوف_الملف.mp4,127
1778964338,,,/home/btw/Downloads/coe212/lab_exam_انتبه_عدلت_بالجدول_للون_الاصفر_شوف_الملف_ALTERED.mp4,135
1778964358,,,/home/btw/Downloads/coe212/lab_exam_انتبه_عدلت_بالجدول_للون_الاصفر_شوف_الملف_ALTERED.mp4,135
1778966882,,,/home/btw/Downloads/coe212/lap_1_ALTERED.mp4,57
1778966890,,,/home/btw/Downloads/coe212/lap_1.mp4,49
1778966895,,,/home/btw/Downloads/coe212/lap_1_ALTERED.mp4,57
1778968626,,,/home/btw/Downloads/coe212/lap_8_ALTERED.mp4,57
1778971311,,,/home/btw/Downloads/coe212/jumpcutter/vidoes/lap_8.mp4,67
1778971782,,,/home/btw/Downloads/coe212/jumpcutter/vidoes/lap_8_ALTERED.mp4,75
1778971827,,,/home/btw/Downloads/coe212/jumpcutter/vidoes/lap_3_ALTERED.mp4,75
1778973239,,,/home/btw/Downloads/coe212/jumpcutter/vidoes/lap_1.mp4,67
1778973260,,,/home/btw/Downloads/coe212/jumpcutter/vidoes/lap_1.mp4,67
1778973555,,,/home/btw/Downloads/coe212/jumpcutter/vidoes/lap_1.mp4,67
1778973933,,,/home/btw/Downloads/coe212/jumpcutter/vidoes/lap_4.mp4,67
1778974155,,,/home/btw/Downloads/coe212/jumpcutter/vidoes/lap_4_ALTERED.mp4,75
1778974982,,,/home/btw/Downloads/coe212/jumpcutter/test.ALTERED.mp4,67
1778976915,,,/home/btw/Downloads/coe212/jumpcutter/vidoes/lap_1.mp4,67
1778976943,,,/home/btw/Downloads/coe212/jumpcutter/vidoes/lap_3_ALTERED.mp4,75
1778976946,,,/home/btw/Downloads/coe212/jumpcutter/vidoes/lap_2_ALTERED.mp4,75
1778976946,,,/home/btw/Downloads/coe212/jumpcutter/vidoes/lap_1_ALTERED.mp4,75
1778976948,,,/home/btw/Downloads/coe212/jumpcutter/vidoes/lap_10_ALTERED.mp4,76
1778976948,,,/home/btw/Downloads/coe212/jumpcutter/vidoes/lab final exam 462_ALTERED.mp4,88
1778976948,,,/home/btw/Downloads/coe212/jumpcutter/vidoes/lab_exam_انتبه_عدلت_بالجدول_للون_الاصفر_شوف_الملف_ALTERED.mp4,153
1778976955,,,/home/btw/Downloads/coe212/jumpcutter/vidoes/lap_1_ALTERED.mp4,75
1779029136,,,/home/btw/Downloads/coe212/jumpcutter/vidoes/lap_1_ALTERED.mp4,75
1779030431,,,/home/btw/Downloads/coe212/jumpcutter/vidoes/lap_2_ALTERED.mp4,75
1779030650,,,/home/btw/uni/coe211/lab/lab final exam 462_ALTERED.mp4,68
1779030654,,,/home/btw/uni/coe211/lab/lap_2_ALTERED.mp4,55
1779034078,,,/home/btw/uni/coe211/lab/lap_3_ALTERED.mp4,55
1779034967,,,/home/btw/uni/coe211/lab/lap_4_ALTERED.mp4,55
1779034970,,,/home/btw/uni/coe211/lab/lap_3_ALTERED.mp4,55
1779045416,,,/home/btw/uni/coe211/lab/lap_4_ALTERED.mp4,55
1779045754,,,/home/btw/uni/coe211/lab/lap_5_ALTERED.mp4,55
1779048877,,,/home/btw/uni/coe211/lab/lap_6_ALTERED.MP4,55
1779048880,,,/home/btw/uni/coe211/lab/lap_5_ALTERED.mp4,55
1779048881,,,/home/btw/uni/coe211/lab/lap_6_ALTERED.MP4,55
1779049146,,,/home/btw/Downloads/coe212/jumpcutter/vidoes/lap_6.MP4,67
1779049238,,,/home/btw/Downloads/coe212/jumpcutter/test.ALTERED.mp4,67
1779049390,,,/home/btw/Downloads/coe212/jumpcutter/vidoes/lap_6.MP4,67
1779049468,,,/home/btw/Downloads/coe212/jumpcutter/test.ALTERED.mp4,67
1779049565,,,/home/btw/Downloads/coe212/jumpcutter/vidoes/lap_6_ALTERED.MP4,75
1779049726,,,/home/btw/Downloads/coe212/jumpcutter/vidoes/lap_6_ALTERED.MP4,75
1779049808,,,/home/btw/Downloads/coe212/jumpcutter/vidoes/lap_6_ALTERED.MP4,75
1779050440,,,/home/btw/Downloads/coe212/jumpcutter/vidoes/lap_6_ALTERED.MP4,75
1779050584,,,/home/btw/uni/coe211/lab/lap_7_ALTERED.MP4,55
1779050732,,,/home/btw/uni/coe211/lab/lap_7_ALTERED.MP4,55
1779051166,,,/home/btw/Downloads/coe212/jumpcutter/vidoes/lap_7_ALTERED.MP4,75
1779051176,,,/home/btw/Downloads/coe212/jumpcutter/vidoes/lap_6.MP4,67
1779051178,,,/home/btw/Downloads/coe212/jumpcutter/vidoes/lap_7_ALTERED.MP4,75
1779051350,,,/home/btw/Downloads/coe212/jumpcutter/vidoes/lap_7_ALTERED.MP4,75
1779051352,,,/home/btw/Downloads/coe212/jumpcutter/vidoes/lap_7_ALTERED.MP4,75
1779051353,,,/home/btw/Downloads/coe212/jumpcutter/vidoes/lap_7_ALTERED.MP4,75
1779051354,,,/home/btw/Downloads/coe212/jumpcutter/vidoes/lap_7_ALTERED.MP4,75
1779051355,,,/home/btw/Downloads/coe212/jumpcutter/vidoes/lap_7_ALTERED.MP4,75
1779051355,,,/home/btw/Downloads/coe212/jumpcutter/vidoes/lap_7_ALTERED.MP4,75
1779051356,,,/home/btw/Downloads/coe212/jumpcutter/vidoes/lap_7_ALTERED.MP4,75
1779051358,,,/home/btw/Downloads/coe212/jumpcutter/vidoes/lap_7.MP4,67
1779051370,,,/home/btw/Downloads/coe212/jumpcutter/vidoes/lap_8.mp4,67
1779051374,,,/home/btw/Downloads/coe212/jumpcutter/vidoes/lap_10.mp4,68
1779051375,,,/home/btw/Downloads/coe212/jumpcutter/vidoes/اختبار نهائي عملي 461 .mp4,99
1779051376,,,/home/btw/Downloads/coe212/jumpcutter/vidoes/اختبار نهائي عملي 461 _ALTERED.mp4,107
1779051377,,,/home/btw/Downloads/coe212/jumpcutter/vidoes/اختبار نهائي عملي 461 .mp4,99
1779051377,,,/home/btw/Downloads/coe212/jumpcutter/vidoes/lap_10.mp4,68
1779051378,,,/home/btw/Downloads/coe212/jumpcutter/vidoes/lap_8.mp4,67
1779051381,,,/home/btw/uni/coe211/lab/lap_8_ALTERED.mp4,55
1779052559,,,/home/btw/uni/coe211/lab/lap_10_ALTERED.mp4,56
1779053218,,,/home/btw/uni/coe211/lab/lab_exam_انتبه_عدلت_بالجدول_للون_الاصفر_شوف_الملف_ALTERED.mp4,133
1779053235,,,/home/btw/uni/coe211/lab/اختبار نهائي عملي 461 _ALTERED.mp4,87
1779053756,,,/home/btw/uni/coe211/lab/lab final exam 462_ALTERED.mp4,68
1779053877,,,/home/btw/uni/coe211/lab/lab final exam 462_ALTERED.mp4,68
1779055314,,,/home/btw/Downloads/coe212/jumpcutter/vidoes/ch4_thevenin_ALTERED.mp4,82
1779055394,,,/home/btw/Downloads/coe212/jumpcutter/vidoes/ch4_thevenin_ALTERED.mp4,82
1779055459,,,/home/btw/Downloads/coe212/jumpcutter/vidoes/ch4_thevenin.mp4,74
1779055787,,,/home/btw/Downloads/coe212/jumpcutter/vidoes/ch4_thevenin.mp4,74
1779055803,,,/home/btw/Downloads/coe212/jumpcutter/vidoes/ch4_thevenin.mp4,74
1779055829,,,/home/btw/Downloads/coe212/jumpcutter/vidoes/ch4_thevenin.mp4,74
1779055846,,,/home/btw/Downloads/coe212/jumpcutter/vidoes/ch4_thevenin.mp4,74
1779058386,,,/home/btw/uni/coe211/lab/lab final exam 462_ALTERED.mp4,68
1779062090,,,/home/btw/uni/coe211/lab/اختبار نهائي عملي 461 _ALTERED.mp4,87
1779062875,,,/home/btw/uni/coe211/lab/lab final exam 462_ALTERED.mp4,68
1779086290,,,/home/btw/Downloads/lab final 471_ALTERED.mp4,58
1779087038,,,/home/btw/uni/coe211/lab/lab final exam 462_ALTERED.mp4,68
1779087058,,,/home/btw/uni/coe211/lab/lab final exam 462_ALTERED.mp4,68
1779088562,,,/home/btw/uni/coe211/lab/اختبار نهائي عملي 461 _ALTERED.mp4,87
1779088966,,,/home/btw/uni/coe211/lab/lab final 471_ALTERED.mp4,63
1779099767,,,/mnt/my-zfs/mediarr/torrent/arch/Fantastic.Mr.Fox.2009.2160p.UHD.BluRay.DTS-HD.MA.5.1.DV.HDR.x265-ORBiT.mkv,120
1779099805,,,/mnt/my-zfs/mediarr/torrent/arch/Fantastic.Mr.Fox.2009.2160p.UHD.BluRay.DTS-HD.MA.5.1.DV.HDR.x265-ORBiT.mkv,120
1779099898,,,/mnt/my-zfs/mediarr/torrent/arch/Fantastic.Mr.Fox.2009.2160p.UHD.BluRay.DTS-HD.MA.5.1.DV.HDR.x265-ORBiT.mkv,120
1779099991,,,/mnt/my-zfs/mediarr/torrent/arch/Fantastic.Mr.Fox.2009.2160p.UHD.BluRay.DTS-HD.MA.5.1.DV.HDR.x265-ORBiT.mkv,120
1779270015,,,/mnt/my-zfs/mediarr/torrent/arch/The.Boys.S05E08.Blood.and.Bone.2160p.AMZN.WEB-DL.DDP5.1.Atmos.DV.HDR10+.H.265-RUDR.mkv,132
1779560039,,,/home/btw/Downloads/أسرار عالم الطيران ｜ فراس مال الله ｜ بودكاست بدون ورق [WLjNDN0V9R8]_ALTERED.webm,159
1779560665,,,/home/btw/Downloads/johar/https-youtu-be-WLjNDN0V9R8_ALTERED.webm,78
1779560713,,,/home/btw/Downloads/johar/https-youtu-be-WLjNDN0V9R8_ALTERED.webm,78
1779560779,,,/home/btw/Downloads/johar/https-youtu-be-WLjNDN0V9R8.webm,70
1779560781,,,/home/btw/Downloads/johar/https-youtu-be-WLjNDN0V9R8_ALTERED.webm,78
1779560781,,,/home/btw/Downloads/johar/https-youtu-be-WLjNDN0V9R8.webm,70
1779560892,,,/home/btw/Downloads/johar/https-youtu-be-WLjNDN0V9R8_ALTERED.webm,78
1779729335,,,/home/btw/uni/coe223/ALTERED/L1-ch1_ALTERED.MP4,60
1779729354,,,/home/btw/uni/coe223/ALTERED/L1-ch1_ALTERED.MP4,60
1779729384,,,/home/btw/uni/coe223/L1-ch1.MP4,44
1779729396,,,/home/btw/uni/coe223/ALTERED/L1-ch1_ALTERED.MP4,60
1779729402,,,/home/btw/uni/coe223/ALTERED/L1-ch1_ALTERED.MP4,60
1779729404,,,/home/btw/uni/coe223/ALTERED/L2-ch1_ALTERED.MP4,60
1779729406,,,/home/btw/uni/coe223/ALTERED/L3-ch1_ALTERED.MP4,60
1779729407,,,/home/btw/uni/coe223/ALTERED/L4-ch1_ALTERED.MP4,60
1779729408,,,/home/btw/uni/coe223/ALTERED/L5-ch1_ALTERED.MP4,60
1779729410,,,/home/btw/uni/coe223/ALTERED/L6-ch1_ALTERED.MP4,60
1779729411,,,/home/btw/uni/coe223/ALTERED/L7-ch2_ALTERED.MP4,60
1779729412,,,/home/btw/uni/coe223/ALTERED/L8-ch2_ALTERED.MP4,60
1779729414,,,/home/btw/uni/coe223/ALTERED/L9-ch2_ALTERED.MP4,60
1779729415,,,/home/btw/uni/coe223/ALTERED/L10-ch2_ALTERED.MP4,61
1779729417,,,/home/btw/uni/coe223/ALTERED/L11-ch2_ALTERED.MP4,61
1779729418,,,/home/btw/uni/coe223/ALTERED/L12-ch2_ALTERED.MP4,61
1779730138,,,/home/btw/uni/coe223/L1-ch1_ALTERED.MP4,52
1779730381,,,/home/btw/uni/coe223/L5-ch1_ALTERED.MP4,52
1779730663,,,/home/btw/uni/coe223/L5-ch1_ALTERED.MP4,52
1779730880,,,/home/btw/uni/coe223/L5-ch1_ALTERED.MP4,52
1779731018,,,/home/btw/uni/coe223/L1-ch1_ALTERED.MP4,52
1779731094,,,/home/btw/uni/coe223/L1-ch1_ALTERED.MP4,52
1779731102,,,/home/btw/uni/coe223/L5-ch1_ALTERED.MP4,52
1779732307,,,/home/btw/uni/coe223/ALTERED/L12-ch2_ALTERED.MP4,61
1779732316,,,/home/btw/uni/coe223/ALTERED/L9-ch2_ALTERED.MP4,60
1780010627,,,/home/btw/uni/cs211/Ch_6_Divide-and-Conquer_Algorithm_(Merge_Sort)_ALTERED.mp4,91
1780011606,,,/home/btw/uni/cs211/Ch6_Exercises_Explanation_ALTERED.mp4,70
1780011718,,,/home/btw/uni/cs211/denoised/Ch6_Exercises_Explanation_ALTERED_DENOISED.mp4,88
1780012429,,,/home/btw/uni/cs211/denoised/Ch6_Exercises_Explanation_ALTERED_DENOISED.mp4,88
1780012443,,,/home/btw/uni/cs211/denoised/Ch7_Divide_and_Conquer_(_Quick_Sort_)_ALTERED_DENOISED.mp4,100
1780012495,,,/home/btw/uni/cs211/denoised/Ch_6_Divide-and-Conquer_Algorithm_(Merge_Sort)_ALTERED_DENOISED.mp4,109
1780012945,,,/home/btw/uni/cs211/L10-Ch_9_Linear_Search_(Sequential_Search)_Part_1_ALTERED_DENOISED.mp4,103
1780012952,,,/home/btw/uni/cs211/L1-Ch_6_Divide-and-Conquer_Algorithm_Merge_Sort_ALTERED_DENOISED.mp4,101
1780012963,,,/home/btw/uni/cs211/L2-Ch_6_Merge_Sort_Algorithm_Explanation_ALTERED_DENOISED.mp4,94
1780012975,,,/home/btw/uni/cs211/L3-Ch6_Exercises_Explanation_ALTERED_DENOISED.mp4,82
1780012980,,,/home/btw/uni/cs211/L4-Ch7_Divide_and_Conquer_(_Quick_Sort_)_ALTERED_DENOISED.mp4,94
1780012983,,,/home/btw/uni/cs211/L3-Ch6_Exercises_Explanation_ALTERED_DENOISED.mp4,82
1780012984,,,/home/btw/uni/cs211/L2-Ch_6_Merge_Sort_Algorithm_Explanation_ALTERED_DENOISED.mp4,94
1780012985,,,/home/btw/uni/cs211/L1-Ch_6_Divide-and-Conquer_Algorithm_Merge_Sort_ALTERED_DENOISED.mp4,101
1780012986,,,/home/btw/uni/cs211/L11-Ch_9_Binary_Search_Part_2_ALTERED_DENOISED.mp4,83
1780012986,,,/home/btw/uni/cs211/L1-Ch_6_Divide-and-Conquer_Algorithm_Merge_Sort_ALTERED_DENOISED.mp4,101
1780014432,,,/home/btw/uni/cs211/Practice_Ch1Ch6_Part_1_ALTERED_DENOISED.mp4,76
1780016466,,,/home/btw/uni/math212/1_after_mid_Sets_ALTERED.mp4,63
1780018213,,,/home/btw/uni/math212/1_after_mid_Sets_ALTERED.mp4,63
1780018216,,,/home/btw/uni/math212/20_representation_relations_ALTERED.mp4,74
1780022996,,,/home/btw/uni/coe211/ch4_nodel_mesh_ALTERED.mp4,60
1780023013,,,/home/btw/uni/coe211/ch4_nodel_mesh.mp4,52
1780023019,,,/home/btw/uni/coe211/ch4_nodel_mesh_ALTERED.mp4,60
1780023074,,,/home/btw/uni/coe211/CH_2_ALTERED.mp4,50
1780023140,,,/home/btw/uni/coe211/CH_2_ALTERED.mp4,50
1780023146,,,/home/btw/uni/coe211/Final_462_ALTERED.mp4,55
1780058037,,,/home/btw/uni/cs211/L1-Ch_6_Divide-and-Conquer_Algorithm_Merge_Sort_ALTERED_DENOISED.mp4,101
1780058049,,,/home/btw/uni/cs211/Practice_Ch1Ch6_Part_1_ALTERED_DENOISED.mp4,76
1780058314,,,/home/btw/uni/cs211/L2-Ch_6_Merge_Sort_Algorithm_Explanation_ALTERED_DENOISED.mp4,94
1780060462,,,/home/btw/uni/cs211/L1-Ch_6_Divide-and-Conquer_Algorithm_Merge_Sort_ALTERED_DENOISED.mp4,101
1780065033,,,/home/btw/uni/cs211/L2-Ch_6_Merge_Sort_Algorithm_Explanation_ALTERED_DENOISED.mp4,94
1780065049,,,/home/btw/uni/cs211/L3-Ch6_Exercises_Explanation_ALTERED_DENOISED.mp4,82
1780071094,,,/home/btw/uni/cs211/L4-Ch7_Divide_and_Conquer_(_Quick_Sort_)_ALTERED_DENOISED.mp4,94
1780115689,,,/home/btw/uni/cs211/L12-Ch_9_Binary_Search_Algorithm_ALTERED.mp4,77
1780115697,,,/home/btw/uni/cs211/L13-Ch_9_Binary_Search_Practice_for_all_chapter_ALTERED.mp4,92
1780116809,,,/home/btw/uni/cs211/L4-Ch7_Divide_and_Conquer_(_Quick_Sort_)_ALTERED_DENOISED.mp4,94
1780116820,,,/home/btw/uni/cs211/L15-Ch_10_Heap_Sort_Part_2_ALTERED_DENOISED.mp4,80
1780116827,,,/home/btw/uni/cs211/L14-Ch_10_Heap_Sort_Part_1_ALTERED_DENOISED.mp4,80
1780116831,,,/home/btw/uni/cs211/L15-Ch_10_Heap_Sort_Part_2_ALTERED_DENOISED.mp4,80
1780116833,,,/home/btw/uni/cs211/L14-Ch_10_Heap_Sort_Part_1_ALTERED_DENOISED.mp4,80
1780116833,,,/home/btw/uni/cs211/L13-Ch_9_Binary_Search_Practice_for_all_chapter_ALTERED_DENOISED.mp4,101
1780116848,,,/home/btw/uni/cs211/L6-Ch_7_Exercises_Explanation_ALTERED_DENOISED.mp4,83
1780116849,,,/home/btw/uni/cs211/L4-Ch7_Divide_and_Conquer_(_Quick_Sort_)_ALTERED_DENOISED.mp4,94
1780116851,,,/home/btw/uni/cs211/L3-Ch6_Exercises_Explanation_ALTERED_DENOISED.mp4,82
1780116854,,,/home/btw/uni/cs211/L4-Ch7_Divide_and_Conquer_(_Quick_Sort_)_ALTERED_DENOISED.mp4,94
1780116854,,,/home/btw/uni/cs211/L6-Ch_7_Exercises_Explanation_ALTERED_DENOISED.mp4,83
1780116855,,,/home/btw/uni/cs211/L6-Ch_8_Radix_Sort_Part_1_ALTERED_DENOISED.mp4,79
1780116856,,,/home/btw/uni/cs211/L6-Ch_7_Exercises_Explanation_ALTERED_DENOISED.mp4,83
1780116857,,,/home/btw/uni/cs211/L4-Ch7_Divide_and_Conquer_(_Quick_Sort_)_ALTERED_DENOISED.mp4,94
1780152889,,,/home/btw/uni/cs211/L4-Ch7_Divide_and_Conquer_(_Quick_Sort_)_ALTERED_DENOISED.mp4,94
1780172661,,,/home/btw/uni/cs211/L6-Ch_7_Exercises_Explanation_ALTERED_DENOISED.mp4,83
1780172687,,,/home/btw/uni/cs211/L6-Ch_8_Radix_Sort_Part_1_ALTERED_DENOISED.mp4,79
1780172694,,,/home/btw/uni/cs211/L6-Ch_7_Exercises_Explanation_ALTERED_DENOISED.mp4,83
1780172767,,,/home/btw/uni/cs211/L3-Ch6_Exercises_Explanation_ALTERED_DENOISED.mp4,82
1780172774,,,/home/btw/uni/cs211/L6-Ch_7_Exercises_Explanation_ALTERED_DENOISED.mp4,83
1780172779,,,/home/btw/uni/cs211/L3-Ch6_Exercises_Explanation_ALTERED_DENOISED.mp4,82
1780172813,,,/home/btw/uni/cs211/L4-Ch7_Divide_and_Conquer_(_Quick_Sort_)_ALTERED_DENOISED.mp4,94
1780173232,,,/home/btw/uni/cs211/L4-Ch7_Divide_and_Conquer_(_Quick_Sort_)_ALTERED_DENOISED.mp4,94
1780173234,,,/home/btw/uni/cs211/L5_ALTERED_DENOISED.mp4,56
1780174849,,,/home/btw/uni/cs211/L6-Ch_7_Exercises_Explanation_ALTERED_DENOISED.mp4,83
1780175966,,,/home/btw/uni/cs211/notALTERED/L16_Ch_10_Heap_Sort_Part_3_clean.mp4,80
1780179617,,,/home/btw/uni/cs211/notALTERED/L16_Ch_10_Heap_Sort_Part_3_clean.mp4,80
1780179854,,,/home/btw/uni/cs211/L16_Ch_10_Heap_Sort_Part_3_clean_ALTERED.mp4,77
1780179872,,,/home/btw/uni/cs211/L16_Ch_10_Heap_Sort_Part_3_ALTERED_DENOISED.mp4,80
1780182857,,,/home/btw/uni/cs211/L6-Ch_8_Radix_Sort_Part_1_ALTERED_DENOISED.mp4,79
1780187805,,,/home/btw/test/telegram-download-chat/attachments/videos/L01_Ch_6_Divide-and-Conquer_Algorithm_(Merge Sort).mp4,124
1780188459,,,/home/btw/uni/cs211/L01_Ch_6_Divide-and-Conquer_Algorithm_(Merge Sort).mp4,87
1780188473,,,/home/btw/uni/cs211/L07_Ch_8_Radix_Sort_Part_1.mp4,63
1780192648,,,/home/btw/test/telegram-download-chat/.tmp_120_34 relations حل كويز.mp4/120_34 relations حل كويز.wav,125
1780193006,,,/home/btw/test/telegram-download-chat/attachments/videos/denoised/48_19 Hw proposition_DENOISED.mp4,112
1780194417,,,/home/btw/test/telegram-download-chat/attachments/videos/denoised/56_27 HW induction_ALTERED.mp4,109
1780194424,,,/home/btw/test/telegram-download-chat/attachments/videos/denoised/56_27 HW induction_DENOISED.mp4,110
1780194437,,,/home/btw/test/telegram-download-chat/attachments/videos/denoised/56_27 HW induction_ALTERED.mp4,109
1780194773,,,/home/btw/test/telegram-download-chat/attachments/videos/denoised/56_27 HW induction_DENOISED_ALTERED.mp4,118
1780196802,,,/home/btw/uni/cs211/L07_Ch_8_Radix_Sort_Part_1.mp4,63
1780197154,,,/home/btw/uni/cs211/L08_Ch_8_Radix_Sort_Part_2.mp4,63
1780198280,,,/home/btw/uni/cs211/L09_Ch_8_Radix_Sort_Part_3.mp4,63
1780200304,,,/home/btw/uni/math212/L37_37_الميد_السابع.mp4,69
1780200408,,,/home/btw/uni/math212/L38_1_after_mid_Sets.mp4,59
1780200643,,,/home/btw/uni/cs211/L09_Ch_8_Radix_Sort_Part_3.mp4,63
1780200822,,,/home/btw/uni/cs211/L10_Ch_8_Exercises_Explanation.mp4,67
1780202609,,,/home/btw/uni/cs211/L11_Ch_9_Linear_Search_(Sequential Search)_Part_1.mp4,86
1780202964,,,/home/btw/test/telegram-download-chat/attachments/videos/denoised/L15_ch4_thevenin_DENOISED_ALTERED.mp4,116
1780233912,,,/home/btw/test/telegram-download-chat/attachments/videos/denoised/L19_Ch_( 7 )_DENOISED_ALTERED.mp4,112
1780241063,,,/home/btw/test/telegram-download-chat/attachments/videos/final/L10_mid_451_DENOISED_ALTERED.mp4,108
1780243855,,,/home/btw/test/telegram-download-chat/attachments/videos/final/L19_Ch_( 7 )_DENOISED_ALTERED.mp4,109
1780244452,,,/home/btw/test/telegram-download-chat/attachments/videos/final/L19_Ch_( 7 )_DENOISED_ALTERED.mp4,109
1780249746,,,/home/btw/test/telegram-download-chat/attachments/videos/final/L20-Final_462_DENOISED_ALTERED.mp4,110
1780249758,,,/home/btw/uni/coe211/Final_462_ALTERED.mp4,55
1780250946,,,/home/btw/test/telegram-download-chat/attachments/videos/mid/L10_mid_451.mp4,89
1780252932,,,/home/btw/test/telegram-download-chat/attachments/videos/final/L10_mid_451_SILENCE.mp4,99
1780253093,,,/home/btw/test/telegram-download-chat/attachments/videos/final/L10_mid_451_DENOISED_ALTERED.mp4,108
1780257869,,,/home/btw/test/telegram-download-chat/attachments/videos/final/L10_mid_451_DENOISED_ALTERED.mp4,108
1780257877,,,/home/btw/test/telegram-download-chat/attachments/videos/final/L10_mid_451_DENOISED_ALTERED.mp4,108
1780257891,,,/home/btw/test/telegram-download-chat/attachments/videos/final/L10_mid_451_DENOISED_ALTERED.mp4,108
1780258198,,,/tmp/jump_qruj6_5n/audio_clean.wav,47
1780258207,,,/tmp/jump_qruj6_5n/audio_raw.wav,45
1780258488,,,/tmp/jump_50rwljfo/audio_clean.wav,47
1780258585,,,/tmp/jump_qs4kj2fh/audio_clean.wav,47
1780258808,,,/tmp/jump_5ks1_vi1/audio_clean.wav,47
1780258855,,,/home/btw/test/telegram-download-chat/attachments/videos/final/L10_mid_451_DENOISED_ALTERED.mp4,108
1780259154,,,/tmp/jump_5bhye1c8/audio_clean.wav,47
1780259191,,,/home/btw/test/telegram-download-chat/attachments/videos/final/L10_mid_451_DENOISED_ALTERED.mp4,108
1780259242,,,/tmp/jump_tnqxvve7/audio_clean.wav,47
1780259270,,,/tmp/jump_tnqxvve7/audio_clean.wav,47
1780259314,,,/home/btw/test/telegram-download-chat/attachments/videos/final/L10_mid_451_DENOISED_ALTERED.mp4,108
1780259321,,,/home/btw/test/telegram-download-chat/attachments/videos/final/L10_mid_451_DENOISED_ALTERED.mp4,108
1780261184,,,/home/btw/test/telegram-download-chat/attachments/videos/final/L10_mid_451_DENOISED_ALTERED.mp4,108
1780261573,,,/home/btw/test/telegram-download-chat/attachments/videos/final/L10_mid_451_DENOISED_ALTERED.mp4,108
1780262106,,,/home/btw/test/telegram-download-chat/attachments/videos/final/L10_mid_451_SILENCE.mp4,99
1780262146,,,/home/btw/test/telegram-download-chat/attachments/videos/final/L10_mid_451_DENOISED_ALTERED.mp4,108
1780263778,,,/home/btw/test/telegram-download-chat/attachments/videos/final/L19_Ch_(7)_DENOISED_ALTERED.mp4,107
1780264228,,,/home/btw/test/telegram-download-chat/attachments/videos/final/L10_mid_451_DENOISED_ALTERED.mp4,108
1780264616,,,/home/btw/test/telegram-download-chat/attachments/videos/final/L19_Ch_(7)_DENOISED_ALTERED.mp4,107
1780265616,,,/home/btw/test/telegram-download-chat/attachments/videos/final/L01_CH_1_DENOISED_ALTERED.mp4,105
1780266432,,,/home/btw/uni/cs211/L12_Ch_9_Binary_Search_Part_2.mp4,66
1780267947,,,/home/btw/test/telegram-download-chat/attachments/videos/final/L09_ch4_nodel_plus_mesh_DENOISED_ALTERED.mp4,120
1780270591,,,/home/btw/test/telegram-download-chat/attachments/videos/final/L05_LAB_(2)_DENOISED_ALTERED.mp4,108
1780270847,,,/home/btw/test/telegram-download-chat/attachments/videos/final/L05_مثال_مُهم_جدًا_من_فاينل_الترم_الماضي_للي_مايفرقون_متى_نسوي_Swap_DENOISED_ALTERED.mp4,212
1780272269,,,/home/btw/test/telegram-download-chat/attachments/videos/final/L05_مثال_مُهم_جدًا_من_فاينل_الترم_الماضي_للي_مايفرقون_متى_نسوي_Swap_DENOISED_ALTERED.mp4,212
1780272707,,,/home/btw/test/telegram-download-chat/attachments/videos/final/L05_مثال_مُهم_جدًا_من_فاينل_الترم_الماضي_للي_مايفرقون_متى_نسوي_Swap_DENOISED_ALTERED.mp4,212
1780273077,,,/home/btw/test/telegram-download-chat/attachments/videos/final/L05_مثال_مُهم_جدًا_من_فاينل_الترم_الماضي_للي_مايفرقون_متى_نسوي_Swap_DENOISED_ALTERED.mp4,212
1780273282,,,/home/btw/test/telegram-download-chat/attachments/videos/final/L05_مثال_مُهم_جدًا_من_فاينل_الترم_الماضي_للي_مايفرقون_متى_نسوي_Swap_DENOISED_ALTERED.mp4,212
1780273504,,,/home/btw/test/telegram-download-chat/attachments/videos/final/L05_مثال_مُهم_جدًا_من_فاينل_الترم_الماضي_للي_مايفرقون_متى_نسوي_Swap_DENOISED_ALTERED.mp4,212
1780273543,,,/home/btw/uni/cs211/L05_Swap.mp4,45
1780273902,,,/home/btw/test/telegram-download-chat/attachments/videos/final/L05_مثال_مُهم_جدًا_من_فاينل_الترم_الماضي_للي_مايفرقون_متى_نسوي_Swap_DENOISED_ALTERED.mp4,212
1780273974,,,/home/btw/uni/cs211/L05_Swap.mp4,45
1780274690,,,/home/btw/test/telegram-download-chat/attachments/videos/final/L05_مثال_مُهم_جدًا_من_فاينل_الترم_الماضي_للي_مايفرقون_متى_نسوي_Swap_DENOISED_ALTERED.mp4,212
1780274704,,,/home/btw/test/telegram-download-chat/attachments/videos/final/L05_مثال_مُهم_جدًا_من_فاينل_الترم_الماضي_للي_مايفرقون_متى_نسوي_Swap_DENOISED_ALTERED.mp4,212
1780274710,,,/home/btw/test/telegram-download-chat/attachments/videos/final/L05_مثال_مُهم_جدًا_من_فاينل_الترم_الماضي_للي_مايفرقون_متى_نسوي_Swap_DENOISED_ALTERED.mp4,212
1780274719,,,/home/btw/test/telegram-download-chat/attachments/videos/final/L05_مثال_مُهم_جدًا_من_فاينل_الترم_الماضي_للي_مايفرقون_متى_نسوي_Swap_DENOISED_ALTERED.mp4,212
1780274735,,,/home/btw/test/telegram-download-chat/attachments/videos/final/L05_مثال_مُهم_جدًا_من_فاينل_الترم_الماضي_للي_مايفرقون_متى_نسوي_Swap_DENOISED_ALTERED.mp4,212
1780275042,,,/home/btw/test/telegram-download-chat/attachments/videos/final/L05_مثال_مُهم_جدًا_من_فاينل_الترم_الماضي_للي_مايفرقون_متى_نسوي_Swap_DENOISED_ALTERED.mp4,212
1780275251,,,/home/btw/test/telegram-download-chat/attachments/videos/final/L05_مثال_مُهم_جدًا_من_فاينل_الترم_الماضي_للي_مايفرقون_متى_نسوي_Swap_DENOISED_ALTERED.mp4,212
1780275311,,,/home/btw/test/telegram-download-chat/cs211/attachments/videos/renamed/L05_مثال_مُهم_جدًا_من_فاينل_الترم_الماضي_للي_مايفرقون_متى_نسوي_Swap_ALTERED.mp4,211
1780276640,,,/home/btw/uni/cs211/L02_Ch._6_Merge_Sort_Algorithm_Explanation.mp4,79
1780276668,,,/home/btw/test/telegram-download-chat/attachments/videos/final/L01_Ch_6_Divide-and-Conquer_Algorithm_(MergeSort)_DENOISED_ALTERED.mp4,146
1780277126,,,/home/btw/test/telegram-download-chat/attachments/videos/final/L02_Ch._6_Merge_Sort_Algorithm_Explanation_DENOISED_ALTERED.mp4,139
1780277431,,,/home/btw/test/telegram-download-chat/attachments/videos/final/L02_Ch._6_Merge_Sort_Algorithm_Explanation_DENOISED_ALTERED.mp4,139
1780277683,,,/home/btw/test/telegram-download-chat/attachments/videos/final/L02_Ch._6_Merge_Sort_Algorithm_Explanation_DENOISED_ALTERED.mp4,139
1780278200,,,/home/btw/test/telegram-download-chat/attachments/videos/final/L02_Ch._6_Merge_Sort_Algorithm_Explanation_DENOISED_ALTERED.mp4,139
1780278366,,,/home/btw/uni/cs211/L02_Ch._6_Merge_Sort_Algorithm_Explanation.mp4,79
1780278481,,,/home/btw/test/telegram-download-chat/attachments/videos/final/L22_Ch_11_Binary_Search_Tree_(BST)_Part_4_DENOISED_ALTERED.mp4,138
1780278503,,,/home/btw/test/telegram-download-chat/attachments/videos/final/L22_Ch_11_Binary_Search_Tree_(BST)_Part_4_DENOISED_ALTERED.mp4,138
1780278633,,,/home/btw/test/telegram-download-chat/attachments/videos/final/L22_Ch_11_Binary_Search_Tree_(BST)_Part_4_DENOISED_ALTERED.mp4,138
1780278643,,,/home/btw/test/telegram-download-chat/attachments/videos/final/L02_Ch._6_Merge_Sort_Algorithm_Explanation_DENOISED_ALTERED.mp4,139
1780278762,,,/home/btw/test/telegram-download-chat/attachments/videos/final/L02_Ch._6_Merge_Sort_Algorithm_Explanation_DENOISED_ALTERED.mp4,139
1780278827,,,/home/btw/test/telegram-download-chat/attachments/videos/final/L02_Ch._6_Merge_Sort_Algorithm_Explanation_DENOISED_ALTERED.mp4,139
1780279178,,,/home/btw/test/telegram-download-chat/attachments/videos/final/L02_Ch._6_Merge_Sort_Algorithm_Explanation_DENOISED_ALTERED.mp4,139
1780280063,,,/home/btw/test/telegram-download-chat/attachments/videos/final/L02_Ch._6_Merge_Sort_Algorithm_Explanation_DENOISED_ALTERED.mp4,139
1780280103,,,/home/btw/test/telegram-download-chat/cs211/attachments/videos/renamed/L02_Ch._6_Merge_Sort_Algorithm_Explanation.mp4,130
1780280263,,,/home/btw/test/telegram-download-chat/attachments/videos/final/L02_Ch._6_Merge_Sort_Algorithm_Explanation_DENOISED_ALTERED.mp4,139
1780280353,,,/home/btw/test/telegram-download-chat/attachments/videos/final/L02_Ch._6_Merge_Sort_Algorithm_Explanation_DENOISED_ALTERED.mp4,139
1780280465,,,/home/btw/test/telegram-download-chat/attachments/videos/final/L02_Ch._6_Merge_Sort_Algorithm_Explanation_DENOISED_ALTERED.mp4,139
1780280617,,,/home/btw/test/telegram-download-chat/attachments/videos/final/L02_Ch._6_Merge_Sort_Algorithm_Explanation_DENOISED_ALTERED.mp4,139
1780280821,,,/home/btw/test/telegram-download-chat/attachments/videos/final/L02_Ch._6_Merge_Sort_Algorithm_Explanation_DENOISED_ALTERED.mp4,139
1780280958,,,/home/btw/test/telegram-download-chat/attachments/videos/final/L02_Ch._6_Merge_Sort_Algorithm_Explanation_DENOISED_ALTERED.mp4,139
1780281245,,,/home/btw/test/telegram-download-chat/attachments/videos/final/L02_Ch._6_Merge_Sort_Algorithm_Explanation_DENOISED_ALTERED.mp4,139
1780281396,,,/home/btw/test/telegram-download-chat/attachments/videos/final/L02_Ch._6_Merge_Sort_Algorithm_Explanation_DENOISED_ALTERED.mp4,139
1780281546,,,/home/btw/test/telegram-download-chat/attachments/videos/final/L02_Ch._6_Merge_Sort_Algorithm_Explanation_DENOISED_ALTERED.mp4,139
1780281708,,,/home/btw/test/telegram-download-chat/attachments/videos/final/L02_Ch._6_Merge_Sort_Algorithm_Explanation_DENOISED_ALTERED.mp4,139
1780281844,,,/home/btw/test/telegram-download-chat/attachments/videos/final/L02_Ch._6_Merge_Sort_Algorithm_Explanation_DENOISED_ALTERED.mp4,139
1780282452,,,/home/btw/test/telegram-download-chat/attachments/videos/final/L01_Ch_6_Divide-and-Conquer_Algorithm_(MergeSort)_DENOISED_ALTERED.mp4,146
1780282635,,,/home/btw/test/telegram-download-chat/cs211/attachments/videos/renamed/L02_Ch._6_Merge_Sort_Algorithm_Explanation_ALTERED.mp4,138
1780284585,,,/home/btw/test/telegram-download-chat/cs211/attachments/videos/renamed/L06_Ch_7_Exercises_Explanation_ALTERED.mkv,126
1780284728,,,/home/btw/test/telegram-download-chat/cs211/attachments/videos/renamed/L06_Ch_7_Exercises_Explanation_ALTERED.mkv,126
1780284851,,,/home/btw/test/telegram-download-chat/attachments/videos/final/L06_Ch_7_Exercises_Explanation_DENOISED_ALTERED.mkv,127
1780284921,,,/home/btw/test/telegram-download-chat/attachments/videos/final/L06_Ch_7_Exercises_Explanation_DENOISED.mp4,119
1780284980,,,/home/btw/test/telegram-download-chat/attachments/videos/final/L06_Ch_7_Exercises_Explanation_DENOISED_ALTERED.mkv,127
1780284987,,,/home/btw/test/telegram-download-chat/attachments/videos/final/L06_Ch_7_Exercises_Explanation_DENOISED.mp4,119
1780285159,,,/home/btw/test/telegram-download-chat/attachments/videos/final/L06_Ch_7_Exercises_Explanation_DENOISED_ALTERED.mkv,127
1780285307,,,/home/btw/test/telegram-download-chat/attachments/videos/final/L06_Ch_7_Exercises_Explanation_DENOISED_ALTERED.mkv,127
1780285692,,,/home/btw/test/telegram-download-chat/attachments/videos/final/L02_Ch._6_Merge_Sort_Algorithm_Explanation_DENOISED_ALTERED.mkv,139
1780286182,,,/home/btw/test/telegram-download-chat/attachments/videos/final/L02_Ch._6_Merge_Sort_Algorithm_Explanation_DENOISED_ALTERED.mkv,139
1780286366,,,/home/btw/test/telegram-download-chat/attachments/videos/final/L02_Ch._6_Merge_Sort_Algorithm_Explanation_DENOISED_ALTERED.mkv,139
1780286489,,,/home/btw/test/telegram-download-chat/attachments/videos/final/L02_Ch._6_Merge_Sort_Algorithm_Explanation_DENOISED_ALTERED.mkv,139
1780288078,,,/home/btw/test/telegram-download-chat/cs211/L01_Ch_6_Divide-and-Conquer_Algorithm_(MergeSort)_DENOISED_ALTERED.mkv,127
1780288088,,,/home/btw/test/telegram-download-chat/cs211/L12_Ch_9_Binary_Search_Part_2_DENOISED_ALTERED.mkv,107
1780288254,,,/home/btw/test/telegram-download-chat/cs211/L12_Ch_9_Binary_Search_Part_2_DENOISED_ALTERED.mkv,107
1780288849,,,/home/btw/test/telegram-download-chat/attachments/videos/final/L12_Ch_9_Binary_Search_Part_2_DENOISED_ALTERED.mkv,126
1780288890,,,/home/btw/test/telegram-download-chat/cs211/L12_Ch_9_Binary_Search_Part_2_DENOISED_ALTERED.mkv,107
1780288959,,,/home/btw/test/telegram-download-chat/cs211/L12_Ch_9_Binary_Search_Part_2_DENOISED_ALTERED.mkv,107
1780289151,,,/home/btw/test/telegram-download-chat/attachments/videos/final/L12_Ch_9_Binary_Search_Part_2_DENOISED.mp4,118
1780289474,,,/home/btw/test/telegram-download-chat/attachments/videos/final/L12_Ch_9_Binary_Search_Part_2_DENOISED_ALTERED.mkv,126
1780289628,,,/home/btw/test/telegram-download-chat/attachments/videos/final/L12_Ch_9_Binary_Search_Part_2_DENOISED_ALTERED.mkv,126
1780290924,,,/home/btw/test/telegram-download-chat/attachments/videos/final/L12_Ch_9_Binary_Search_Part_2_DENOISED_ALTERED.mp4,126
1780290930,,,/home/btw/test/telegram-download-chat/attachments/videos/final/L12_Ch_9_Binary_Search_Part_2_DENOISED_ALTERED.mp4,126
1780291088,,,/home/btw/test/telegram-download-chat/attachments/videos/final/L12_Ch_9_Binary_Search_Part_2_DENOISED_ALTERED.mp4,126
1780291185,,,/home/btw/test/telegram-download-chat/attachments/videos/final/L12_Ch_9_Binary_Search_Part_2_DENOISED_ALTERED.mp4,126
1780291317,,,/home/btw/test/telegram-download-chat/attachments/videos/final/L12_Ch_9_Binary_Search_Part_2_DENOISED_ALTERED.mp4,126
1780291847,,,/home/btw/test/telegram-download-chat/auto-editor/L12_Ch_9_Binary_Search_Part_2_DENOISED_ALTERED.mp4,113
1780291939,,,/home/btw/test/telegram-download-chat/auto-editor/L12_Ch_9_Binary_Search_Part_2_DENOISED_ALTERED.mp4,113
1780292725,,,/home/btw/uni/cs211/L12_Ch_9_Binary_Search_Part_2.mp4,66
1780329557,,,/home/btw/test/telegram-download-chat/cs211-old/attachments/videos/L06_Ch_7_Exercises_Explanation_ALTERED.mkv,122
1780329626,,,/home/btw/test/telegram-download-chat/cs211-old/attachments/videos/L06_Ch_7_Exercises_Explanation_ALTERED.mkv,122
1780331873,,,/home/btw/test/telegram-download-chat/cs211-old/attachments/videos/L06_Ch_7_Exercises_Explanation_ALTERED.mkv,122
1780332100,,,/home/btw/test/telegram-download-chat/cs211-old/attachments/videos/L06_Ch_7_Exercises_Explanation_ALTERED.mkv,122
1780332113,,,/home/btw/test/telegram-download-chat/cs211-old/attachments/videos/L14_Ch_9_Binary_Search_plus_Practice_for_all_chapter_ALTERED.mkv,144
1780332120,,,/home/btw/test/telegram-download-chat/cs211-old/attachments/videos/L13_Ch_9_Binary_Search_Algorithm_ALTERED.mkv,124
1780332129,,,/home/btw/test/telegram-download-chat/cs211-old/attachments/videos/L12_Ch_9_Binary_Search_Part_2_ALTERED.mkv,121
1780334080,,,/home/btw/test/telegram-download-chat/cs211-old/attachments/videos/L06_Ch_7_Exercises_Explanation_ALTERED.mkv,122
1780334551,,,/home/btw/test/telegram-download-chat/cs211-old/attachments/videos/L06_Ch_7_Exercises_Explanation_ALTERED.mkv,122
1780334974,,,/home/btw/test/telegram-download-chat/cs211-old/attachments/videos/L02_Ch._6_Merge_Sort_Algorithm_Explanation_ALTERED.mkv,134
1780335244,,,/home/btw/test/telegram-download-chat/cs211-old/attachments/videos/L06_Ch_7_Exercises_Explanation_ALTERED.mkv,122
1780335470,,,/home/btw/test/telegram-download-chat/cs211-old/attachments/videos/L06_Ch_7_Exercises_Explanation_ALTERED.mkv,122
1780335662,,,/home/btw/test/telegram-download-chat/cs211-old/attachments/videos/L06_Ch_7_Exercises_Explanation_ALTERED.mkv,122
1780335845,,,/home/btw/test/telegram-download-chat/cs211-old/attachments/videos/L06_Ch_7_Exercises_Explanation_ALTERED.mkv,122
1780336161,,,/home/btw/test/telegram-download-chat/cs211-old/attachments/videos/L06_Ch_7_Exercises_Explanation_ALTERED.mkv,122
1780336186,,,/home/btw/test/telegram-download-chat/cs211-old/attachments/videos/before/L06_Ch_7_Exercises_Explanation_ALTERED.mkv,129
1780336389,,,/home/btw/test/telegram-download-chat/cs211-old/attachments/videos/L06_Ch_7_Exercises_Explanation_ALTERED.mkv,122
1780339331,,,/home/btw/test/telegram-download-chat/cs211-old/attachments/videos/L02_Ch._6_Merge_Sort_Algorithm_Explanation_ALTERED.mkv,134
1780340942,,,/home/btw/test/telegram-download-chat/cs211-old/attachments/videos/L11_Ch_9_Linear_Search_(SequentialSearch)_Part_1_ALTERED.mkv,140
1780340965,,,/home/btw/test/telegram-download-chat/cs211-old/attachments/videos/L12_Ch_9_Binary_Search_Part_2_ALTERED.mkv,121
1780341282,,,/home/btw/test/telegram-download-chat/cs211-old/attachments/videos/L06_Ch_7_Exercises_Explanation_ALTERED.mkv,122
1780341295,,,/home/btw/test/telegram-download-chat/cs211-old/attachments/videos/L06_Ch_7_Exercises_Explanation_ALTERED.mkv,122
1780341298,,,/home/btw/test/telegram-download-chat/cs211-old/attachments/videos/L12_Ch_9_Binary_Search_Part_2_ALTERED.mkv,121
1780341696,,,/home/btw/test/telegram-download-chat/cs211-old/attachments/videos/L12_Ch_9_Binary_Search_Part_2_ALTERED.mkv,121
1780341714,,,/home/btw/test/telegram-download-chat/cs211-old/attachments/videos/before/L12_Ch_9_Binary_Search_Part_2_ALTERED.mkv,128
1780342378,,,/home/btw/test/telegram-download-chat/jumpcutter/test_results/L12_Ch_9_Binary_Search_Part_2/mode_1.mkv,115
1780342386,,,/home/btw/test/telegram-download-chat/jumpcutter/test_results/L12_Ch_9_Binary_Search_Part_2/mode_2.mkv,115
1780342407,,,/home/btw/test/telegram-download-chat/jumpcutter/test_results/L12_Ch_9_Binary_Search_Part_2/mode_3.mkv,115
1780342420,,,/home/btw/test/telegram-download-chat/jumpcutter/test_results/L12_Ch_9_Binary_Search_Part_2/mode_4.mkv,115
1780342420,,,/home/btw/test/telegram-download-chat/jumpcutter/test_results/L12_Ch_9_Binary_Search_Part_2/mode_5.mkv,115
1780342426,,,/home/btw/test/telegram-download-chat/jumpcutter/test_results/L12_Ch_9_Binary_Search_Part_2/mode_6.mkv,115
1780342431,,,/home/btw/test/telegram-download-chat/jumpcutter/test_results/L12_Ch_9_Binary_Search_Part_2/mode_7.mkv,115
1780342554,,,/home/btw/test/telegram-download-chat/jumpcutter/test_results/L12_Ch_9_Binary_Search_Part_2/mode_01.mkv,116
1780342558,,,/home/btw/test/telegram-download-chat/jumpcutter/test_results/L12_Ch_9_Binary_Search_Part_2/mode_02.mkv,116
1780342565,,,/home/btw/test/telegram-download-chat/jumpcutter/test_results/L12_Ch_9_Binary_Search_Part_2/mode_03.mkv,116
1780342567,,,/home/btw/test/telegram-download-chat/jumpcutter/test_results/L12_Ch_9_Binary_Search_Part_2/mode_04.mkv,116
1780342569,,,/home/btw/test/telegram-download-chat/jumpcutter/test_results/L12_Ch_9_Binary_Search_Part_2/mode_05.mkv,116
1780342570,,,/home/btw/test/telegram-download-chat/jumpcutter/test_results/L12_Ch_9_Binary_Search_Part_2/mode_06.mkv,116
1780342572,,,/home/btw/test/telegram-download-chat/jumpcutter/test_results/L12_Ch_9_Binary_Search_Part_2/mode_07.mkv,116
1780342574,,,/home/btw/test/telegram-download-chat/jumpcutter/test_results/L12_Ch_9_Binary_Search_Part_2/mode_08.mkv,116
1780342575,,,/home/btw/test/telegram-download-chat/jumpcutter/test_results/L12_Ch_9_Binary_Search_Part_2/mode_09.mkv,116
1780342576,,,/home/btw/test/telegram-download-chat/jumpcutter/test_results/L12_Ch_9_Binary_Search_Part_2/mode_10.mkv,116
1780342579,,,/home/btw/test/telegram-download-chat/jumpcutter/test_results/L12_Ch_9_Binary_Search_Part_2/mode_11.mkv,116
1780342582,,,/home/btw/test/telegram-download-chat/jumpcutter/test_results/L12_Ch_9_Binary_Search_Part_2/mode_12.mkv,116
1780343368,,,/home/btw/test/telegram-download-chat/jumpcutter/test_results/L12_Ch_9_Binary_Search_Part_2/mode_12.mkv,116
1780343377,,,/home/btw/test/telegram-download-chat/jumpcutter/test_results/L12_Ch_9_Binary_Search_Part_2/mode_01.mkv,116
1780343407,,,/home/btw/test/telegram-download-chat/jumpcutter/test_results/L12_Ch_9_Binary_Search_Part_2/mode_02.mkv,116
1780343762,,,/home/btw/test/telegram-download-chat/jumpcutter/test_results/L12_Ch_9_Binary_Search_Part_2/mode_02.mkv,116
1780343762,,,/home/btw/test/telegram-download-chat/jumpcutter/test_results/L12_Ch_9_Binary_Search_Part_2/mode_01.mkv,116
1780343795,,,/home/btw/test/telegram-download-chat/jumpcutter/test_results/L12_Ch_9_Binary_Search_Part_2/mode_02.mkv,116
1780343796,,,/home/btw/test/telegram-download-chat/jumpcutter/test_results/L12_Ch_9_Binary_Search_Part_2/mode_03.mkv,116
1780343797,,,/home/btw/test/telegram-download-chat/jumpcutter/test_results/L12_Ch_9_Binary_Search_Part_2/mode_04.mkv,116
1780343800,,,/home/btw/test/telegram-download-chat/jumpcutter/test_results/L12_Ch_9_Binary_Search_Part_2/mode_03.mkv,116
1780343801,,,/home/btw/test/telegram-download-chat/jumpcutter/test_results/L12_Ch_9_Binary_Search_Part_2/mode_02.mkv,116
1780343803,,,/home/btw/test/telegram-download-chat/jumpcutter/test_results/L12_Ch_9_Binary_Search_Part_2/mode_03.mkv,116
1780343805,,,/home/btw/test/telegram-download-chat/jumpcutter/test_results/L12_Ch_9_Binary_Search_Part_2/mode_02.mkv,116
1780343805,,,/home/btw/test/telegram-download-chat/jumpcutter/test_results/L12_Ch_9_Binary_Search_Part_2/mode_03.mkv,116
1780343847,,,/home/btw/test/telegram-download-chat/jumpcutter/test_results/L12_Ch_9_Binary_Search_Part_2/mode_04.mkv,116
1780343848,,,/home/btw/test/telegram-download-chat/jumpcutter/test_results/L12_Ch_9_Binary_Search_Part_2/mode_03.mkv,116
1780343849,,,/home/btw/test/telegram-download-chat/jumpcutter/test_results/L12_Ch_9_Binary_Search_Part_2/mode_04.mkv,116
1780343850,,,/home/btw/test/telegram-download-chat/jumpcutter/test_results/L12_Ch_9_Binary_Search_Part_2/mode_05.mkv,116
1780343851,,,/home/btw/test/telegram-download-chat/jumpcutter/test_results/L12_Ch_9_Binary_Search_Part_2/mode_04.mkv,116
1780344079,,,/home/btw/test/telegram-download-chat/cs211-old/attachments/videos/L12_Ch_9_Binary_Search_Part_2_ALTERED.mkv,121
1780344156,,,/home/btw/test/telegram-download-chat/jumpcutter/test_results/L12_Ch_9_Binary_Search_Part_2/mode_04.mkv,116
1780344159,,,/home/btw/test/telegram-download-chat/jumpcutter/test_results/L12_Ch_9_Binary_Search_Part_2/mode_05.mkv,116
1780344220,,,/home/btw/test/telegram-download-chat/jumpcutter/test_results/L12_Ch_9_Binary_Search_Part_2/mode_06.mkv,116
1780344224,,,/home/btw/test/telegram-download-chat/jumpcutter/test_results/L12_Ch_9_Binary_Search_Part_2/mode_07.mkv,116
1780344638,,,/home/btw/test/telegram-download-chat/cs211-old/attachments/videos/L12_Ch_9_Binary_Search_Part_2_ALTERED.mkv,121
1780344830,,,/home/btw/test/telegram-download-chat/cs211-old/attachments/videos/before/L12_Ch_9_Binary_Search_Part_2_ALTERED.mkv,128
1780344865,,,/home/btw/test/telegram-download-chat/cs211-old/attachments/videos/L12_Ch_9_Binary_Search_Part_2_ALTERED.mkv,121
1780344941,,,/home/btw/test/telegram-download-chat/cs211-old/attachments/videos/before/L06_Ch_7_Exercises_Explanation_ALTERED.mkv,129
1780344947,,,/home/btw/test/telegram-download-chat/cs211-old/attachments/videos/before/L12_Ch_9_Binary_Search_Part_2_ALTERED.mkv,128
1780345005,,,/home/btw/test/telegram-download-chat/cs211-old/attachments/videos/L12_Ch_9_Binary_Search_Part_2_ALTERED.mkv,121
1780345086,,,/home/btw/test/telegram-download-chat/cs211-old/attachments/videos/before/L12_Ch_9_Binary_Search_Part_2_ALTERED.mkv,128
1780345596,,,/home/btw/test/telegram-download-chat/cs211-old/attachments/videos/L12_Ch_9_Binary_Search_Part_2_ALTERED.mkv,121
1780346768,,,/home/btw/test/telegram-download-chat/cs211-old/attachments/videos/L12_Ch_9_Binary_Search_Part_2_ALTERED.mkv,121
1780349062,,,/home/btw/test/telegram-download-chat/cs211-old/attachments/videos/L12_Ch_9_Binary_Search_Part_2_ALTERED.mkv,121
1780349306,,,/home/btw/test/telegram-download-chat/jumpcutter/test_results_v2/L12_Ch_9_Binary_Search_Part_2/mode_01.mkv,119
1780349338,,,/home/btw/test/telegram-download-chat/jumpcutter/test_results_v2/L12_Ch_9_Binary_Search_Part_2/mode_01.mkv,119
1780349367,,,/home/btw/test/telegram-download-chat/jumpcutter/test_results_v2/L12_Ch_9_Binary_Search_Part_2/mode_01.mkv,119
1780349898,,,/home/btw/test/telegram-download-chat/jumpcutter/test_results_v2/L12_Ch_9_Binary_Search_Part_2/mode_01.mkv,119
1780349908,,,/home/btw/test/telegram-download-chat/jumpcutter/test_results_v2/L12_Ch_9_Binary_Search_Part_2/mode_02.mkv,119
1780349911,,,/home/btw/test/telegram-download-chat/jumpcutter/test_results_v2/L12_Ch_9_Binary_Search_Part_2/mode_03.mkv,119
1780349912,,,/home/btw/test/telegram-download-chat/jumpcutter/test_results_v2/L12_Ch_9_Binary_Search_Part_2/mode_04.mkv,119
1780349914,,,/home/btw/test/telegram-download-chat/jumpcutter/test_results_v2/L12_Ch_9_Binary_Search_Part_2/mode_05.mkv,119
1780349915,,,/home/btw/test/telegram-download-chat/jumpcutter/test_results_v2/L12_Ch_9_Binary_Search_Part_2/mode_06.mkv,119
1780349917,,,/home/btw/test/telegram-download-chat/jumpcutter/test_results_v2/L12_Ch_9_Binary_Search_Part_2/mode_07.mkv,119
1780349919,,,/home/btw/test/telegram-download-chat/jumpcutter/test_results_v2/L12_Ch_9_Binary_Search_Part_2/mode_08.mkv,119
1780349920,,,/home/btw/test/telegram-download-chat/jumpcutter/test_results_v2/L12_Ch_9_Binary_Search_Part_2/mode_09.mkv,119
1780349922,,,/home/btw/test/telegram-download-chat/jumpcutter/test_results_v2/L12_Ch_9_Binary_Search_Part_2/mode_10.mkv,119
1780349924,,,/home/btw/test/telegram-download-chat/jumpcutter/test_results_v2/L12_Ch_9_Binary_Search_Part_2/mode_11.mkv,119
1780350186,,,/home/btw/test/telegram-download-chat/jumpcutter/test_results_v2/L12_Ch_9_Binary_Search_Part_2/mode_11.mkv,119
1780350206,,,/home/btw/test/telegram-download-chat/cs211-old/attachments/videos/L12_Ch_9_Binary_Search_Part_2_ALTERED.mkv,121
1780350245,,,/home/btw/test/telegram-download-chat/jumpcutter/jumpcutter_cache/L12_Ch_9_Binary_Search_Part_2_denoised.wav,121
1780350772,,,/home/btw/test/telegram-download-chat/jumpcutter/test_results_v2/L12_Ch_9_Binary_Search_Part_2/mode_11.mkv,119
1780350786,,,/home/btw/test/telegram-download-chat/jumpcutter/test_results_v2/L12_Ch_9_Binary_Search_Part_2/mode_01.mkv,119
1780350800,,,/home/btw/test/telegram-download-chat/jumpcutter/test_results_v2/L12_Ch_9_Binary_Search_Part_2/mode_01.mkv,119
1780350884,,,/home/btw/test/telegram-download-chat/jumpcutter/test_results_v2/L12_Ch_9_Binary_Search_Part_2/mode_01.mkv,119
1780351029,,,/home/btw/test/telegram-download-chat/jumpcutter/test_results_v2/L12_Ch_9_Binary_Search_Part_2/mode_01.mkv,119
1780351336,,,/home/btw/test/telegram-download-chat/cs211-old/attachments/videos/L12_Ch_9_Binary_Search_Part_2_ALTERED.mkv,121
1780351350,,,/home/btw/test/telegram-download-chat/cs211-old/attachments/videos/L12_Ch_9_Binary_Search_Part_2_ALTERED.mkv,121
1780351364,,,/home/btw/test/telegram-download-chat/cs211-old/attachments/videos/L12_Ch_9_Binary_Search_Part_2_ALTERED.mkv,121
1780351751,,,/home/btw/test/telegram-download-chat/cs211-old/attachments/videos/L12_Ch_9_Binary_Search_Part_2_ALTERED.mkv,121
1780351980,,,/home/btw/test/telegram-download-chat/cs211-old/attachments/videos/L12_Ch_9_Binary_Search_Part_2_ALTERED.mkv,121
1780352076,,,/home/btw/test/telegram-download-chat/cs211-old/attachments/videos/L12_Ch_9_Binary_Search_Part_2_ALTERED.mkv,121
1780352545,,,/home/btw/test/telegram-download-chat/cs211-old/attachments/videos/L12_Ch_9_Binary_Search_Part_2_ALTERED.mkv,121
1780352812,,,/home/btw/test/telegram-download-chat/cs211-old/attachments/videos/L12_Ch_9_Binary_Search_Part_2_ALTERED.mkv,121
1780355168,,,/home/btw/test/telegram-download-chat/cs211-old/attachments/videos/L12_Ch_9_Binary_Search_Part_2_ALTERED.mkv,121
1780355434,,,/home/btw/test/telegram-download-chat/cs211-old/attachments/videos/L12_Ch_9_Binary_Search_Part_2_ALTERED.mkv,121
1780355825,,,/home/btw/test/telegram-download-chat/cs211/L12_Ch_9_Binary_Search_Part_2_DENOISED_ALTERED.mkv,107
1780355922,,,/home/btw/test/telegram-download-chat/cs211-old/attachments/videos/before/L12_Ch_9_Binary_Search_Part_2_ALTERED.mkv,128
1780358765,,,/home/btw/test/telegram-download-chat/cs211-old/attachments/videos/L12_Ch_9_Binary_Search_Part_2_ALTERED.mkv,121
1780360861,,,/home/btw/test/telegram-download-chat/cs211-old/attachments/videos/L13_Ch_9_Binary_Search_Algorithm.mp4,116
1780360902,,,/home/btw/test/telegram-download-chat/cs211/L13_Ch_9_Binary_Search_Algorithm_DENOISED_ALTERED.mkv,110
1780361059,,,/home/btw/test/telegram-download-chat/cs211-old/attachments/videos/L13_Ch_9_Binary_Search_Algorithm.mp4,116
1780361072,,,/home/btw/test/telegram-download-chat/cs211-old/attachments/videos/L01_Ch_6_Divide-and-Conquer_Algorithm_(MergeSort)_ALTERED.mkv,141
1780361079,,,/home/btw/test/telegram-download-chat/cs211-old/attachments/videos/L13_Ch_9_Binary_Search_Algorithm_ALTERED.mkv,124
1780361247,,,/home/btw/test/telegram-download-chat/cs211/L12_Ch_9_Binary_Search_Part_2_DENOISED_ALTERED.mkv,107
1780362059,,,/home/btw/test/telegram-download-chat/cs211-old/attachments/videos/L14_Ch_9_Binary_Search_plus_Practice_for_all_chapter_ALTERED.mkv,144
1780363398,,,/home/btw/test/telegram-download-chat/cs211-old/attachments/videos/L15_Ch_10_Heap_Sort_Part_1_ALTERED.mkv,118
1780364747,,,/home/btw/test/telegram-download-chat/cs211-old/attachments/videos/L16_Ch_10_Heap_Sort_Part_2_ALTERED.mkv,118
1780364885,,,/home/btw/uni/cs211/L16_Ch_10_Heap_Sort_Part_2.mp4,63
1780365136,,,/home/btw/uni/cs211/L15_Ch_10_Heap_Sort_Part_1.mp4,63
1780365172,,,/home/btw/uni/cs211/L16_Ch_10_Heap_Sort_Part_2.mp4,63
1780368201,,,/home/btw/uni/math212/L40_3_after_mid_Sets_(function)_ALTERED.mkv,78
1780368237,,,/home/btw/uni/math212/L40_3_after_mid_Sets_(function).mp4,70
1780368327,,,/home/btw/uni/math212/L40_3_after_mid_Sets_(function)_ALTERED.mkv,78
1780369085,,,/home/btw/test/telegram-download-chat/jumpcutter/output_ALTERED.opus,81
1780370287,,,/home/btw/uni/math212/L40_3_after_mid_Sets_(function)_ALTERED.mkv,78
1780371317,,,/home/btw/uni/cs211/L16_Ch_10_Heap_Sort_Part_2.mp4,63
1780371356,,,/home/btw/uni/cs211/L16_Ch_10_Heap_Sort_Part_2.mp4,63
1780371357,,,/home/btw/uni/cs211/L16_Ch_10_Heap_Sort_Part_2.mp4,63
1780371357,,,/home/btw/uni/cs211/L16_Ch_10_Heap_Sort_Part_2.mp4,63
1780371358,,,/home/btw/uni/cs211/L16_Ch_10_Heap_Sort_Part_2.mp4,63
1780371359,,,/home/btw/uni/cs211/L16_Ch_10_Heap_Sort_Part_2.mp4,63
1780371359,,,/home/btw/uni/cs211/L16_Ch_10_Heap_Sort_Part_2.mp4,63
1780371360,,,/home/btw/uni/cs211/L16_Ch_10_Heap_Sort_Part_2.mp4,63
1780371360,,,/home/btw/uni/cs211/L16_Ch_10_Heap_Sort_Part_2.mp4,63
1780371360,,,/home/btw/uni/cs211/L16_Ch_10_Heap_Sort_Part_2.mp4,63
1780371361,,,/home/btw/uni/cs211/L16_Ch_10_Heap_Sort_Part_2.mp4,63
1780371361,,,/home/btw/uni/cs211/L16_Ch_10_Heap_Sort_Part_2.mp4,63
1780371361,,,/home/btw/uni/cs211/L16_Ch_10_Heap_Sort_Part_2.mp4,63
1780371361,,,/home/btw/uni/cs211/L16_Ch_10_Heap_Sort_Part_2.mp4,63
1780371361,,,/home/btw/uni/cs211/L16_Ch_10_Heap_Sort_Part_2.mp4,63
1780371361,,,/home/btw/uni/cs211/L16_Ch_10_Heap_Sort_Part_2.mp4,63
1780371361,,,/home/btw/uni/cs211/L16_Ch_10_Heap_Sort_Part_2.mp4,63
1780371362,,,/home/btw/uni/cs211/L16_Ch_10_Heap_Sort_Part_2.mp4,63
1780371362,,,/home/btw/uni/cs211/L16_Ch_10_Heap_Sort_Part_2.mp4,63
1780371362,,,/home/btw/uni/cs211/L16_Ch_10_Heap_Sort_Part_2.mp4,63
1780371362,,,/home/btw/uni/cs211/L16_Ch_10_Heap_Sort_Part_2.mp4,63
1780371362,,,/home/btw/uni/cs211/L16_Ch_10_Heap_Sort_Part_2.mp4,63
1780371362,,,/home/btw/uni/cs211/L16_Ch_10_Heap_Sort_Part_2.mp4,63
1780371363,,,/home/btw/uni/cs211/L16_Ch_10_Heap_Sort_Part_2.mp4,63
1780371363,,,/home/btw/uni/cs211/L16_Ch_10_Heap_Sort_Part_2.mp4,63
1780371364,,,/home/btw/uni/cs211/L17_Ch_10_Heap_Sort_Part_3.mp4,63
1780371365,,,/home/btw/uni/cs211/L16_Ch_10_Heap_Sort_Part_2.mp4,63
1780371365,,,/home/btw/uni/cs211/L16_Ch_10_Heap_Sort_Part_2.mp4,63
1780371366,,,/home/btw/uni/cs211/L15_Ch_10_Heap_Sort_Part_1.mp4,63
1780371366,,,/home/btw/uni/cs211/L16_Ch_10_Heap_Sort_Part_2.mp4,63
1780371367,,,/home/btw/uni/cs211/L16_Ch_10_Heap_Sort_Part_2.mp4,63
1780371368,,,/home/btw/uni/cs211/L16_Ch_10_Heap_Sort_Part_2.mp4,63
1780371393,,,/home/btw/uni/cs211/L02_Ch._6_Merge_Sort_Algorithm_Explanation.mp4,79
1780371398,,,/home/btw/uni/cs211/L16_Ch_10_Heap_Sort_Part_2.mp4,63
1780371457,,,/home/btw/uni/cs211/L05_Swap.mp4,45
1780371462,,,/home/btw/uni/cs211/L17_Ch_10_Heap_Sort_Part_3.mp4,63
1780376655,,,/home/btw/uni/cs211/L18_Ch_10_Heap_Sort_Part_4.mp4,63
1780378370,,,/home/btw/test/telegram-download-chat/cs211/L12_Ch_9_Binary_Search_Part_2_DENOISED_ALTERED.mkv,107
1780378374,,,/home/btw/test/telegram-download-chat/cs211/L18_Ch_10_Heap_Sort_Part_4_plus_Practice_DENOISED_ALTERED.mkv,118
1780378557,,,/home/btw/test/telegram-download-chat/cs211-old/attachments/videos/L16_Ch_10_Heap_Sort_Part_2_ALTERED.mkv,118
1780378560,,,/home/btw/test/telegram-download-chat/cs211-old/attachments/videos/L18_Ch_10_Heap_Sort_Part_4_plus_Practice_ALTERED.mkv,132
1780378650,,,/home/btw/test/telegram-download-chat/cs211-old/attachments/videos/L13_Ch_9_Binary_Search_Algorithm.mp4,116
1780378655,,,/home/btw/test/telegram-download-chat/cs211-old/attachments/videos/L18_Ch_10_Heap_Sort_Part_4_plus_Practice.mp4,124
1780381378,,,/home/btw/test/telegram-download-chat/cs211-old/attachments/videos/L19_Ch_11_Binary_Search_Tree_(BST)_Part_1_ALTERED.mkv,133
1780386449,,,/home/btw/test/telegram-download-chat/cs211-old/attachments/videos/L20_Ch_11_Binary_Search_Tree_(BST)_Part_2_ALTERED.mkv,133
1780418577,,,/home/btw/test/telegram-download-chat/cs211-old/attachments/videos/L20_Ch_11_Binary_Search_Tree_(BST)_Part_2_ALTERED.mkv,133
1780419109,,,/home/btw/test/telegram-download-chat/cs211-old/attachments/videos/L20_Ch_11_Binary_Search_Tree_(BST)_Part_2_ALTERED.mkv,133
1780423100,,,/home/btw/test/telegram-download-chat/cs211-old/attachments/videos/L20_Ch_11_Binary_Search_Tree_(BST)_Part_2_ALTERED.mkv,133
1780424027,,,/home/btw/test/telegram-download-chat/cs211-old/attachments/videos/L21_Ch_11_Binary_Search_Tree_(BST)_Part_3_ALTERED.mkv,133
1780433332,,,/home/btw/test/telegram-download-chat/jumpcutter/5.10 Binary Search Trees (BST) - Insertion and Deletion ｜ DSA Full Course [cySVml6e_Fc]_ALTERED.mkv,163
1780433751,,,/home/btw/test/telegram-download-chat/jumpcutter/5.10 Binary Search Trees (BST) - Insertion and Deletion ｜ DSA Full Course [cySVml6e_Fc]_ALTERED.mkv,163
1780434151,,,/home/btw/test/telegram-download-chat/jumpcutter/5.10 Binary Search Trees (BST) - Insertion and Deletion ｜ DSA Full Course [cySVml6e_Fc]_ALTERED.mkv,163
1780434208,,,/home/btw/test/telegram-download-chat/jumpcutter/5.10 Binary Search Trees (BST) - Insertion and Deletion ｜ DSA Full Course [cySVml6e_Fc]_ALTERED.mkv,163
1780434281,,,/home/btw/test/telegram-download-chat/jumpcutter/5.10 Binary Search Trees (BST) - Insertion and Deletion ｜ DSA Full Course [cySVml6e_Fc].mp4,155
1780437292,,,/home/btw/test/telegram-download-chat/jumpcutter/5.10 Binary Search Trees (BST) - Insertion and Deletion ｜ DSA Full Course [cySVml6e_Fc]_ALTERED.mkv,163
1780437304,,,/home/btw/test/telegram-download-chat/jumpcutter/output.mp4,72
1780437354,,,/home/btw/test/telegram-download-chat/jumpcutter/5.10 Binary Search Trees (BST) - Insertion and Deletion ｜ DSA Full Course [cySVml6e_Fc]_ALTERED.mkv,163
1780441619,,,/home/btw/test/telegram-download-chat/cs211-old/attachments/videos/L21_Ch_11_Binary_Search_Tree_(BST)_Part_3_ALTERED.mkv,133
1780441829,,,/home/btw/test/telegram-download-chat/cs211-old/attachments/videos/L22_Ch_11_Binary_Search_Tree_(BST)_Part_4_ALTERED.mkv,133
1780443898,,,/home/btw/test/telegram-download-chat/cs211-old/attachments/videos/L23_Practice_Ch_11_ALTERED.mkv,110
1780471378,57,Enter Flow State | Music for Extreme Focus & Productivity,https://music.youtube.com/watch?v=8j-AFTjIWUs,117
1780471414,57,Enter Flow State | Music for Extreme Focus & Productivity,https://music.youtube.com/watch?v=8j-AFTjIWUs,117
1780471422,57,Enter Flow State | Music for Extreme Focus & Productivity,https://music.youtube.com/watch?v=8j-AFTjIWUs,117
1780471431,57,Enter Flow State | Music for Extreme Focus & Productivity,https://music.youtube.com/watch?v=8j-AFTjIWUs,117
1780480830,,,/home/btw/test/telegram-download-chat/cs211-old/attachments/videos/L23_Practice_Ch_11_ALTERED.mkv,110
1780480953,,,/home/btw/test/telegram-download-chat/cs211-old/attachments/videos/L23_Practice_Ch_11_ALTERED.mkv,110
1780480971,,,/home/btw/test/telegram-download-chat/cs211-old/attachments/videos/L23_Practice_Ch_11_ALTERED.mkv,110
1780506493,,,/home/btw/Downloads/IMG_7739_ALTERED.mkv,53
1780507260,,,/home/btw/Downloads/IMG_7739_ALTERED.mkv,53
1780513241,,,/home/btw/test/telegram-download-chat/cs211-old/attachments/videos/L23_Practice_Ch_11_ALTERED.mkv,110
1780513243,,,/home/btw/test/telegram-download-chat/cs211-old/attachments/videos/L18_Ch_10_Heap_Sort_Part_4_plus_Practice_ALTERED.mkv,132
1780513244,,,/home/btw/test/telegram-download-chat/cs211-old/attachments/videos/L14_Ch_9_Binary_Search_plus_Practice_for_all_chapter_ALTERED.mkv,144
1780513244,,,/home/btw/test/telegram-download-chat/cs211-old/attachments/videos/L10_Ch_8_Exercises_Explanation_ALTERED.mkv,122
1780513245,,,/home/btw/test/telegram-download-chat/cs211-old/attachments/videos/L06_Ch_7_Exercises_Explanation_ALTERED.mkv,122
1780513245,,,/home/btw/test/telegram-download-chat/cs211-old/attachments/videos/L03_Ch6_Exercises_Explanation_ALTERED.mkv,121
1780513267,,,/home/btw/uni/cs211/dr/1.mp4 [148LOQ9dl-u1pORmBcp-39mTaRhSpn2Yx]_ALTERED.mkv,89
1780516288,,,/home/btw/uni/cs211/dr/2.mp4 [1LBudcl06Ue2xRH7dkqXINmyfPmBs-EnY]_ALTERED.mkv,89
1780519769,,,/home/btw/uni/cs211/dr/1.mp4 [1LnieGugrZh5PH98cX2hSk6UhO2AKXMaX]_ALTERED.mkv,89
1780519795,,,/home/btw/uni/cs211/dr/2.mp4 [1mYq4dEAvTOA0VncT6dnvO9h4qW3JOC-I]_ALTERED.mkv,89
1780519804,,,/home/btw/uni/cs211/dr/2.mp4 [13f_Jomd39TS5OPV5UMUiv6aLwd-573vf]_ALTERED.mkv,89
1780519829,,,/home/btw/uni/cs211/dr/1.mp4 [148LOQ9dl-u1pORmBcp-39mTaRhSpn2Yx]_ALTERED.mkv,89
1780519853,,,/home/btw/uni/cs211/dr/_1.mp4 [1Algyx9Bw7bwVyP5exdiBlnz5Uom0X8Wv]_ALTERED.mkv,90
1780519862,,,/home/btw/uni/cs211/dr/2.mp4 [1LBudcl06Ue2xRH7dkqXINmyfPmBs-EnY]_ALTERED.mkv,89
1780519892,,,/home/btw/uni/cs211/dr/3.mp4 [1z2NI8KEmwyg6bVRoKk57KzkvuQH85E4y]_ALTERED.mkv,89
1780519909,,,/home/btw/uni/cs211/dr/2.mp4 [1mYq4dEAvTOA0VncT6dnvO9h4qW3JOC-I]_ALTERED.mkv,89
1780519915,,,/home/btw/uni/cs211/dr/3.mp4 [19uO76ntT08O9mgORY-qU9qLmbcKPygvD]_ALTERED.mkv,89
1780519931,,,/home/btw/uni/cs211/dr/_1.mp4 [1Algyx9Bw7bwVyP5exdiBlnz5Uom0X8Wv]_ALTERED.mkv,90
1780520713,,,/home/btw/uni/cs211/dr/471-1.mp4 [148LOQ9dl-u1pORmBcp-39mTaRhSpn2Yx]_ALTERED.mkv,93
1780524826,,,/home/btw/uni/cs211/dr/471-2.mp4 [1LBudcl06Ue2xRH7dkqXINmyfPmBs-EnY]_ALTERED.mkv,93
1780528129,,,/home/btw/uni/cs211/dr/471-3.mp4 [19uO76ntT08O9mgORY-qU9qLmbcKPygvD]_ALTERED.mkv,93
1780528134,,,/home/btw/uni/cs211/dr/471-2.mp4 [1LBudcl06Ue2xRH7dkqXINmyfPmBs-EnY]_ALTERED.mkv,93
1780528135,,,/home/btw/uni/cs211/dr/471-3.mp4 [19uO76ntT08O9mgORY-qU9qLmbcKPygvD]_ALTERED.mkv,93
1780528370,,,/home/btw/uni/cs211/dr/mp4/3.mp4 [19uO76ntT08O9mgORY-qU9qLmbcKPygvD].mp4,85
1780528420,,,/home/btw/uni/cs211/dr/471-3.mp4 [19uO76ntT08O9mgORY-qU9qLmbcKPygvD]_ALTERED.mkv,93
1780528953,,,/home/btw/uni/cs211/dr/mp4/3.mp4 [19uO76ntT08O9mgORY-qU9qLmbcKPygvD]_ALTERED.mkv,93
1780529643,,,/home/btw/uni/cs211/dr/mp4/3.mp4 [19uO76ntT08O9mgORY-qU9qLmbcKPygvD]_ALTERED.mkv,93
1780530124,,,/home/btw/uni/cs211/dr/mp4/3.mp4 [19uO76ntT08O9mgORY-qU9qLmbcKPygvD]_ALTERED.mkv,93
1780530481,,,/home/btw/uni/cs211/dr/mp4/3.mp4 [19uO76ntT08O9mgORY-qU9qLmbcKPygvD]_ALTERED.mkv,93
1780530490,,,/home/btw/uni/cs211/dr/mp4/3.mp4 [19uO76ntT08O9mgORY-qU9qLmbcKPygvD]_ALTERED.mp4,93
1780530528,,,/home/btw/uni/cs211/dr/471-3.mp4 [19uO76ntT08O9mgORY-qU9qLmbcKPygvD]_ALTERED.mkv,93
1780532512,,,/home/btw/uni/cs211/dr/471-3_ALTERED.mkv,53
1780532521,,,/home/btw/uni/cs211/dr/471-3_ALTERED.mkv,53
1780532574,,,/home/btw/uni/cs211/dr/471-3.mp4 [19uO76ntT08O9mgORY-qU9qLmbcKPygvD]_ALTERED.mkv,93
1780533068,,,/home/btw/uni/cs211/dr/452-1.mkv,45
1780533073,,,/home/btw/uni/cs211/dr/471-3.mkv,45
1780533968,,,/home/btw/uni/cs211/dr/471-3.mkv,45
1780535841,,,/home/btw/uni/cs211/dr/Revision_1.mkv,50
1780537648,,,/home/btw/uni/cs211/dr/Revision_2.mkv,50
1780543852,,,/home/btw/uni/cs211/dr/471-1.mkv,45
1780554299,,,/home/btw/uni/cs211/dr/471-1.mkv,45
1780619018,,,/home/btw/test/telegram-download-chat/jumpcutter/5.10 Binary Search Trees (BST) - Insertion and Deletion ｜ DSA Full Course [cySVml6e_Fc]_ALTERED.mkv,163
1780622209,,,/home/btw/test/telegram-download-chat/jumpcutter/test_1m-k.mp4,75
1780622973,,,/home/btw/test/telegram-download-chat/jumpcutter/test_1m_ALTERED.mkv,81
1780622992,,,/home/btw/test/telegram-download-chat/jumpcutter/test_1m.mp4,73
1780623347,,,/home/btw/test/telegram-download-chat/jumpcutter/5.10 Binary Search Trees (BST) - Insertion and Deletion ｜ DSA Full Course [cySVml6e_Fc]-k.mp4,157
1780624348,,,/home/btw/test/telegram-download-chat/jumpcutter/5.10 Binary Search Trees (BST) - Insertion and Deletion ｜ DSA Full Course [cySVml6e_Fc]-k.mp4,157
1780624494,,,/home/btw/test/telegram-download-chat/jumpcutter/5.10 Binary Search Trees (BST) - Insertion and Deletion ｜ DSA Full Course [cySVml6e_Fc]-k.mp4,157
1780629669,,,/home/btw/uni/math212/L40_3_after_mid_Sets_(function)-k.mp4,72
1780637985,,,/home/btw/uni/math212/math212_L37_1_after_mid_sets-k.mp4,69
1780638044,,,/home/btw/test/telegram-download-chat/attachments/videos/100_26 relations exercise.mp4,99
1780638124,,,/home/btw/uni/math212/math212_L37_1_after_mid_sets-k.mp4,69
1780638323,,,/home/btw/test/telegram-download-chat/attachments/videos/69_3 after mid Sets (function)-k.mp4,106
1780638527,,,/home/btw/test/telegram-download-chat/attachments/videos/math212_L37_1_after_mid_sets-k.mp4,104
1780638887,,,/home/btw/test/telegram-download-chat/attachments/videos/math212_L37_1_after_mid_sets-k.mp4,104
1780638937,,,/home/btw/test/telegram-download-chat/attachments/videos/math212_L37_1_after_mid_sets-k.mp4,104
1780638991,,,/home/btw/test/telegram-download-chat/attachments/videos/math212_L37_1_after_mid_sets-k.mp4,104
1780639526,,,/home/btw/test/telegram-download-chat/attachments/videos/math212_L37_1_after_mid_sets-k.mp4,104
1780639601,,,/home/btw/test/telegram-download-chat/attachments/videos/math212_L37_1_after_mid_sets-k.mp4,104
1780639630,,,/home/btw/uni/math212/math212_L37_1_after_mid_sets-k.mp4,69
1780639642,,,/home/btw/test/telegram-download-chat/attachments/videos/math212_L37_1_after_mid_sets-k.mp4,104
1780639763,,,/home/btw/test/telegram-download-chat/attachments/videos/math212_L37_1_after_mid_sets-k.mp4,104
1780639812,,,/home/btw/test/telegram-download-chat/attachments/videos/math212_L37_1_after_mid_sets-k.mp4,104
1780639921,,,/home/btw/test/telegram-download-chat/attachments/videos/math212_L37_1_after_mid_sets-k.mp4,104
1780639971,,,/home/btw/test/telegram-download-chat/attachments/videos/math212_L37_1_after_mid_sets-k.mp4,104
1780640727,,,/home/btw/test/telegram-download-chat/attachments/videos/math212_L37_1_after_mid_sets-k.mp4,104
1780641067,,,/home/btw/test/telegram-download-chat/attachments/videos/math212_L37_1_after_mid_sets-k.mp4,104
1780641148,,,/home/btw/test/telegram-download-chat/attachments/videos/math212_L37_1_after_mid_sets-k.mp4,104
1780641253,,,/home/btw/test/telegram-download-chat/attachments/videos/math212_L37_1_after_mid_sets-k.mp4,104
1780641322,,,/home/btw/test/telegram-download-chat/attachments/videos/math212_L37_1_after_mid_sets-k.mp4,104
1780641388,,,/home/btw/test/telegram-download-chat/attachments/videos/math212_L37_1_after_mid_sets-k.mp4,104
1780641539,,,/home/btw/test/telegram-download-chat/attachments/videos/math212_L37_1_after_mid_sets-k.mp4,104
1780641610,,,/home/btw/test/telegram-download-chat/attachments/videos/math212_L37_1_after_mid_sets-k.mp4,104
1780641684,,,/home/btw/test/telegram-download-chat/attachments/videos/math212_L37_1_after_mid_sets-k.mp4,104
1780641776,,,/home/btw/test/telegram-download-chat/attachments/videos/math212_L37_1_after_mid_sets-k.mp4,104
1780643024,,,/home/btw/uni/math212/math212_L37_1_after_mid_sets-k.mp4,69
1780661567,,,/home/btw/uni/math212/math212_L37_1_after_mid_sets-k.mp4,69
1780689661,,,/home/btw/Downloads/IMG_7739-k.mp4,47
1780689861,,,/home/btw/Downloads/IMG_7739-k.mp4,47
1780691231,,,/tmp/reverse-fixed.mp4,35
1780691284,,,/tmp/reverse-spike-test.mp4,40
1780693970,,,/home/btw/Downloads/IMG_7739-k.mp4,47
1780694116,,,/home/btw/Downloads/IMG_7739-k.mp4,47
1780694210,,,/home/btw/Downloads/IMG_7739-k.mp4,47
1780694290,,,/home/btw/Downloads/IMG_7739-k.mp4,47
1780694335,,,/home/btw/Downloads/IMG_7739-k.mp4,47
1780694371,,,/home/btw/Downloads/IMG_7739-k.mp4,47
1780703400,,,/home/btw/Downloads/IMG_7739-k.mp4,47
1780703634,,,/home/btw/Downloads/IMG_7739-k.mp4,47
1780703699,,,/home/btw/Downloads/IMG_7739-k.mp4,47
1780703782,,,/home/btw/Downloads/IMG_7739-k.mp4,47
1780704570,,,/home/btw/Downloads/IMG_7739-k.mp4,47
1780704613,,,/home/btw/Downloads/IMG_7739-k.mp4,47
1780704787,,,/home/btw/Downloads/jumpcutter_cache/IMG_7739-k.flac,65
1780705540,,,/home/btw/Downloads/IMG_7739-k.mp4,47
1780705597,,,/home/btw/Downloads/IMG_7739-k.mp4,47
1780706514,,,/home/btw/Downloads/IMG_7739-k.mp4,47
1780706571,,,/home/btw/Downloads/IMG_7739-k.mp4,47
1780706605,,,/home/btw/Downloads/IMG_7739-k.mp4,47
1780706700,,,/home/btw/Downloads/IMG_7739-k.mp4,47
1780707193,,,/home/btw/Downloads/IMG_7739-k.mp4,47
1780707252,,,/home/btw/Downloads/IMG_7739-k.mp4,47
1780707319,,,/home/btw/Downloads/IMG_7739-k.mp4,47
1780707369,,,/home/btw/Downloads/IMG_7739-k.mp4,47
1780708361,,,/home/btw/Downloads/IMG_7739-k.mp4,47
1780709270,,,/home/btw/Downloads/IMG_7739-k.mp4,47
1780709375,,,/home/btw/Downloads/IMG_7739-k.mp4,47
1780710631,,,/home/btw/Downloads/IMG_7739-k.mp4,47
1780714204,,,/home/btw/Downloads/IMG_7739-k.mp4,47
1780714237,,,/home/btw/Downloads/IMG_7739-k.mp4,47
1780719482,,,/home/btw/uni/math212/mid/math212_L28_29_solution_midterm_1-k.mp4,78
1780720355,,,/home/btw/Downloads/IMG_7739-k.mp4,47
1780720638,,,/home/btw/Downloads/Khambalah： A Mustache Ideology ｜ خمبلة： آيديولوجية شنب [eKeVoKqYHEA] (online-video-cutter.com).mp4,155
1780720723,,,/home/btw/Downloads/test-k.mp4,43
1780720783,,,/home/btw/Downloads/test-k.mp4,43
1780720908,,,/home/btw/Downloads/test-k.mp4,43
1780720933,,,/home/btw/Downloads/test-k.mp4,43
1780720986,,,/home/btw/Downloads/test_ALTERED.mp4,49
1780721017,,,/home/btw/Downloads/jumpcutter_cache/test-k.flac,61
1780721092,,,/home/btw/Downloads/lab 3.mp4,42
1780721107,,,/home/btw/Downloads/lab 3.mp4,42
1780721116,,,/home/btw/Downloads/lab 4 .mp4,43
1780721157,,,/home/btw/Downloads/test-k.mp4,43
1780721250,,,/home/btw/Downloads/test-k.mp4,43
1780722993,,,/home/btw/test/telegram-download-chat/attachments/videos/451748_اسطورة الرياض (11).mp4,111
1780723732,,,/home/btw/Downloads/IMG_7739-k.mp4,47
1780724159,,,/home/btw/Downloads/IMG_7739-k.mp4,47
1780726421,,,/home/btw/Downloads/IMG_7739-k.mp4,47
1780726472,,,/home/btw/Downloads/IMG_7739.MP4,45
1780726598,,,/home/btw/Downloads/IMG_7739.MP4,45
1780726602,,,/home/btw/Downloads/IMG_7739-k.mp4,47
1780726810,,,/home/btw/Downloads/test-k.mp4,43
1780726840,,,/home/btw/Downloads/test.mp4,41
1780726867,,,/home/btw/Downloads/test-k.mp4,43
1780726965,,,/home/btw/Downloads/test-k.mp4,43
1780727278,,,/home/btw/Downloads/test-k.mp4,43
1780728127,,,/home/btw/uni/math212/mid/yt/ch10_part1-k.mp4,58
1780728151,,,/home/btw/uni/math212/mid/yt/ch10_part1-k.mp4,58
1780728347,,,/home/btw/uni/math212/mid/yt/ch10_part1-k.mp4,58
1780728378,,,/home/btw/uni/math212/mid/yt/ch1_p1_part1-k.mp4,60
1780728416,,,/home/btw/uni/math212/mid/yt/ch1_p1_part1.mp4,58
1780728445,,,/home/btw/uni/math212/mid/yt/ch1_p1_part1-k.mp4,60
1780730535,,,/home/btw/uni/math212/mid/yt/ch1_p1_part2-k.mp4,60
1780742073,,,/home/btw/Downloads/test-k.mp4,43
1780742467,,,/home/btw/uni/math212/mid/yt/ch1_p1_part3-k.mp4,60
1780743772,,,/home/btw/uni/math212/mid/yt/ch1_p2_part2-k.mp4,60
1780744428,,,/home/btw/uni/math212/mid/yt/ch1_p1_part3-k.mp4,60
1780744538,,,/home/btw/uni/math212/mid/yt/ch1_p2_part2-k.mp4,60
1780744539,,,/home/btw/uni/math212/mid/yt/ch1_p1_part3-k.mp4,60
1780744541,,,/home/btw/uni/math212/mid/yt/ch1_p2_part2-k.mp4,60
1780744715,,,/home/btw/uni/math212/mid/yt/ch10_part1-k.mp4,58
1780744723,,,/home/btw/uni/math212/mid/yt/ch1_p2_part2-k.mp4,60
1780744725,,,/home/btw/uni/math212/mid/yt/ch1_p2_part1-k.mp4,60
1780746931,,,/home/btw/uni/math212/mid/yt/ch1_p2_part2-k.mp4,60
1780787580,,,/home/btw/uni/math212/mid/yt/ch1_p2_part2-k.mp4,60
1780792720,,,/home/btw/test/telegram-download-chat/attachments/videos/3_IMG_6499.MP4,84
1780795635,,,/mnt/ssd-cachy/telegram-download-chat/attachments/videos/math212_L01_img_6499-k.mp4,96
1780795838,,,/mnt/ssd-cachy/telegram-download-chat/attachments/videos/math212_L02_img_6505-k.mp4,96
1780795838,,,/mnt/ssd-cachy/telegram-download-chat/attachments/videos/math212_L04_video-k.mp4,93
1780795838,,,/mnt/ssd-cachy/telegram-download-chat/attachments/videos/math212_L07_video-k.mp4,93
1780795838,,,/mnt/ssd-cachy/telegram-download-chat/attachments/videos/math212_L10_video-k.mp4,93
1780795840,,,/mnt/ssd-cachy/telegram-download-chat/attachments/videos/math212_L09_video-k.mp4,93
1780795840,,,/mnt/ssd-cachy/telegram-download-chat/attachments/videos/math212_L07_video-k.mp4,93
1780795840,,,/mnt/ssd-cachy/telegram-download-chat/attachments/videos/math212_L06_video-k.mp4,93
1780795840,,,/mnt/ssd-cachy/telegram-download-chat/attachments/videos/math212_L04_video-k.mp4,93
1780795840,,,/mnt/ssd-cachy/telegram-download-chat/attachments/videos/math212_L02_img_6505-k.mp4,96
1780795840,,,/mnt/ssd-cachy/telegram-download-chat/attachments/videos/math212_L01_img_6499-k.mp4,96
1780796033,,,/mnt/ssd-cachy/telegram-download-chat/attachments/videos/math212_L02_img_6505-k.mp4,96
1780796518,,,/mnt/ssd-cachy/telegram-download-chat/attachments/videos/math212_L03_video-k.mp4,93
1780796536,,,/mnt/ssd-cachy/telegram-download-chat/attachments/videos/math212_L02_img_6505-k.mp4,96
1780796538,,,/mnt/ssd-cachy/telegram-download-chat/attachments/videos/math212_L01_img_6499-k.mp4,96
1780796544,,,/mnt/ssd-cachy/telegram-download-chat/attachments/videos/math212_L02_img_6505-k.mp4,96
1780796544,,,/mnt/ssd-cachy/telegram-download-chat/attachments/videos/math212_L03_video-k.mp4,93
1780796545,,,/mnt/ssd-cachy/telegram-download-chat/attachments/videos/math212_L04_video-k.mp4,93
1780796546,,,/mnt/ssd-cachy/telegram-download-chat/attachments/videos/math212_L05_video-k.mp4,93
1780797267,,,/mnt/ssd-cachy/telegram-download-chat/attachments/videos/math212_L06_video-k.mp4,93
1780797836,,,/mnt/ssd-cachy/telegram-download-chat/attachments/videos/math212_L07_video-k.mp4,93
1780798434,,,/mnt/ssd-cachy/telegram-download-chat/attachments/videos/math212_L08_video-k.mp4,93
1780798436,,,/mnt/ssd-cachy/telegram-download-chat/attachments/videos/math212_L07_video-k.mp4,93
1780798437,,,/mnt/ssd-cachy/telegram-download-chat/attachments/videos/math212_L06_video-k.mp4,93
1780798448,,,/mnt/ssd-cachy/telegram-download-chat/attachments/videos/math212_L05_video-k.mp4,93
1780798450,,,/mnt/ssd-cachy/telegram-download-chat/attachments/videos/math212_L04_video-k.mp4,93
1780798451,,,/mnt/ssd-cachy/telegram-download-chat/attachments/videos/math212_L05_video-k.mp4,93
1780798451,,,/mnt/ssd-cachy/telegram-download-chat/attachments/videos/math212_L06_video-k.mp4,93
1780798451,,,/mnt/ssd-cachy/telegram-download-chat/attachments/videos/math212_L07_video-k.mp4,93
1780798451,,,/mnt/ssd-cachy/telegram-download-chat/attachments/videos/math212_L08_video-k.mp4,93
1780798452,,,/mnt/ssd-cachy/telegram-download-chat/attachments/videos/math212_L07_video-k.mp4,93
1780798454,,,/mnt/ssd-cachy/telegram-download-chat/attachments/videos/math212_L08_video-k.mp4,93
1780798462,,,/mnt/ssd-cachy/telegram-download-chat/attachments/videos/math212_L07_video-k.mp4,93
1780798465,,,/mnt/ssd-cachy/telegram-download-chat/attachments/videos/math212_L08_video-k.mp4,93
1780798467,,,/mnt/ssd-cachy/telegram-download-chat/attachments/videos/math212_L07_video-k.mp4,93
1780798468,,,/mnt/ssd-cachy/telegram-download-chat/attachments/videos/math212_L08_video-k.mp4,93
1780798775,,,/mnt/ssd-cachy/telegram-download-chat/attachments/videos/math212_L09_video-k.mp4,93
1780799758,,,/mnt/ssd-cachy/telegram-download-chat/attachments/videos/math212_L01_img_6499-k.mp4,96
1780799766,,,/mnt/ssd-cachy/telegram-download-chat/attachments/videos/math212_L08_video-k.mp4,93
1780799784,,,/mnt/ssd-cachy/telegram-download-chat/attachments/videos/math212_L07_video-k.mp4,93
1780799791,,,/mnt/ssd-cachy/telegram-download-chat/attachments/videos/math212_L08_video-k.mp4,93
1780799791,,,/mnt/ssd-cachy/telegram-download-chat/attachments/videos/math212_L09_video-k.mp4,93
1780799845,,,/mnt/ssd-cachy/telegram-download-chat/attachments/videos/math212_L10_video-k.mp4,93
1780799902,,,/mnt/ssd-cachy/telegram-download-chat/attachments/videos/math212_L10_video-k.mp4,93
1780799904,,,/mnt/ssd-cachy/telegram-download-chat/attachments/videos/math212_L09_video-k.mp4,93
1780799907,,,/mnt/ssd-cachy/telegram-download-chat/attachments/videos/math212_L10_video-k.mp4,93
1780800140,,,/mnt/ssd-cachy/telegram-download-chat/attachments/videos/math212_L11_video-k.mp4,93
1780803277,,,/mnt/ssd-cachy/telegram-download-chat/attachments/videos/math212_L12_video-k.mp4,93
1780803909,,,/mnt/ssd-cachy/telegram-download-chat/attachments/videos/math212_L13_video-k.mp4,93
1780804585,,,/mnt/ssd-cachy/telegram-download-chat/attachments/videos/math212_L14_video-k.mp4,93
1780807089,,,/mnt/ssd-cachy/telegram-download-chat/attachments/videos/math212_L15_video-k.mp4,93
1780807270,,,/mnt/ssd-cachy/telegram-download-chat/attachments/videos/math212_L16_video-k.mp4,93
1780811275,,,/home/btw/Downloads/test-k.mp4,43
1780812041,,,/home/btw/Downloads/test-k.mp4,43
1780812562,,,/home/btw/Downloads/test-old-baseline.mp4,54
1780812567,,,/home/btw/Downloads/1tumj1s(1).svg,47
1780812573,,,/home/btw/Downloads/1tumj1s(1).svg,47
1780812618,,,/home/btw/Downloads/test-k.mp4,43
1780812922,,,/home/btw/Downloads/test-k.mp4,43
1780813037,,,/home/btw/Downloads/test-k.mp4,43
1780813642,,,/home/btw/Downloads/test-k.mp4,43
1780813697,,,/home/btw/Downloads/test-k.mp4,43
1780813762,,,/home/btw/Downloads/test.mp4,41
1780813804,,,/home/btw/Downloads/test-k.mp4,43
1780813975,,,/home/btw/Downloads/test-k.mp4,43
1780813983,,,/home/btw/Downloads/IMG_7739-k.mp4,47
1780814185,,,/home/btw/Downloads/IMG_7739-k.mp4,47
1780814407,,,/home/btw/Downloads/nawaf__oga-2061288545445195791-video1-k.mp4,76
1780814430,,,/home/btw/Downloads/nawaf__oga-2061288545445195791-video1-k.mp4,76
1780814594,,,/home/btw/Downloads/nawaf__oga-2061288545445195791-video1-k.mp4,76
1780814693,,,/home/btw/Downloads/nawaf__oga-2061288545445195791-video1-k.mp4,76
1780815427,,,/home/btw/Downloads/nawaf__oga-2061288545445195791-video1-k.mp4,76
1780815535,,,/home/btw/Downloads/nawaf__oga-2061288545445195791-video1-k.mp4,76
1780815590,,,/home/btw/Downloads/nawaf__oga-2061288545445195791-video1-k.mp4,76
1780816724,,,/home/btw/Downloads/nawaf__oga-2061288545445195791-video1-k.mp4,76
1780816802,,,/home/btw/Downloads/nawaf__oga-2061288545445195791-video1-k.mp4,76
1780816865,,,/home/btw/Downloads/nawaf__oga-2061288545445195791-video1-k.mp4,76
1780816920,,,/home/btw/Downloads/nawaf__oga-2061288545445195791-video1-k.mp4,76
1780818579,,,/home/btw/Downloads/nawaf__oga-2061288545445195791-video1-k.mp4,76
1780818626,,,/home/btw/Downloads/nawaf__oga-2061288545445195791-video1-k.mp4,76
1780818679,,,/home/btw/Downloads/nawaf__oga-2061288545445195791-video1-k.mp4,76
1780818723,,,/home/btw/Downloads/test-k.mp4,43
1780821201,,,/mnt/ssd-cachy/telegram-download-chat/attachments/videos/math212_L17_video-k.mp4,93
1780822070,,,/home/btw/Downloads/IMG_7739-k.mp4,47
1780823348,,,/home/btw/Downloads/IMG_7739_20min-k.mp4,53
1780823479,,,/home/btw/Downloads/IMG_7739-k.mp4,47
1780825787,,,/mnt/ssd-cachy/telegram-download-chat/attachments/videos/math212_L18_video-k.mp4,93
1780825920,,,/home/btw/Downloads/IMG_7739-k.mp4,47
1780826011,,,/home/btw/Downloads/IMG_7739-k.mp4,47
1780826079,,,/home/btw/Downloads/test-k.mp4,43
1780826130,,,/home/btw/Downloads/test-k.mp4,43
1780826501,,,/home/btw/Downloads/IMG_7739-k.mp4,47
1780826716,,,/home/btw/Downloads/IMG_7739-k.mp4,47
1780827424,,,/home/btw/Downloads/IMG_7739-k.mp4,47
1780827551,,,/home/btw/Downloads/IMG_7739-k.mp4,47
1780829298,,,/home/btw/Downloads/IMG_7739-adaptive.mp4,54
1780829383,,,/mnt/ssd-cachy/telegram-download-chat/attachments/videos/math212_L19_video-k.mp4,93
1780829908,,,/mnt/ssd-cachy/telegram-download-chat/attachments/videos/math212_L20_video-k.mp4,93
1780830345,,,/mnt/ssd-cachy/telegram-download-chat/attachments/videos/math212_L21_video-k.mp4,93
1780830754,,,/mnt/ssd-cachy/telegram-download-chat/attachments/videos/math212_L22_video-k.mp4,93
1780831836,,,/mnt/ssd-cachy/telegram-download-chat/attachments/videos/math212_L23_video-k.mp4,93
1780832006,,,/mnt/ssd-cachy/telegram-download-chat/attachments/videos/math212_L24_video-k.mp4,93
1780833059,,,/mnt/ssd-cachy/telegram-download-chat/attachments/videos/math212_L25_video-k.mp4,93
1780833115,,,/mnt/ssd-cachy/telegram-download-chat/attachments/videos/math212_L26_video-k.mp4,93
1780833118,,,/mnt/ssd-cachy/telegram-download-chat/attachments/videos/math212_L27_video-k.mp4,93
1780833120,,,/mnt/ssd-cachy/telegram-download-chat/attachments/videos/math212_L28_video-k.mp4,93
1780833120,,,/mnt/ssd-cachy/telegram-download-chat/attachments/videos/math212_L29_video-k.mp4,93
1780833121,,,/mnt/ssd-cachy/telegram-download-chat/attachments/videos/math212_L30_video-k.mp4,93
1780833124,,,/mnt/ssd-cachy/telegram-download-chat/attachments/videos/math212_L29_video-k.mp4,93
1780833126,,,/mnt/ssd-cachy/telegram-download-chat/attachments/videos/math212_L28_video-k.mp4,93
1780833127,,,/mnt/ssd-cachy/telegram-download-chat/attachments/videos/math212_L27_video-k.mp4,93
1780833128,,,/mnt/ssd-cachy/telegram-download-chat/attachments/videos/math212_L26_video-k.mp4,93
1780833131,,,/mnt/ssd-cachy/telegram-download-chat/attachments/videos/math212_L25_video-k.mp4,93
1780833132,,,/mnt/ssd-cachy/telegram-download-chat/attachments/videos/math212_L26_video-k.mp4,93
1780833136,,,/mnt/ssd-cachy/telegram-download-chat/attachments/videos/math212_L27_video-k.mp4,93
1780833138,,,/mnt/ssd-cachy/telegram-download-chat/attachments/videos/math212_L28_video-k.mp4,93
1780833138,,,/mnt/ssd-cachy/telegram-download-chat/attachments/videos/math212_L27_video-k.mp4,93
1780833141,,,/mnt/ssd-cachy/telegram-download-chat/attachments/videos/math212_L28_video-k.mp4,93
1780833142,,,/mnt/ssd-cachy/telegram-download-chat/attachments/videos/math212_L29_video-k.mp4,93
1780833146,,,/mnt/ssd-cachy/telegram-download-chat/attachments/videos/math212_L30_video-k.mp4,93
1780833174,,,/mnt/ssd-cachy/telegram-download-chat/attachments/videos/math212_L31_video-k.mp4,93
1780833181,,,/mnt/ssd-cachy/telegram-download-chat/attachments/videos/math212_L32_video-k.mp4,93
1780833186,,,/mnt/ssd-cachy/telegram-download-chat/attachments/videos/math212_L33_video-k.mp4,93
1780833188,,,/mnt/ssd-cachy/telegram-download-chat/attachments/videos/math212_L34_video-k.mp4,93
1780833189,,,/mnt/ssd-cachy/telegram-download-chat/attachments/videos/math212_L35_video-k.mp4,93
1780833192,,,/mnt/ssd-cachy/telegram-download-chat/attachments/videos/math212_L36_video-k.mp4,93
1780833196,,,/mnt/ssd-cachy/telegram-download-chat/attachments/videos/math212_L37_video-k.mp4,93
1780833197,,,/mnt/ssd-cachy/telegram-download-chat/attachments/videos/math212_L38_video-k.mp4,93
1780833198,,,/mnt/ssd-cachy/telegram-download-chat/attachments/videos/math212_L39_video-k.mp4,93
1780833201,,,/mnt/ssd-cachy/telegram-download-chat/attachments/videos/math212_L40_video-k.mp4,93
1780833205,,,/mnt/ssd-cachy/telegram-download-chat/attachments/videos/math212_L41_video-k.mp4,93
1780833207,,,/mnt/ssd-cachy/telegram-download-chat/attachments/videos/math212_L42_video-k.mp4,93
1780833210,,,/mnt/ssd-cachy/telegram-download-chat/attachments/videos/math212_L43_video-k.mp4,93
1780833214,,,/mnt/ssd-cachy/telegram-download-chat/attachments/videos/math212_L44_video-k.mp4,93
1780833217,,,/mnt/ssd-cachy/telegram-download-chat/attachments/videos/math212_L45_video-k.mp4,93
1780833219,,,/mnt/ssd-cachy/telegram-download-chat/attachments/videos/math212_L46_video-k.mp4,93
1780833219,,,/mnt/ssd-cachy/telegram-download-chat/attachments/videos/math212_L47_video-k.mp4,93
1780833221,,,/mnt/ssd-cachy/telegram-download-chat/attachments/videos/math212_L48_video-k.mp4,93
1780833222,,,/mnt/ssd-cachy/telegram-download-chat/attachments/videos/math212_L49_video-k.mp4,93
1780833223,,,/mnt/ssd-cachy/telegram-download-chat/attachments/videos/math212_L50_img_2315-k.mp4,96
1780833224,,,/mnt/ssd-cachy/telegram-download-chat/attachments/videos/math212_L53_img_2320-k.mp4,96
1780833225,,,/mnt/ssd-cachy/telegram-download-chat/attachments/videos/math212_L54_img_2331-k.mp4,96
1780833227,,,/mnt/ssd-cachy/telegram-download-chat/attachments/videos/math212_L55_video-k.mp4,93
1780833398,,,/mnt/ssd-cachy/telegram-download-chat/attachments/videos/math212_L56_video-k.mp4,93
1780836301,,,/mnt/ssd-cachy/telegram-download-chat/attachments/videos/math212_L57_video-k.mp4,93
1780836574,,,/home/btw/uni/math212/mid/yt/ch5_part1-k.mp4,57
1780836926,,,/home/btw/Downloads/test-k.mp4,43
1780836992,,,/home/btw/Downloads/test-k.mp4,43
1780837200,,,/home/btw/uni/math212/mid/yt/ch5_part1-k.mp4,57
1780867074,,,/home/btw/uni/math212/mid/yt/ch5_part1-k.mp4,57
1780867119,,,/home/btw/uni/math212/mid/yt/ch5_part1-k.mp4,57
1780867224,,,/home/btw/uni/math212/mid/yt/ch5_part1-k.mp4,57
1780867294,,,/home/btw/uni/math212/mid/yt/ch5_part1-k.mp4,57
1780867458,,,/home/btw/uni/math212/mid/yt/ch5_part1-k.mp4,57
1780867636,,,/mnt/ssd-cachy/telegram-download-chat/attachments/videos/math212_L56_video-k.mp4,93
1780867639,,,/mnt/ssd-cachy/telegram-download-chat/attachments/videos/math212_L55_video-k.mp4,93
1780867797,,,/mnt/ssd-cachy/telegram-download-chat/attachments/videos/math212_L54_img_2331-k.mp4,96
1780867798,,,/mnt/ssd-cachy/telegram-download-chat/attachments/videos/math212_L55_video-k.mp4,93
1780867800,,,/mnt/ssd-cachy/telegram-download-chat/attachments/videos/math212_L60_video-k.mp4,93
1780867801,,,/mnt/ssd-cachy/telegram-download-chat/attachments/videos/math212_L55_video-k.mp4,93
1780867802,,,/mnt/ssd-cachy/telegram-download-chat/attachments/videos/math212_L60_video-k.mp4,93
1780867803,,,/mnt/ssd-cachy/telegram-download-chat/attachments/videos/math212_L55_video-k.mp4,93
1780867803,,,/mnt/ssd-cachy/telegram-download-chat/attachments/videos/math212_L54_img_2331-k.mp4,96
1780867804,,,/mnt/ssd-cachy/telegram-download-chat/attachments/videos/math212_L55_video-k.mp4,93
1780867852,,,/mnt/ssd-cachy/telegram-download-chat/attachments/videos/math212_L55_video-k.mp4,93
1780868098,,,/mnt/ssd-cachy/telegram-download-chat/attachments/videos/math212_L55_video-k.mp4,93
1780868261,,,/mnt/ssd-cachy/telegram-download-chat/attachments/videos/math212_L56_video-k.mp4,93
1780869032,,,/mnt/ssd-cachy/telegram-download-chat/attachments/videos/math212_L57_video-k.mp4,93
1780869517,,,/mnt/ssd-cachy/telegram-download-chat/attachments/videos/math212_L60_video-k.mp4,93
1780869568,,,/mnt/ssd-cachy/telegram-download-chat/attachments/videos/math212_L61_video-k.mp4,93
1780869569,,,/mnt/ssd-cachy/telegram-download-chat/attachments/videos/math212_L60_video-k.mp4,93
1780869570,,,/mnt/ssd-cachy/telegram-download-chat/attachments/videos/math212_L61_video-k.mp4,93
1780869570,,,/mnt/ssd-cachy/telegram-download-chat/attachments/videos/math212_L62_video-k.mp4,93
1780869571,,,/mnt/ssd-cachy/telegram-download-chat/attachments/videos/math212_L63_video-k.mp4,93
1780869571,,,/mnt/ssd-cachy/telegram-download-chat/attachments/videos/math212_L64_video-k.mp4,93
1780869572,,,/mnt/ssd-cachy/telegram-download-chat/attachments/videos/math212_L65_video-k.mp4,93
1780869573,,,/mnt/ssd-cachy/telegram-download-chat/attachments/videos/math212_L64_video-k.mp4,93
1780869574,,,/mnt/ssd-cachy/telegram-download-chat/attachments/videos/math212_L63_video-k.mp4,93
1780869574,,,/mnt/ssd-cachy/telegram-download-chat/attachments/videos/math212_L64_video-k.mp4,93
1780869575,,,/mnt/ssd-cachy/telegram-download-chat/attachments/videos/math212_L65_video-k.mp4,93
1780869575,,,/mnt/ssd-cachy/telegram-download-chat/attachments/videos/math212_L64_video-k.mp4,93
1780869576,,,/mnt/ssd-cachy/telegram-download-chat/attachments/videos/math212_L63_video-k.mp4,93
1780869576,,,/mnt/ssd-cachy/telegram-download-chat/attachments/videos/math212_L62_video-k.mp4,93
1780869576,,,/mnt/ssd-cachy/telegram-download-chat/attachments/videos/math212_L61_video-k.mp4,93
1780869577,,,/mnt/ssd-cachy/telegram-download-chat/attachments/videos/math212_L60_video-k.mp4,93
1780869578,,,/mnt/ssd-cachy/telegram-download-chat/attachments/videos/math212_L57_video-k.mp4,93
1780869580,,,/mnt/ssd-cachy/telegram-download-chat/attachments/videos/math212_L60_video-k.mp4,93
1780869583,,,/mnt/ssd-cachy/telegram-download-chat/attachments/videos/math212_L57_video-k.mp4,93
1780870434,,,/home/btw/uni/math212/mid/yt/ch5_part1-k.mp4,57
1780870525,,,/home/btw/uni/math212/math212_L37_1_after_mid_sets-k.mp4,69
1780870556,,,/home/btw/uni/math212/math212_L50_14_relations-k.mp4,65
1780871380,,,/home/btw/uni/math212/old/math212_L50_14_relations-k.mp4,69
1780872314,,,/home/btw/uni/math212/old/math212_L51_15_relations-k.mp4,69
1780872813,,,/home/btw/uni/math212/old/math212_L51_15_relations-k.mp4,69
1780873569,,,/home/btw/uni/math212/old/math212_L52_16_relations-k.mp4,69
1780875160,,,/home/btw/uni/math212/old/math212_L53_17_relations-k.mp4,69
1780878147,,,/home/btw/uni/math212/old/math212_L54_18_relations-k.mp4,69
1780879698,,,/home/btw/uni/math212/math212_L50_14_relations-k.mp4,65
1780879720,,,/home/btw/uni/math212/math212_L60_24_relations_exercise-k.mp4,74
1780879743,,,/home/btw/uni/math212/math212_L56_20_representation_relations-k.mp4,80
1780879999,,,/home/btw/uni/math212/math212_L56_20_representation_relations-k.mp4,80
1780880051,,,/home/btw/uni/math212/old/math212_L37_1_after_mid_sets.mp4,71
1780880060,,,/home/btw/uni/math212/old/math212_L56_20_representation_relations.mp4,82
1780880089,,,/home/btw/uni/math212/old/math212_L56_20_representation_relations.mp4,82
1780880783,,,/home/btw/uni/math212/old/math212_L85_51_part_1_solution_model_4.mp4,81
1780880824,,,/home/btw/uni/math212/old/math212_L71_35_solution_exam_dr_abdel_nasser.mp4,87
1780881183,,,/home/btw/uni/math212/old/math212_L71_35_solution_exam_dr_abdel_nasser-k.mp4,89
1780881546,,,/home/btw/uni/math212/old/math212_L71_35_solution_exam_dr_abdel_nasser-k.mp4,89
1780881553,,,/home/btw/uni/math212/old/math212_L75_39_part_1_solution_model_3-k.mp4,83
1780881559,,,/home/btw/uni/math212/old/math212_L71_35_solution_exam_dr_abdel_nasser-k.mp4,89
1780884062,,,/home/btw/uni/math212/old/math212_L72_36_solution_model_2-k.mp4,76
1780886287,,,/home/btw/uni/math212/old/math212_L75_39_part_1_solution_model_3-k.mp4,83
1780888132,,,/home/btw/uni/math212/old/math212_L75_39_part_1_solution_model_3-k.mp4,83
1780888134,,,/home/btw/uni/math212/old/math212_L76_40_part_2_solution_model_3-k.mp4,83
1780889634,,,/home/btw/uni/math212/old/math212_L85_51_part_1_solution_model_4-k.mp4,83
1780892952,,,/home/btw/uni/math212/old/math212_L86_52_part_2_solution_model_4-k.mp4,83
1780893496,,,/home/btw/uni/math212/old/math212_L87_53_part_3_solution_model_4-k.mp4,83
1780894419,,,/home/btw/uni/math212/old/math212_L71_35_solution_exam_dr_abdel_nasser-k.mp4,89
1780895374,,,/home/btw/Downloads/شرح حل نموذج فاينل Math212 _ابو ملوك [qd-dpQAHBsY]-k.mp4,111
1780896161,,,/home/btw/uni/math212/old/math212_L72_36_solution_model_2-k.mp4,76
1780896173,,,/home/btw/uni/math212/old/math212_L75_39_part_1_solution_model_3-k.mp4,83
1780896178,,,/home/btw/uni/math212/old/math212_L76_40_part_2_solution_model_3-k.mp4,83
1780896179,,,/home/btw/uni/math212/old/math212_L75_39_part_1_solution_model_3-k.mp4,83
1780896181,,,/home/btw/uni/math212/old/math212_L76_40_part_2_solution_model_3-k.mp4,83
1780896181,,,/home/btw/uni/math212/old/math212_L75_39_part_1_solution_model_3-k.mp4,83
1780896181,,,/home/btw/uni/math212/old/math212_L76_40_part_2_solution_model_3-k.mp4,83
1780896181,,,/home/btw/uni/math212/old/math212_L75_39_part_1_solution_model_3-k.mp4,83
1780896182,,,/home/btw/uni/math212/old/math212_L76_40_part_2_solution_model_3-k.mp4,83
1780896182,,,/home/btw/uni/math212/old/math212_L75_39_part_1_solution_model_3-k.mp4,83
1780896182,,,/home/btw/uni/math212/old/math212_L76_40_part_2_solution_model_3-k.mp4,83
1780896183,,,/home/btw/uni/math212/old/math212_L75_39_part_1_solution_model_3-k.mp4,83
1780897490,,,/home/btw/uni/math212/math212_L56_20_representation_relations-k.mp4,80
1780897524,,,/home/btw/uni/math212/math212_L72_36_solution_model_2-k.mp4,72
1780897529,,,/home/btw/uni/math212/math212_L73_37_relations_and_sets_solution_quiz-k.mp4,88
1780897538,,,/home/btw/uni/math212/math212_L83_49_questions_induction_revision-k.mp4,84
1780897556,,,/home/btw/uni/math212/math212_L84_50_questions_induction_revision-k.mp4,84
1780898371,,,/home/btw/uni/math212/old/math212_L75_39_part_1_solution_model_3-k.mp4,83
1780898375,,,/home/btw/uni/math212/old/math212_L85_51_part_1_solution_model_4-k.mp4,83
1780899318,,,/home/btw/uni/math212/old/math212_L86_52_part_2_solution_model_4-k.mp4,83
1780899755,,,/home/btw/uni/math212/old/math212_L87_53_part_3_solution_model_4-k.mp4,83
1780917570,,,/home/btw/Downloads/test-subtitled.mkv,51
1780918962,,,/home/btw/Downloads/test-subtitled.mkv,51
1780923958,,,/mnt/ssd-cachy/telegram-download-chat/attachments/videos/coe211_L01_ch_1-k.mp4,91
1780958931,,,/mnt/ssd-cachy/telegram-download-chat/attachments/videos/coe211_L15_ch4_thevenin-k.mp4,99
1780959440,,,/mnt/ssd-cachy/telegram-download-chat/attachments/videos/coe211_L15_ch4_thevenin-k.mp4,99
1780989374,,,/mnt/ssd-cachy/telegram-download-chat/attachments/videos/coe211_L08_quiz_1_models-k.mp4,100
1780989390,,,/mnt/ssd-cachy/telegram-download-chat/attachments/videos/coe211_L01_ch_1-k.mp4,91
1780996241,,,/mnt/ssd-cachy/telegram-download-chat/attachments/videos/coe211_L15_ch4_thevenin-k.mp4,99
1780997331,,,/mnt/ssd-cachy/telegram-download-chat/attachments/videos/coe211_L15_ch4_thevenin-k.mp4,99
1780997340,,,/mnt/ssd-cachy/telegram-download-chat/attachments/videos/coe211_L15_ch4_thevenin-full.mp4,102
1781002886,,,/mnt/ssd-cachy/telegram-download-chat/attachments/videos/coe211_L01_ch_1-k.mp4,91
1781003674,,,/mnt/ssd-cachy/telegram-download-chat/attachments/videos/coe211_L01_ch_1-k.mp4,91
1781004699,,,/mnt/ssd-cachy/telegram-download-chat/attachments/videos/coe211_L01_ch_1-k.mp4,91
1781012097,,,/mnt/ssd-cachy/telegram-download-chat/attachments/videos/coe211_L01_ch_1-k.mp4,91
1781025543,29,Path of Blood (2018) Watch HD,https://www.dailymotion.com/video/x8jqhyq,85
1781027359,,,/home/btw/uni/coe223/L1-ch1_ALTERED.MP4,52
1781027382,,,/home/btw/uni/coe223/new/attachments/videos/cut/coe223_L01_lecture_1_start_ch_1-k.mp4,98
1781074422,,,/home/btw/Downloads/test-slim.mp4,46
1781074433,,,/home/btw/Downloads/test-slim.mp4,46
1781074876,,,/home/btw/Downloads/test-slim.mp4,46
1781075544,,,/home/btw/Downloads/test-slim.mp4,46
1781075553,,,/home/btw/Downloads/test-slim.mp4,46
1781077274,,,/mnt/ssd-cachy/telegram-download-chat/attachments/videos/coe211_L02_ch_2-slim.mp4,94
1781078443,,,/mnt/ssd-cachy/telegram-download-chat/attachments/videos/coe211_L02_ch_2-slim.mp4,94
1781078680,,,/mnt/ssd-cachy/telegram-download-chat/attachments/videos/coe211_L02_ch_2-slim.mp4,94
1781078975,,,/home/btw/Downloads/test-slim.mp4,46
1781079223,,,/home/btw/Downloads/test-subtitled.mkv,51
1781079242,,,/home/btw/Downloads/test-subtitled.mkv,51
1781079343,,,/home/btw/Downloads/test-slim.mp4,46
1781079631,,,/home/btw/Downloads/test-slim.mp4,46
1781080583,,,/mnt/ssd-cachy/telegram-download-chat/attachments/videos/coe211_L02_ch_2-slim.mp4,94
1781082119,,,/mnt/ssd-cachy/telegram-download-chat/attachments/videos/coe211_L02_ch_2-slim.mp4,94
1781083980,,,/mnt/ssd-cachy/telegram-download-chat/attachments/videos/coe211_L02_ch_2-slim.mp4,94
1781084116,,,/home/btw/uni/coe223/new/attachments/videos/cut2/coe223_L01_lecture_1_start_ch_1-k.mp4,99
1781084259,,,/home/btw/uni/coe223/new/attachments/videos/coe223_L14_exercise_ch_3_4_lecture_14-slim.mp4,103
1781084275,,,/home/btw/uni/coe223/new/attachments/videos/cut2/coe223_L14_exercise_ch_3_4_lecture_14-k.mp4,105
1781084415,,,/mnt/ssd-cachy/telegram-download-chat/attachments/videos/cut/coe211_L01_ch_1-k.mp4,95
1781085157,,,/mnt/ssd-cachy/telegram-download-chat/attachments/videos/cut/coe211_L02_ch_2-k.mp4,95
1781085307,,,/mnt/ssd-cachy/telegram-download-chat/attachments/videos/cut/coe211_L01_ch_1-k.mp4,95
1781085658,,,/home/btw/test/shasha/EPS01 [EPS01].f2809.mp4,58
1781085663,,,/home/btw/test/shasha/EPS01 [EPS01].fprogram_audio_0-Alternate_Audio.mp4,85
1781085672,,,/home/btw/test/shasha/EPS01 [EPS01].f2809.mp4,58
1781085728,,,/home/btw/test/shasha/EPS01_final.mp4,50
1781086618,,,/home/btw/test/shasha/video.mp4,44
1781086795,,,/home/btw/test/shasha/video-slim.mp4,49
1781087067,,,/home/btw/test/shasha/EPS01_final.mp4,50
1781087722,,,/home/btw/test/shasha/video-slim.mp4,49
1781087890,,,/home/btw/test/shasha/video-slim.mp4,49
1781087921,,,/home/btw/test/shasha/video.mp4,44
1781088417,,,/home/btw/test/shasha/video-slim.mp4,49
1781089109,,,/home/btw/test/shasha/video-slim.mp4,49
1781089250,,,/home/btw/test/shasha/video-slim.mp4,49
1781089428,,,/home/btw/test/shasha/video-slim.mp4,49
1781089684,,,/home/btw/test/shasha/video-slim.mp4,49
1781091109,,,/home/btw/test/shasha/EPS01.mp4,44
1781091390,,,/home/btw/test/shasha/EPS01.mp4,44
1781091568,,,/home/btw/test/shasha/EPS01.mp4,44
1781091678,,,/home/btw/test/shasha/video-slim.mp4,49
1781091717,,,/home/btw/test/shasha/EPS01.mp4,44
1781095833,,,/home/btw/test/shasha/am-slim.mp4,46
1781100133,,,/mnt/ssd-cachy/telegram-download-chat/attachments/videos/cut/coe211_L01_ch_1-k.mp4,95
1781100154,,,/mnt/ssd-cachy/telegram-download-chat/attachments/videos/cut/coe211_L01_ch_1-k.mp4,95
1781173363,,,/home/btw/wallpaper.mp4,36
1781173379,,,/home/btw/wallpaper.mp4,36
1781173388,,,/home/btw/wallpaper.mp4,36
1781173391,,,/home/btw/wallpaper.mp4,36
1781174512,,,/mnt/ssd-cachy/telegram-download-chat/attachments/videos/cut/coe211_L01_ch_1-k.mp4,95
1781175443,,,/home/btw/test/shasha/EPS02.mp4,44
1781177976,,,/home/btw/test/shasha/EPS03.mp4,44
1781180112,,,/mnt/ssd-cachy/telegram-download-chat/attachments/videos/cut/coe211_L02_ch_2-k.mp4,95
1781192575,,,/mnt/ssd-cachy/telegram-download-chat/attachments/videos/cut/coe211_L03_ch_3-k.mp4,95
1781193748,,,/mnt/ssd-cachy/telegram-download-chat/attachments/videos/cut/coe211_L03_ch_3-k.mp4,95
1781238434,,,/mnt/ssd-cachy/telegram-download-chat/attachments/videos/cut/coe211_L03_ch_3-k.mp4,95
1781241548,,,/mnt/ssd-cachy/telegram-download-chat/attachments/videos/cut/coe211_L08_quiz_1_models-k.mp4,104
1781244138,,,/mnt/ssd-cachy/telegram-download-chat/attachments/videos/cut/coe211_L10_mid_451-k.mp4,98
1781244524,,,/mnt/ssd-cachy/telegram-download-chat/attachments/videos/cut/coe211_L11_mid_452-k.mp4,98
1781244530,,,/mnt/ssd-cachy/telegram-download-chat/attachments/videos/cut/coe211_L10_mid_451-k.mp4,98
1781246489,,,/mnt/ssd-cachy/telegram-download-chat/attachments/videos/cut/coe211_L11_mid_452-k.mp4,98
1781247898,,,/mnt/ssd-cachy/telegram-download-chat/attachments/videos/coe211_L09_ch4_nodel_mesh.mp4,99
1781248801,,,/mnt/ssd-cachy/telegram-download-chat/attachments/videos/coe211_L09_ch4_nodel_mesh-slim.mp4,104
1781248871,,,/mnt/ssd-cachy/telegram-download-chat/attachments/videos/coe211_L09_ch4_nodel_mesh.mp4,99
1781249062,,,/mnt/ssd-cachy/telegram-download-chat/attachments/videos/coe211_L09_ch4_nodel_mesh.mp4,99
1781250491,,,/mnt/ssd-cachy/telegram-download-chat/attachments/videos/coe211_L09_ch4_nodel_mesh.mp4,99
1781261043,,,/mnt/ssd-cachy/telegram-download-chat/attachments/videos/coe211_L09_ch4_nodel_mesh-k.mp4,101
1781261083,,,/mnt/ssd-cachy/telegram-download-chat/attachments/videos/cut/coe211_L11_mid_452-k.mp4,98
1781261090,,,/mnt/ssd-cachy/telegram-download-chat/attachments/videos/cut/coe211_L09_ch4_nodel_mesh-k.mp4,105
1781278254,,,/mnt/ssd-cachy/telegram-download-chat/attachments/videos/cut/coe211_L10_mid_451-k.mp4,98
1781278256,,,/mnt/ssd-cachy/telegram-download-chat/attachments/videos/cut/coe211_L11_mid_452-k.mp4,98
1781278439,,,/mnt/ssd-cachy/telegram-download-chat/attachments/videos/cut/coe211_L12_mid_461-k.mp4,98
1781282511,,,/mnt/ssd-cachy/telegram-download-chat/attachments/videos/cut/coe211_L15_ch4_thevenin-k.mp4,103
1781285894,,,/home/btw/test/shasha/EPS01-slim.mp4,49
1781322627,,,/mnt/ssd-cachy/telegram-download-chat/attachments/videos/cut/coe211_L15_ch4_thevenin-k.mp4,103
1781323465,,,/mnt/ssd-cachy/telegram-download-chat/attachments/videos/cut/coe211_L15_ch4_thevenin-k.mp4,103
1781338330,,,/mnt/ssd-cachy/telegram-download-chat/attachments/videos/cut/coe211_L18_ch_6-k.mp4,95
1781345823,,,/mnt/ssd-cachy/telegram-download-chat/attachments/videos/cut/coe211_L19_ch_7-k.mp4,95
1781347442,,,/mnt/ssd-cachy/telegram-download-chat/attachments/videos/cut/coe211_L24_final_462-k.mp4,100
1781348495,,,/mnt/ssd-cachy/telegram-download-chat/attachments/videos/cut/coe211_L19_ch_7-k.mp4,95
1781348496,,,/mnt/ssd-cachy/telegram-download-chat/attachments/videos/cut/coe211_L18_ch_6-k.mp4,95
1781356581,,,/home/btw/Downloads/final-review-COE211.mp4,56
1781358794,,,/home/btw/Downloads/final-review-COE211-slim.mp4,61
1781399816,,,/home/btw/Downloads/coe211-451-slim.mp4,52
1781399910,,,/mnt/ssd-cachy/telegram-download-chat/attachments/videos/cut/coe211_L18_ch_6-k.mp4,95
1781399924,,,/mnt/ssd-cachy/telegram-download-chat/attachments/videos/cut/coe211_L25_final_451-k.mp4,100
1781404044,,,/mnt/ssd-cachy/telegram-download-chat/attachments/videos/cut/coe211_L24_final_462-k.mp4,100
1781404044,,,/mnt/ssd-cachy/telegram-download-chat/attachments/videos/cut/coe211_L19_ch_7-k.mp4,95
1781404046,,,/mnt/ssd-cachy/telegram-download-chat/attachments/videos/cut/coe211_L24_final_462-k.mp4,100
1781408746,,,/mnt/ssd-cachy/telegram-download-chat/attachments/videos/cut/coe211_L25_final_451-k.mp4,100
1781423524,,,/home/btw/uni/coe223/new/attachments/videos/slim/coe223_L01_lecture_1_start_ch_1-slim.mp4,102
1781423665,,,/home/btw/uni/coe223/new/attachments/videos/slim/coe223_L01_lecture_1_start_ch_1-slim.mp4,102
1781424284,,,/home/btw/uni/coe223/new/attachments/videos/slim/coe223_L01_lecture_1_start_ch_1-slim.mp4,102
1781424670,,,/home/btw/uni/coe223/new/attachments/videos/coe223_L14_exercise_ch_3_4_lecture_14.mp4,98
1781424687,,,/home/btw/uni/coe223/new/attachments/videos/slim/coe223_L14_exercise_ch_3_4_lecture_14-slim.mp4,108
1781445777,,,/home/btw/uni/coe223/new/attachments/videos/coe223_L14_exercise_ch_3_4_lecture_14.mp4,98
1781445786,,,/home/btw/uni/coe223/new/attachments/videos/coe223_L13_end_ch_4_lecture_13.mp4,91
1781445787,,,/home/btw/uni/coe223/new/attachments/videos/coe223_L12_all_ch_3_start_ch_4_lecture_12.mp4,102
1781445787,,,/home/btw/uni/coe223/new/attachments/videos/coe223_L11_end_ch_2_and_exercise_lecture_11.mp4,104
1781445788,,,/home/btw/uni/coe223/new/attachments/videos/coe223_L10_lecture_10.mp4,82
1781445788,,,/home/btw/uni/coe223/new/attachments/videos/coe223_L09_lecture_9.mp4,81
1781445788,,,/home/btw/uni/coe223/new/attachments/videos/coe223_L08_lecture_8.mp4,81
1781445788,,,/home/btw/uni/coe223/new/attachments/videos/coe223_L07_lecture_7_start_ch_2.mp4,92
1781445788,,,/home/btw/uni/coe223/new/attachments/videos/coe223_L06_lecture_6_exercises_ch_1.mp4,96
1781445789,,,/home/btw/uni/coe223/new/attachments/videos/coe223_L05_lecture_5_end_ch_1.mp4,90
1781445789,,,/home/btw/uni/coe223/new/attachments/videos/coe223_L04_lecture_4.mp4,81
1781445789,,,/home/btw/uni/coe223/new/attachments/videos/coe223_L03_lecture_3.mp4,81
1781445789,,,/home/btw/uni/coe223/new/attachments/videos/coe223_L02_lecture_2.mp4,81
1781445789,,,/home/btw/uni/coe223/new/attachments/videos/coe223_L01_lecture_1_start_ch_1.mp4,92
1781445802,,,/home/btw/uni/coe223/new/attachments/videos/slim/coe223_L01_lecture_1_start_ch_1-slim.mp4,102
1781447959,,,/home/btw/uni/coe223/new/attachments/videos/slim/coe223_L01_lecture_1_start_ch_1-slim.mp4,102
1781447974,,,/home/btw/uni/coe223/new/attachments/videos/slim/coe223_L01_lecture_1_start_ch_1-slim.mp4,102
1781451341,,,/home/btw/uni/coe223/new/attachments/videos/slim/coe223_L02_lecture_2-slim.mp4,91
1781460061,,,/home/btw/uni/coe223/new/attachments/videos/slim/coe223_L03_lecture_3-slim.mp4,91
1781460320,,,/home/btw/uni/coe223/new/attachments/videos/cut2/coe223_L01_lecture_1_start_ch_1-k.mp4,99
1781460322,,,/home/btw/uni/coe223/new/attachments/videos/cut2/coe223_L02_lecture_2-k.mp4,88
1781460323,,,/home/btw/uni/coe223/new/attachments/videos/cut2/coe223_L03_lecture_3-k.mp4,88
1781493433,,,/home/btw/uni/coe223/new/attachments/videos/coe223_L01_lecture_1_start_ch_1.mp4,92
1781493451,,,/home/btw/uni/coe223/new/attachments/videos/slim/coe223_L03_lecture_3-slim.mp4,91
1781493533,,,/home/btw/uni/coe223/new/attachments/videos/coe223_L01_lecture_1_start_ch_1.mp4,92
1781493534,,,/home/btw/uni/coe223/new/attachments/videos/coe223_L02_lecture_2.mp4,81
1781493535,,,/home/btw/uni/coe223/new/attachments/videos/coe223_L03_lecture_3.mp4,81
1781495412,,,/home/btw/uni/coe223/new/attachments/videos/slim/coe223_L03_lecture_3-slim.mp4,91
1781495415,,,/home/btw/uni/coe223/new/attachments/videos/slim/coe223_L04_lecture_4-slim.mp4,91
1781495680,,,/home/btw/uni/coe223/new/attachments/videos/cut2/coe223_L03_lecture_3-k.mp4,88
1781495681,,,/home/btw/uni/coe223/new/attachments/videos/cut2/coe223_L04_lecture_4-k.mp4,88
1781495682,,,/home/btw/uni/coe223/new/attachments/videos/cut2/coe223_L05_lecture_5_end_ch_1-k.mp4,97
1781495683,,,/home/btw/uni/coe223/new/attachments/videos/cut2/coe223_L04_lecture_4-k.mp4,88
1781495757,,,/home/btw/uni/coe223/new/attachments/videos/coe223_L04_lecture_4.mp4,81
1781499152,,,/home/btw/uni/coe223/new/attachments/videos/coe223_L05_lecture_5_end_ch_1.mp4,90
1781500252,,,/home/btw/uni/coe223/new/attachments/videos/coe223_L06_lecture_6_exercises_ch_1.mp4,96
1781503563,,,/home/btw/uni/coe223/new/attachments/videos/coe223_L07_lecture_7_start_ch_2.mp4,92
1781503580,,,/home/btw/uni/coe223/new/attachments/videos/slim/coe223_L04_lecture_4-slim.mp4,91
1781503582,,,/home/btw/uni/coe223/new/attachments/videos/slim/coe223_L05_lecture_5_end_ch_1-slim.mp4,100
1781503583,,,/home/btw/uni/coe223/new/attachments/videos/slim/coe223_L06_lecture_6_exercises_ch_1-slim.mp4,106
1781503585,,,/home/btw/uni/coe223/new/attachments/videos/slim/coe223_L07_lecture_7_start_ch_2-slim.mp4,102
1781505742,,,/home/btw/uni/coe223/new/attachments/videos/coe223_L08_lecture_8.mp4,81
1781507454,,,/home/btw/uni/coe223/new/attachments/videos/coe223_L09_lecture_9.mp4,81
1781511181,,,/home/btw/uni/coe223/new/attachments/videos/coe223_L10_lecture_10.mp4,82
1781514389,,,/home/btw/uni/coe223/new/attachments/videos/coe223_L11_end_ch_2_and_exercise_lecture_11.mp4,104
1781521617,,,/home/btw/uni/coe223/new/attachments/videos/coe223_L12_all_ch_3_start_ch_4_lecture_12.mp4,102
1781523768,,,/home/btw/uni/coe223/new/attachments/videos/coe223_L13_end_ch_4_lecture_13.mp4,91
1781532480,,,/home/btw/uni/coe223/new/attachments/videos/coe223_L03_lecture_3.mp4,81
1781532500,,,/home/btw/uni/coe223/new/attachments/videos/coe223_L12_all_ch_3_start_ch_4_lecture_12.mp4,102
1781532574,,,/home/btw/uni/coe223/new/attachments/videos/coe223_L13_end_ch_4_lecture_13.mp4,91
1781533263,,,/home/btw/uni/coe223/new/attachments/videos/coe223_L14_exercise_ch_3_4_lecture_14.mp4,98
1781586782,,,/home/btw/uni/coe223/new/attachments/videos/coe223_L14_exercise_ch_3_4_lecture_14.mp4,98
1781589701,,,/home/btw/uni/coe223/new/attachments/videos/coe223_L01_lecture_1_start_ch_1.mp4,92
1781589705,,,/home/btw/uni/coe223/new/attachments/videos/coe223_L06_lecture_6_exercises_ch_1.mp4,96
1781589797,,,/home/btw/uni/coe223/new/attachments/videos/slim/coe223_L07_lecture_7_start_ch_2-slim.mp4,102
1781589800,,,/home/btw/uni/coe223/new/attachments/videos/slim/coe223_L06_lecture_6_exercises_ch_1-slim.mp4,106
1781613248,,,/home/btw/test/الصندوق الأسود - داوود الشريان [Shasha][1080p][MS]/The Black Box - Dawood Al-Shirian - S01E01.mkv,150
1781613277,,,/home/btw/test/الصندوق الأسود - داوود الشريان [Shasha][1080p][MS]/The Black Box - Dawood Al-Shirian - S01E02.mkv,150
1781614260,,,/home/btw/test/الصندوق الأسود - داوود الشريان [Shasha][1080p][MS]/The.Black.Box.Dawood.Al.Shirian.S01E04.1080p.SHA.WEB-DL.AAC2.0.H.264-POWER-slim.mkv,187
1781679463,14,Bronson (2008),/mnt/my-zfs/mediarr/torrent/arch/Bronson.2008.BluRay.1080p.DTS-HD.MA.5.1.AVC.HYBRID.REMUX-FraMeSToR.mkv,132
1781679484,14,Bronson (2008),/mnt/my-zfs/mediarr/torrent/arch/Bronson.2008.BluRay.1080p.DTS-HD.MA.5.1.AVC.HYBRID.REMUX-FraMeSToR.mkv,132
1781680554,14,Bronson (2008),/mnt/my-zfs/mediarr/torrent/arch/Bronson.2008.BluRay.1080p.DTS-HD.MA.5.1.AVC.HYBRID.REMUX-FraMeSToR.mkv,132
1781703958,,,/home/btw/2026-06-17 16-42-56.mp4,46
1782477129,,,/home/btw/test/hxh/Video1_Twitter_720p.mp4,55
1782477226,,,/home/btw/test/hxh/Video1_Twitter_720p.mp4,55
1782477241,,,/home/btw/test/hxh/Video1_Twitter_720p.mp4,55
1782477496,,,/home/btw/test/hxh/Video1_Twitter_720p.mp4,55
1782477701,,,/home/btw/test/hxh/Video1_Twitter_720p.mp4,55
1782483250,,,/home/btw/test/hxh/Video1_Twitter_720p.mp4,55
